-0.33306	-0.596789	0.737585
-0.308735	-0.628479	0.776752
-0.426555	-1.20805	1.49305
-0.379386	-1.24767	1.54203
-0.17069	-1.31021	1.61931
-0.161172	-1.328	1.6413
0.790941	-1.15427	1.42658
1.525	-1.16888	1.44465
1.54784	-1.16256	1.43684
-0.381255	-1.16326	1.44382
-0.242654	-1.10128	1.36689
-0.238151	-1.15097	1.42857
0.928123	-1.24358	1.54352
1.05709	-0.976994	1.21263
1.01439	-0.933674	1.15886
1.0334	-0.888915	1.10331
1.33187	-1.09106	1.35421
1.54769	-1.16926	1.45127
1.57498	-1.1701	1.45231
1.49927	-1.09923	1.36435
1.53145	-1.11915	1.38908
-0.390508	-0.693792	0.86481
-0.383624	-1.13452	1.41418
-0.281651	-1.15547	1.44029
1.27627	-1.17454	1.46407
1.32688	-1.07056	1.33445
1.51018	-1.10614	1.3788
-0.487506	-1.22406	1.53234
-0.421974	-1.09681	1.37305
-0.244522	-1.1003	1.37741
-0.156112	-1.14393	1.43203
-0.132867	-1.12204	1.40463
0.347859	-1.13724	1.42366
-0.286155	-0.562428	0.707114
-0.445354	-1.16629	1.46632
-0.432755	-1.1898	1.49588
-0.449627	-1.30105	1.63575
0.731619	-1.2156	1.52831
1.40536	-1.26657	1.5924
1.47878	-1.26063	1.58493
1.64201	-1.21237	1.52426
1.56443	-1.14361	1.4378
1.55138	-1.10836	1.39349
-0.393969	-1.10606	1.39662
-0.390009	-1.1697	1.47698
-0.296958	-1.06516	1.34497
-0.330951	-1.20679	1.52382
0.647836	-1.22913	1.55202
1.12683	-1.36164	1.71934
1.06364	-1.0257	1.29515
1.54857	-1.39531	1.76186
1.59741	-1.15502	1.45845
-0.35671	-0.617966	0.783702
-0.403905	-1.11479	1.41377
-0.378732	-1.17926	1.49553
-0.247693	-1.12302	1.4242
1.5522	-1.08531	1.37639
-0.352925	-0.603965	0.769294
-0.399305	-0.774661	0.986717
-0.503147	-1.02163	1.30129
-0.260636	-1.00917	1.28543
-0.263433	-1.07749	1.37244
0.736048	-0.922305	1.17478
0.990553	-1.21328	1.54541
1.65364	-1.17373	1.49502
-0.354232	-1.19551	1.52945
-0.291238	-1.08418	1.38702
-0.179945	-1.21019	1.54823
1.85701	-1.50909	1.93062
1.60782	-1.14744	1.46796
1.70247	-1.19919	1.53416
1.56424	-1.08075	1.38264
1.58479	-1.08458	1.38754
1.6077	-1.0968	1.40317
-0.351109	-0.600322	0.771398
-0.46399	-1.12227	1.44208
-0.393836	-1.19329	1.53334
0.773221	-0.960414	1.23411
1.3502	-1.13495	1.45839
-0.568386	-1.16061	1.49796
-0.44166	-0.748484	0.97034
-0.319411	-0.614303	0.796387
-0.512778	-1.49792	1.94191
-0.333003	-1.10906	1.43779
1.09309	-1.29363	1.67707
1.6708	-1.13196	1.46748
1.63611	-1.0946	1.41904
-0.29253	-1.14877	1.49592
-0.16908	-1.11715	1.45475
0.519306	-1.26018	1.64101
-1.61549	-1.11487	1.4583
-0.519116	-0.86507	1.13155
-0.296101	-1.13664	1.48677
1.23138	-1.46049	1.91039
1.27579	-1.15222	1.50715
1.19656	-1.0323	1.35029
1.43457	-1.19391	1.56169
1.38583	-1.04282	1.36406
-1.62513	-1.11649	1.46701
-0.278338	-0.52346	0.687797
-0.343565	-1.12896	1.48339
-0.351919	-1.1747	1.54349
-0.255596	-1.14218	1.50076
0.719118	-0.868521	1.14119
1.38557	-1.04165	1.36866
-1.59187	-1.10672	1.46076
-0.283279	-1.13955	1.50409
-0.189465	-1.0692	1.41123
-0.154941	-1.19544	1.57785
1.06748	-1.36133	1.79682
1.58894	-1.31568	1.73655
1.73134	-1.13062	1.49229
-1.58639	-1.10892	1.47032
-1.50769	-1.061	1.40678
-0.387054	-1.1055	1.46579
-0.370147	-1.15156	1.52685
-0.477394	-1.65782	2.1981
0.355297	-1.06525	1.41241
0.58309	-1.37402	1.82181
1.36712	-1.21291	1.6082
-1.53831	-1.07401	1.43054
-0.809281	-1.31407	1.75028
-0.467401	-1.643	2.18842
0.385536	-1.0737	1.43013
0.622704	-1.1397	1.51804
2.55471	-2.00154	2.66598
-1.59378	-1.07521	1.43871
-1.53482	-1.07751	1.4418
-0.42799	-1.22807	1.64325
-0.2309	-1.3208	1.76733
0.83963	-1.03118	1.3798
1.27694	-1.12259	1.50211
-1.64917	-1.11108	1.49357
-1.48937	-1.05874	1.42321
-1.46124	-1.04594	1.40601
-0.430287	-0.783997	1.05389
-0.398899	-1.09391	1.47049
-0.208548	-1.09666	1.47419
-0.142055	-1.00253	1.34766
0.848996	-1.01387	1.36289
1.12846	-1.15966	1.55887
-1.46964	-1.04348	1.4092
-0.262997	-0.421184	0.5688
-0.28578	-1.06255	1.43495
-0.204968	-1.10093	1.48678
-0.12331	-1.04495	1.41118
0.338133	-1.00981	1.36373
-1.6754	-1.1445	1.55282
-0.410976	-0.741902	1.00659
-0.388952	-1.05679	1.43382
-0.407598	-1.16964	1.58693
-0.279448	-1.09359	1.48374
-0.1669	-0.968277	1.31373
-0.177443	-1.12525	1.5267
-0.142361	-1.15322	1.56464
0.341282	-1.04488	1.41766
-1.74334	-1.19334	1.62666
-1.47847	-1.07343	1.4632
-1.46622	-1.07219	1.46151
-0.249022	-1.1719	1.59744
-0.237463	-1.17171	1.59717
0.189079	-1.01865	1.38854
0.851334	-1.13385	1.54556
1.03095	-1.23557	1.68423
1.32655	-1.15458	1.57382
1.84954	-1.42668	1.94473
-0.340137	-0.608305	0.833085
-0.580443	-1.36309	1.86678
-0.352828	-1.11235	1.52339
-0.171761	-1.07908	1.47781
0.372339	-1.14652	1.57019
1.70491	-1.31394	1.79947
-1.56056	-1.08375	1.49123
-0.322397	-0.506741	0.697269
0.397612	-1.03055	1.41802
1.83696	-1.56379	2.15176
-1.60883	-1.11972	1.54803
-1.38125	-1.033	1.42814
-0.324266	-0.564499	0.780429
-0.413147	-1.13171	1.5646
-0.326762	-1.08826	1.50453
-0.323539	-1.134	1.56778
-0.226225	-1.21883	1.68505
-0.147891	-1.13088	1.56346
1.14013	-1.30126	1.79901
1.76602	-1.51551	2.09521
-1.62858	-1.13995	1.58351
-1.38849	-1.02206	1.41975
-0.436094	-0.768919	1.06811
-0.402583	-1.08275	1.50406
-0.231702	-1.20992	1.6807
1.26636	-1.13497	1.5766
1.26729	-1.08701	1.50997
-1.70701	-1.15671	1.61449
-1.39035	-1.04159	1.45381
-1.37052	-1.03453	1.44396
0.248211	-0.991046	1.38326
0.631342	-1.1861	1.65551
-1.40986	-1.06724	1.49678
-0.494137	-1.10746	1.55319
-0.353824	-1.08928	1.52769
-1.63154	-1.15817	1.63216
-1.35026	-1.02505	1.44456
-0.440578	-0.759013	1.06965
-0.439549	-0.980376	1.3816
-0.184546	-1.20124	1.69285
0.462246	-1.09912	1.54894
0.522985	-1.09766	1.54688
1.29127	-1.1012	1.55188
1.75962	-1.22465	1.72585
-1.36605	-1.04005	1.47283
-0.395746	-1.05833	1.4987
-0.345551	-1.00656	1.42539
0.365527	-1.01161	1.43255
-1.34039	-1.04815	1.49155
-0.492196	-0.83245	1.18459
-0.351583	-0.975621	1.38833
-0.183591	-1.14557	1.63017
0.389794	-1.05857	1.50637
0.928844	-1.1054	1.57301
0.99165	-1.12518	1.60116
1.32487	-1.13367	1.61323
1.07178	-0.804128	1.14429
1.34803	-0.984848	1.40146
1.46367	-0.958006	1.36326
-1.64999	-1.18857	1.69967
-1.32789	-1.01698	1.45429
-1.32341	-1.02571	1.46677
-1.34767	-1.05292	1.50569
-0.451355	-1.07759	1.54096
-0.412689	-1.22694	1.75453
-0.163937	-0.810376	1.15884
-0.167314	-0.947868	1.35546
0.389475	-1.06741	1.5264
1.27423	-1.0898	1.55842
1.39141	-1.01539	1.45201
-1.62951	-1.15519	1.66008
-1.43721	-1.06177	1.52582
-1.29611	-1.02839	1.47785
-0.539392	-0.903362	1.29818
-0.327182	-0.552753	0.794339
-0.484751	-1.0484	1.50661
-0.390549	-1.07316	1.5422
-0.383866	-1.07004	1.5377
1.08944	-1.29175	1.85632
0.792468	-0.911627	1.31006
1.30784	-1.22072	1.75425
1.85995	-1.27395	1.83073
-1.72079	-1.17504	1.69697
-1.30963	-1.0469	1.51192
-0.307359	-0.45673	0.659601
-0.405839	-1.0091	1.45733
-0.264695	-1.03245	1.49105
-0.24118	-1.02392	1.47872
-1.28206	-1.01555	1.47395
-1.31065	-1.05128	1.5258
-0.306556	-0.5128	0.744264
-0.48345	-1.03527	1.50256
-0.419191	-1.02388	1.48603
-0.273607	-1.06192	1.54125
0.250811	-1.07062	1.55386
-1.29169	-1.03964	1.51645
-0.316243	-0.521801	0.761119
-0.336471	-0.980704	1.43049
-0.260694	-1.0494	1.53069
-0.216579	-1.0235	1.49291
-0.202385	-1.00645	1.46805
0.568288	-1.20371	1.75578
0.586704	-1.05473	1.53846
0.59819	-0.974068	1.42081
2.53238	-2.05975	3.00442
-1.30209	-1.05166	1.54171
-1.22616	-1.00318	1.47064
-1.18071	-0.983007	1.44106
-0.319945	-0.464768	0.681339
-0.319367	-0.87268	1.27933
-0.258594	-1.08153	1.5855
-0.178018	-0.955842	1.40124
-0.159114	-0.963749	1.41283
0.376862	-1.32606	1.94397
0.901633	-1.06102	1.55543
0.946517	-1.07376	1.57411
2.12607	-1.38331	2.0279
-1.46807	-1.13145	1.66707
-1.28428	-1.04999	1.54705
-0.512188	-1.05674	1.55699
-0.303555	-1.0939	1.61174
-0.255301	-1.0864	1.60069
-0.237295	-1.11017	1.63571
-0.2204	-1.17745	1.73484
0.582249	-0.930648	1.37121
-1.20679	-0.994609	1.47289
-0.408429	-1.00337	1.48586
-0.32656	-0.952118	1.40997
-0.309944	-1.0142	1.5019
0.624744	-1.10625	1.63821
0.815858	-0.956368	1.41626
1.03815	-1.13855	1.68606
1.52246	-1.01194	1.49855
-1.27704	-1.06117	1.57949
-1.26962	-1.0645	1.58444
-0.397871	-0.654706	0.974491
-0.338908	-0.862282	1.28346
-0.311825	-0.948853	1.41231
-0.242036	-1.21121	1.80282
0.351175	-0.965595	1.43723
0.476817	-1.12797	1.67891
0.635054	-0.963863	1.43465
0.79575	-0.889102	1.32338
1.32616	-1.06617	1.58694
1.618	-1.04404	1.55398
-1.20335	-0.999285	1.49501
-0.160928	-0.925493	1.38461
0.402839	-0.948094	1.41843
0.685241	-0.761718	1.13959
1.3116	-1.12688	1.6859
1.0933	-0.889831	1.33126
1.35816	-1.09103	1.63228
1.39312	-0.946794	1.41648
2.12521	-1.36905	2.04822
-0.365707	-1.05	1.57899
-0.361614	-1.07161	1.6115
-0.268347	-0.947469	1.42481
0.600046	-1.15557	1.73775
0.780198	-1.02219	1.53717
0.803225	-0.872588	1.3122
1.76071	-1.19486	1.79683
-1.18573	-1.00609	1.5208
-0.467982	-0.738704	1.11663
-0.34536	-1.0881	1.64478
-0.251827	-1.04453	1.57891
-0.248637	-1.08013	1.63273
-0.197155	-1.05663	1.5972
0.337466	-1.05361	1.59264
0.373117	-0.981245	1.48325
0.460184	-0.984449	1.4881
0.711723	-1.0383	1.5695
1.14888	-1.0935	1.65294
1.22529	-1.08203	1.6356
1.1306	-0.837229	1.26556
-1.20181	-1.00515	1.52731
-1.1542	-0.992616	1.50827
-1.16391	-1.01049	1.53543
-0.375762	-1.08462	1.64806
-0.344631	-1.04431	1.58681
-0.202575	-0.942405	1.43197
-0.186453	-0.994093	1.51051
0.613828	-1.19487	1.81558
0.964974	-1.06897	1.62428
1.02539	-1.02403	1.55599
1.29019	-1.228	1.86593
1.55761	-1.23198	1.87198
-1.14802	-1.00585	1.53638
-0.371807	-0.575849	0.879581
-0.32769	-0.926282	1.41485
-0.264266	-0.974588	1.48864
-0.132876	-0.772436	1.17986
0.665397	-1.04363	1.59409
1.04958	-1.16369	1.77748
0.906152	-0.915251	1.398
1.32645	-1.15922	1.77064
1.17404	-0.78729	1.20255
-1.0745	-0.964422	1.48087
-0.376053	-1.01023	1.55121
-0.207142	-0.907349	1.39323
0.36993	-0.971653	1.49197
0.576124	-0.840774	1.29101
1.42918	-1.12348	1.7251
-1.06956	-0.950211	1.46678
-0.398533	-0.616027	0.950919
-0.373407	-0.983217	1.51773
-0.327554	-1.02825	1.58723
-1.02836	-0.917847	1.42436
-0.878141	-0.998113	1.54892
-0.367346	-1.05489	1.63704
-0.323198	-1.1975	1.85834
-0.200079	-1.1093	1.72147
0.398341	-0.95217	1.47763
1.62255	-1.26757	1.96708
-1.34268	-1.0597	1.6533
-1.11572	-1.02111	1.5931
-1.13595	-1.05044	1.63886
-0.854423	-0.991198	1.54643
-0.280246	-0.918566	1.43311
-0.293313	-1.17874	1.83902
0.637359	-1.1025	1.72008
1.091	-1.1161	1.74129
1.11129	-1.01951	1.59061
1.04611	-0.954792	1.48963
-1.4418	-1.13688	1.78327
-1.21113	-1.0434	1.63664
-1.0976	-1.00432	1.57534
-1.11288	-1.02895	1.61398
-0.88431	-1.02708	1.61104
-0.427551	-0.930595	1.45969
-0.33346	-0.890172	1.39629
-0.314354	-0.938337	1.47184
-0.231902	-0.994393	1.55977
-0.185234	-0.985481	1.54579
0.553745	-0.9621	1.50911
0.704071	-1.18825	1.86385
1.04335	-0.967034	1.51685
1.00865	-0.930001	1.45876
1.22867	-0.97085	1.52284
1.18136	-0.925198	1.45123
-1.10219	-1.02973	1.62394
-0.396939	-0.953186	1.50322
-0.389043	-0.988199	1.55844
0.753342	-0.954724	1.50565
0.891587	-1.00019	1.57734
0.887323	-0.976711	1.54032
0.929697	-0.95186	1.50113
1.1415	-1.00996	1.59275
1.61912	-1.25014	1.97153
-1.64305	-0.938441	1.48802
-1.05827	-0.993917	1.57598
-1.01997	-0.973622	1.5438
-1.11876	-1.23665	1.96088
-0.89657	-1.00374	1.59155
-0.36384	-0.538243	0.853455
-0.506341	-0.970725	1.53921
-0.286406	-0.875262	1.38784
-0.288715	-1.02568	1.62636
-0.200978	-0.997687	1.58196
0.907188	-0.872964	1.3842
1.05267	-0.935737	1.48373
1.42443	-1.07037	1.69721
-0.991305	-0.936006	1.49228
-0.96195	-1.07107	1.70761
-0.417304	-0.532854	0.849532
-0.428608	-0.56814	0.905788
-0.284761	-1.00613	1.60408
-0.274252	-0.989092	1.57691
1.32316	-0.993126	1.58335
-1.63916	-0.941403	1.50914
-1.63952	-0.944747	1.5145
-0.469344	-0.98741	1.58289
-0.401548	-0.961731	1.54173
-0.384609	-1.03589	1.6606
0.333418	-0.94927	1.52175
0.724325	-0.774651	1.24182
0.942904	-0.944211	1.51364
1.1022	-0.984103	1.57759
-1.69265	-0.950992	1.53294
-1.24087	-1.06093	1.71016
-0.975738	-0.947216	1.52686
-0.944665	-0.932841	1.50369
-0.48383	-0.704065	1.13491
-0.332196	-0.487532	0.785874
-0.623743	-1.11517	1.79758
-0.32508	-0.977231	1.57524
-0.242332	-0.942575	1.51938
0.197692	-1.03808	1.67333
1.08393	-1.16003	1.8699
-1.70004	-0.956102	1.54976
-1.67279	-0.947006	1.53501
-0.991605	-0.936166	1.51744
-0.239636	-0.994372	1.61179
-0.195192	-0.947875	1.53642
0.788594	-1.15556	1.87306
0.942379	-0.938735	1.52161
1.08772	-0.960496	1.55688
1.34971	-0.83744	1.35741
-1.61185	-0.928944	1.51416
-0.967244	-0.91822	1.49668
-0.955541	-0.960712	1.56594
-0.315257	-0.989061	1.61215
-0.230954	-0.849949	1.3854
0.680325	-0.878508	1.43195
1.08653	-0.974221	1.58796
1.28023	-0.982254	1.60105
1.79461	-1.29515	2.11107
-1.65202	-0.949986	1.55716
-1.59372	-0.925904	1.51769
-1.23849	-1.05709	1.73272
-0.91253	-0.934421	1.53165
-0.392865	-0.502684	0.823973
-0.490361	-0.701728	1.15023
-0.366272	-0.528622	0.866488
-0.329724	-0.941833	1.5438
-0.302528	-0.926729	1.51904
-0.29473	-0.973329	1.59543
0.395927	-1.05057	1.72203
0.509392	-0.838686	1.37473
0.687658	-0.889763	1.45845
1.15208	-1.06656	1.74824
1.1717	-1.01789	1.66846
-1.72291	-0.971964	1.6022
-1.64678	-0.938457	1.54697
-1.65826	-0.9547	1.57374
-1.63029	-0.941819	1.55251
-0.91259	-0.923636	1.52254
-0.392683	-0.492181	0.81132
-0.589334	-0.838618	1.38239
-0.513309	-0.936338	1.54348
-0.264844	-0.869713	1.43365
0.453189	-1.25478	2.0684
0.558465	-0.991494	1.6344
1.28003	-1.32313	2.18107
-1.62097	-0.944105	1.56513
-0.866051	-0.898604	1.4897
-0.900027	-0.945586	1.56759
-0.501385	-0.92957	1.54104
-0.391395	-0.932284	1.54554
-0.332545	-1.00722	1.66977
-0.267335	-0.856215	1.41943
-0.25584	-0.9462	1.56861
0.371067	-1.11318	1.84543
0.539618	-0.942666	1.56275
1.03467	-0.957563	1.58744
-1.20806	-0.658355	1.09766
-1.61449	-0.941541	1.56981
-1.50109	-0.903925	1.5071
-0.199492	-0.915822	1.52693
0.98811	-1.03527	1.72608
1.20335	-0.958817	1.59862
1.26271	-0.987201	1.64594
1.18471	-0.896717	1.49508
1.25524	-0.937312	1.56276
1.38636	-0.961819	1.60362
-1.2603	-0.6874	1.15268
-1.05825	-0.586871	0.98411
-1.59045	-0.918988	1.54103
-1.60263	-0.935834	1.56928
-1.54316	-0.910757	1.52723
-0.47	-0.663065	1.11188
0.55676	-0.870634	1.45994
1.22839	-0.959386	1.60877
1.16968	-0.880278	1.47612
1.24522	-0.920375	1.54335
1.24733	-0.917832	1.53909
1.41349	-0.979116	1.64186
1.38345	-0.809187	1.35691
-1.08013	-0.601611	1.01467
-0.997735	-0.559509	0.943656
-0.452751	-0.798527	1.34678
0.37413	-1.02938	1.73613
1.06901	-1.09344	1.84417
1.44062	-0.983922	1.65946
-0.974175	-0.546864	0.9277
-1.5267	-0.910158	1.54399
-1.5156	-0.906847	1.53838
-1.49917	-0.906974	1.53859
-1.42764	-0.873394	1.48163
-0.843976	-0.937144	1.58977
-0.461041	-0.637502	1.08146
-0.496683	-0.909982	1.54369
-0.20846	-0.915302	1.55272
-0.200861	-0.98809	1.6762
0.962987	-0.852087	1.44548
1.21	-0.912598	1.54813
1.24703	-0.868414	1.47318
1.40551	-0.942639	1.59909
-1.24528	-0.687898	1.17378
-1.59851	-0.937171	1.59913
-1.55394	-0.921003	1.57154
-1.50346	-0.900941	1.53731
-0.788486	-0.876384	1.4954
-0.491894	-0.960548	1.63901
-0.249528	-0.877214	1.49682
-0.22823	-0.970218	1.65552
1.00573	-0.889545	1.51786
1.27768	-0.949273	1.61978
-2.4443	-1.31114	2.25042
-1.14882	-0.648527	1.11312
-1.0234	-0.581795	0.998583
-1.49313	-0.906221	1.55542
-0.816085	-0.933672	1.60254
-0.526723	-0.912863	1.56682
1.49034	-0.968043	1.66153
1.76212	-1.0594	1.81834
-1.435	-0.755181	1.30386
-2.18845	-1.17872	2.03513
-1.06434	-0.605767	1.04589
-1.50702	-0.923133	1.59384
-0.773085	-0.904895	1.56235
-0.481452	-0.654099	1.12934
-0.710602	-1.16198	2.00621
0.432008	-0.940741	1.62424
0.645361	-0.970965	1.67642
0.828763	-0.925994	1.59878
0.977191	-0.814297	1.40593
-1.50959	-0.797569	1.38525
-1.15758	-0.657258	1.14155
-1.05798	-0.607184	1.05458
-0.957534	-0.557551	0.968379
-1.49503	-0.910361	1.58115
-1.48668	-0.922872	1.60288
-0.763087	-0.868906	1.50915
-0.733915	-0.860225	1.49408
-0.265346	-0.878435	1.5257
-0.220054	-0.812743	1.41161
0.697559	-1.6437	2.85485
0.449755	-1.0294	1.78791
1.47004	-0.925016	1.60661
-1.4343	-0.763375	1.33381
-1.4646	-0.782123	1.36657
-1.96586	-1.07513	1.87853
-0.276537	-0.873797	1.52675
-0.219297	-0.887204	1.55017
0.441991	-0.977579	1.70808
0.530958	-0.880047	1.53767
0.934132	-0.933915	1.63179
-1.37689	-0.738331	1.29784
-1.02336	-0.59971	1.05417
-1.47405	-0.918407	1.61437
-1.48362	-0.92803	1.63129
-0.425226	-0.80605	1.41687
1.191	-1.08767	1.91191
1.52405	-0.929259	1.63345
1.15512	-0.649123	1.14103
-2.3235	-1.19771	2.11811
-1.44165	-0.776309	1.37287
-1.94093	-1.08232	1.91405
-1.08767	-0.635914	1.12459
-1.03986	-0.614843	1.08733
-1.44141	-0.903353	1.59755
-1.42756	-0.898265	1.58855
-0.768286	-0.884409	1.56405
-0.829144	-0.961524	1.70042
-0.480486	-0.63197	1.11762
-0.288562	-0.958075	1.69432
1.21855	-0.820994	1.4519
1.53483	-0.926606	1.63867
-1.4283	-0.775096	1.3791
-1.06062	-0.625665	1.11322
-1.42331	-0.904672	1.60965
-0.492395	-0.879832	1.56545
0.608277	-1.02208	1.81856
1.02027	-0.754548	1.34254
1.58982	-0.943087	1.678
-2.56685	-1.33339	2.38702
-2.29747	-1.20151	2.15093
-1.90555	-1.0765	1.92714
-1.45567	-0.927155	1.65979
-1.37935	-0.889516	1.59241
-0.948163	-0.934219	1.67243
-0.284294	-0.894569	1.60145
-0.249732	-0.855304	1.53116
0.580677	-0.875385	1.56711
0.865586	-0.84463	1.51205
0.958132	-0.859173	1.53809
1.85392	-1.20796	2.16249
1.57483	-0.924971	1.65588
-2.36579	-1.238	2.22995
-1.35316	-0.743471	1.33918
-1.34404	-0.741105	1.33492
-1.00722	-0.605233	1.09018
-1.44579	-0.911455	1.64177
-1.40746	-0.894619	1.61144
-1.4043	-0.900038	1.6212
-0.991588	-0.964867	1.73798
-0.792482	-0.902277	1.62524
0.675672	-0.713702	1.28556
0.889737	-0.868332	1.56409
1.16665	-0.951602	1.71408
1.75384	-1.13098	2.03718
1.72735	-1.10925	1.99805
1.58912	-0.931162	1.67726
1.57335	-0.911516	1.64188
-1.32062	-0.677584	1.2281
-2.12439	-1.1239	2.03703
-1.40282	-0.777084	1.40844
-1.687	-0.955254	1.73136
-0.988046	-0.599401	1.08639
-1.38637	-0.898011	1.62761
-1.36741	-0.893293	1.61906
-0.245145	-0.848027	1.53702
-0.218	-0.850229	1.54101
1.28702	-0.912742	1.65431
1.5525	-0.890524	1.61404
-1.26652	-0.650146	1.18574
-2.16822	-1.15191	2.10085
-0.985395	-0.601225	1.09652
-1.33694	-0.879211	1.60351
-1.31838	-0.878402	1.60204
-0.785533	-0.953841	1.73962
-0.5989	-0.751214	1.37007
0.0432137	-0.846193	1.54329
0.860065	-0.850561	1.55126
1.21347	-0.86323	1.57436
1.21434	-0.803691	1.46578
1.27254	-0.838564	1.52938
1.94908	-1.20599	2.19949
1.59507	-0.892523	1.62779
1.5777	-0.879566	1.60416
1.46297	-0.749644	1.36721
-1.38043	-0.71139	1.30561
-1.38436	-0.777011	1.42604
-1.02452	-0.626207	1.14927
-1.35254	-0.880099	1.61524
-1.35499	-0.893231	1.63934
-1.29722	-0.86649	1.59026
-0.749447	-0.897163	1.64656
-0.247271	-0.844739	1.55034
0.888398	-0.861872	1.58179
1.17871	-0.829375	1.52215
1.28922	-0.844237	1.54942
2.05295	-1.25212	2.298
1.61265	-0.89671	1.64573
-1.42677	-0.738193	1.36339
-1.30515	-0.679953	1.25582
-2.08861	-1.11918	2.06704
-1.34875	-0.763599	1.41031
-1.94177	-1.13353	2.09354
-0.97772	-0.60861	1.12406
-1.11958	-0.811255	1.49833
-0.865701	-0.801289	1.47992
-1.86276	-2.03825	3.76449
-0.715045	-0.893036	1.64937
1.47989	-0.7859	1.4515
-1.76177	-0.872665	1.62203
-2.14723	-1.15567	2.14806
-1.98196	-1.07839	2.00441
-1.3433	-0.767264	1.42612
-0.921677	-0.579701	1.07749
-1.29704	-0.878761	1.63336
-0.99296	-0.822047	1.52794
-0.181922	-0.674671	1.25401
0.795971	-0.777452	1.44505
1.73556	-1.17837	2.19025
1.82881	-1.07957	2.00661
1.6496	-0.886141	1.64708
1.71104	-0.915848	1.70229
-1.55757	-0.764062	1.42928
-1.75052	-0.870227	1.62788
-1.2706	-0.667458	1.24857
-1.26576	-0.726712	1.35942
-0.971741	-0.612454	1.14568
-1.26091	-0.852708	1.59511
-0.715271	-0.846781	1.58402
-0.723432	-0.899539	1.68271
-0.35014	-0.861831	1.61217
-0.312466	-0.809415	1.51412
-0.190015	-0.683208	1.27803
0.520654	-0.723004	1.35248
0.819421	-0.888286	1.66166
0.806108	-0.86126	1.61111
0.962342	-0.860712	1.61008
1.35598	-0.871175	1.62965
1.77388	-1.03637	1.93868
1.69921	-0.906965	1.6966
-1.31925	-0.69596	1.3103
-2.14133	-1.17597	2.21402
-1.38965	-0.80519	1.51595
-1.08129	-0.680017	1.28028
-0.8926	-0.571102	1.07523
-1.03767	-0.978383	1.84203
1.38668	-0.960068	1.80754
1.21858	-0.784673	1.47732
1.68563	-0.871971	1.64168
2.43737	-1.20986	2.27782
1.58694	-0.769571	1.44889
-1.56699	-0.776802	1.47201
-1.50196	-0.747096	1.41572
-1.34096	-0.713056	1.35122
-1.33232	-0.713647	1.35234
-2.22605	-1.22372	2.31891
-1.29421	-0.75394	1.42869
-1.54594	-0.918876	1.74124
-1.23024	-0.840448	1.59262
-1.21275	-0.836308	1.58478
-1.23374	-0.862984	1.63533
-1.16638	-0.823737	1.56095
-0.76221	-0.795486	1.50742
-0.759768	-0.81027	1.53544
-0.723474	-0.873391	1.65505
-0.306884	-0.931172	1.76454
-0.235506	-0.797234	1.51073
0.674613	-0.860308	1.63026
1.40912	-1.2293	2.32948
1.18985	-0.974132	1.84595
1.68282	-0.867939	1.64472
-1.32717	-0.711475	1.35705
-1.8052	-0.993375	1.89473
-1.30974	-0.77029	1.46923
-1.42183	-0.849967	1.6212
-1.11678	-0.70838	1.35114
-0.979872	-0.632576	1.20656
-1.08508	-0.875389	1.66969
-0.628535	-0.760115	1.44982
-0.570669	-0.862249	1.64463
-0.530327	-0.827078	1.57754
-0.214389	-0.756	1.44197
0.465379	-0.848337	1.61809
0.86729	-0.908782	1.73338
1.22571	-0.762405	1.45419
1.75435	-0.978238	1.86586
1.73442	-0.882515	1.68328
1.54542	-0.72777	1.38813
-1.54371	-0.77098	1.48023
-1.48588	-0.74467	1.42972
-1.27351	-0.690977	1.32663
-1.89113	-1.04572	2.00772
-1.32381	-0.782968	1.50325
-0.981279	-0.637834	1.2246
-1.24335	-0.870877	1.67203
-0.818739	-0.747431	1.43502
-0.663037	-0.770943	1.48016
-0.540807	-0.865759	1.6622
-0.281736	-0.861611	1.65424
0.336474	-0.827091	1.58796
1.21908	-0.947968	1.82004
1.34023	-0.810837	1.55676
1.33098	-0.779135	1.49589
-1.56498	-0.79011	1.52702
-1.66918	-0.857805	1.65786
-1.9006	-1.06027	2.04916
-2.0024	-1.23731	2.39132
-0.91078	-0.601645	1.16278
-0.872949	-0.579321	1.11964
-1.20393	-0.862816	1.66754
-1.18269	-0.856147	1.65465
-0.884122	-0.924496	1.78675
-0.230963	-0.766602	1.48159
1.2133	-1.13972	2.2027
1.05828	-0.944631	1.82566
0.926691	-0.797412	1.54114
1.45922	-0.873352	1.6879
1.48771	-0.879399	1.69959
1.82056	-0.979334	1.89273
1.7414	-0.856484	1.6553
1.47405	-0.661507	1.27848
-1.48981	-0.698053	1.35811
-1.46389	-0.742	1.44362
-1.49548	-0.763446	1.48534
-1.33004	-0.728561	1.41747
-1.2688	-0.762394	1.4833
-1.19632	-0.750481	1.46012
-0.921575	-0.613207	1.19304
-1.16292	-0.819713	1.59481
-1.20839	-0.864587	1.68212
-0.541501	-0.855447	1.66434
-0.257617	-0.745885	1.45118
-0.221061	-0.681574	1.32605
-0.250922	-0.790744	1.53845
0.673106	-0.850886	1.65546
1.37914	-0.863147	1.67932
1.91007	-1.01307	1.97101
1.7457	-0.849993	1.65373
1.60594	-0.720422	1.40164
-1.3642	-0.753869	1.47657
-1.77719	-1.01374	1.98557
-1.21274	-0.736262	1.44208
-0.865904	-0.583206	1.1423
-1.13359	-0.826391	1.61861
-0.869334	-0.787891	1.54321
0.702077	-0.844153	1.6534
0.854295	-0.841411	1.64803
0.978067	-0.906564	1.77564
1.39291	-0.829525	1.62475
1.53352	-0.898155	1.75917
1.60741	-0.933704	1.8288
1.8913	-0.989061	1.93723
-1.48987	-0.702615	1.38549
-1.47207	-0.701276	1.38285
-1.42272	-0.68007	1.34103
-1.29474	-0.719098	1.41799
-1.77853	-1.02001	2.01137
-1.18912	-0.726414	1.43242
-1.79733	-1.14262	2.25314
-0.860664	-0.586948	1.15741
-1.11747	-0.834955	1.64645
-0.735441	-0.867509	1.71065
-0.543347	-0.828537	1.6338
0.427475	-1.02309	2.01743
1.59571	-0.905818	1.78619
1.61294	-0.911916	1.79821
1.85447	-0.952727	1.87869
1.81811	-0.85876	1.69339
1.79995	-0.844511	1.6653
-1.45362	-0.687801	1.36552
-1.24852	-0.702605	1.39491
-1.21294	-0.739157	1.46748
-1.20227	-0.739107	1.46738
-0.592418	-0.682623	1.35524
-0.575787	-0.680295	1.35062
-0.523877	-0.760463	1.50978
-0.487168	-0.737845	1.46487
0.55911	-0.889917	1.76679
0.772355	-0.766475	1.52171
1.0498	-0.884689	1.75641
0.887834	-0.643398	1.27736
1.60825	-0.899497	1.78581
1.86404	-0.94426	1.87468
1.81386	-0.848108	1.68378
-1.75369	-0.862091	1.72328
-1.20959	-0.687136	1.37356
-1.21159	-0.691097	1.38147
-1.63206	-0.958522	1.91605
-0.90633	-0.624875	1.2491
-1.07925	-0.804031	1.60723
-1.04893	-0.798593	1.59636
-1.02125	-0.81791	1.63497
-0.503371	-0.595721	1.19082
-0.629417	-0.764454	1.52811
-0.483915	-0.760923	1.52105
-0.41021	-0.709343	1.41795
0.684958	-0.638807	1.27695
2.18543	-1.28064	2.55995
1.64734	-0.907812	1.81468
1.85394	-0.849566	1.69825
-1.477	-0.673373	1.35534
-1.50076	-0.722452	1.45413
-1.47434	-0.712221	1.43354
-1.28108	-0.675718	1.36006
-1.7354	-0.92959	1.87105
-1.75426	-1.03196	2.0771
-1.14793	-0.721486	1.45218
-1.59859	-1.04774	2.10885
-1.05434	-0.806052	1.6224
-1.05521	-0.820374	1.65122
-0.667652	-0.665509	1.33951
-0.571668	-0.81011	1.63056
-0.442568	-0.699057	1.40704
-0.619346	-1.03777	2.08879
-0.185907	-0.606528	1.2208
1.14758	-0.772228	1.55432
1.56966	-0.848956	1.70875
1.39143	-0.732434	1.47422
1.59946	-0.829267	1.66912
1.72398	-0.890472	1.79231
2.58177	-1.14106	2.29669
-1.48251	-0.716245	1.45166
-1.49068	-0.722745	1.46483
-1.31452	-0.696565	1.41177
-1.23259	-0.71398	1.44707
-1.17163	-0.74144	1.50273
-0.837688	-0.593209	1.2023
-1.06942	-0.807456	1.63653
-1.04446	-0.810984	1.64368
-0.613179	-0.747604	1.51522
-0.549515	-0.797958	1.61728
-0.529397	-0.77699	1.57478
-0.510941	-0.820288	1.66253
-0.578702	-0.940104	1.90537
0.488191	-0.985799	1.99798
0.549053	-0.498335	1.01001
2.15816	-1.3139	2.66297
1.6989	-0.871458	1.76624
1.9185	-0.855785	1.73448
-1.46169	-0.679678	1.3872
-1.40038	-0.683931	1.39588
-1.35007	-0.721604	1.47277
-1.28608	-0.752524	1.53587
-1.05116	-0.676212	1.38012
-1.056	-0.828341	1.69061
-0.238969	-0.734112	1.49829
2.05185	-1.18262	2.41367
2.02148	-0.961255	1.96188
1.91265	-0.839037	1.71244
-0.788061	-0.353005	0.725552
-0.797107	-0.358247	0.736325
-1.39457	-0.686189	1.41036
-1.42442	-0.706028	1.45114
-1.22427	-0.660173	1.35689
-1.1915	-0.698315	1.43529
-1.09736	-0.707689	1.45455
-0.745876	-0.546289	1.12282
-1.03696	-0.831717	1.70947
-0.965205	-0.788216	1.62007
-0.872374	-0.84544	1.73768
1.71173	-0.872365	1.79302
1.73528	-0.864772	1.77742
1.73829	-0.859921	1.76745
1.8155	-0.888344	1.82586
2.13832	-1.00267	2.06085
1.92208	-0.823969	1.69355
-0.695215	-0.30617	0.633759
-0.797072	-0.360507	0.746235
-1.33621	-0.660056	1.36629
-1.15812	-0.685878	1.41974
-1.07505	-0.701831	1.45276
-0.77261	-0.564944	1.16941
-1.00158	-0.792955	1.64138
-1.00991	-0.804302	1.66487
-0.534992	-0.586416	1.21386
-0.5291	-0.86206	1.78443
0.776509	-0.772002	1.59801
0.941112	-0.751605	1.55579
2.39811	-1.36863	2.83301
1.14211	-0.600648	1.24332
1.43989	-0.728651	1.50828
2.09497	-0.965353	1.99824
1.89994	-0.81914	1.69558
1.91696	-0.818576	1.69442
-0.714639	-0.316652	0.660146
-1.36057	-0.645883	1.34652
-1.30326	-0.646355	1.3475
-1.20776	-0.722978	1.50724
-1.08411	-0.716681	1.49411
-1.30075	-0.895497	1.8669
-0.983677	-0.806614	1.6816
-0.80999	-0.779507	1.62509
-0.602003	-0.815252	1.69961
-0.508171	-0.725087	1.51164
-0.30755	-0.740735	1.54426
0.866229	-0.867964	1.8095
1.26642	-0.839161	1.74945
1.25815	-0.659563	1.37503
1.82085	-0.875219	1.82463
1.8549	-0.885189	1.84541
1.90187	-0.798728	1.66516
1.86551	-0.771281	1.60794
-0.865343	-0.395163	0.829759
-0.907711	-0.420323	0.88259
-1.35365	-0.64259	1.3493
-1.3623	-0.651376	1.36775
-1.24322	-0.621437	1.30489
-1.22723	-0.677549	1.42271
-1.06433	-0.712741	1.49661
-0.72582	-0.550215	1.15534
-0.98099	-0.824052	1.73034
-0.973515	-0.823008	1.72814
-0.769197	-0.729674	1.53216
-0.67967	-0.807043	1.69462
-0.312213	-0.708125	1.48691
0.548227	-0.789072	1.65688
2.69613	-1.54314	3.24028
1.80934	-0.848144	1.78092
2.22275	-0.995979	2.09135
-0.673475	-0.299124	0.632656
-0.693522	-0.31119	0.658177
-0.813554	-0.371404	0.785531
-0.991149	-0.457256	0.96711
-1.32169	-0.634293	1.34155
-1.32283	-0.669128	1.41523
-1.07438	-0.654552	1.3844
-1.24757	-0.873726	1.84796
-0.709983	-0.543694	1.14993
-0.951446	-0.77862	1.6468
-1.0101	-0.842392	1.78169
-0.963403	-0.819075	1.73237
-0.783156	-0.732303	1.54884
-0.784106	-0.7438	1.57316
-0.677692	-0.715299	1.51288
-0.592419	-0.635525	1.34415
-0.300746	-0.713984	1.5101
0.459639	-0.806141	1.70501
0.575212	-0.831003	1.7576
0.845955	-0.755822	1.59859
3.00104	-1.69793	3.59117
3.26311	-1.79208	3.79029
1.43378	-0.7155	1.5133
1.30451	-0.648526	1.37165
1.80872	-0.841744	1.78031
-1.31887	-0.667431	1.42196
-1.37123	-0.699365	1.48999
-1.17421	-0.723624	1.54168
-0.841308	-0.63587	1.35472
-0.902877	-0.777162	1.65574
-0.587906	-0.688022	1.46583
-0.329861	-0.73737	1.57096
0.483935	-1.10977	2.36436
0.761213	-0.813793	1.73378
1.16479	-1.00572	2.14268
0.847735	-0.635081	1.35303
2.75194	-1.59383	3.39564
3.00164	-1.62969	3.47203
1.69837	-0.857712	1.82735
2.46245	-1.06579	2.27066
-0.945257	-0.443806	0.95249
-1.27683	-0.659373	1.41514
-1.28963	-0.674068	1.44667
-1.28105	-0.675041	1.44876
-1.24622	-0.705603	1.51435
-1.08687	-0.674482	1.44756
-1.10473	-0.688878	1.47846
-1.29109	-0.930858	1.99779
-0.749263	-0.582452	1.25005
-0.939765	-0.819251	1.75826
-0.862752	-0.778369	1.67052
-0.244459	-0.826227	1.77324
0.78061	-0.821681	1.76348
0.950994	-0.843079	1.8094
0.918246	-0.686827	1.47406
2.8959	-1.53517	3.29476
2.04979	-1.0563	2.26702
1.62335	-0.833225	1.78825
1.79233	-0.804866	1.72739
2.02803	-0.827336	1.77561
1.57287	-0.639636	1.37278
-0.657247	-0.297659	0.643571
-0.673635	-0.30725	0.664308
-1.22567	-0.701145	1.51595
-1.35771	-0.78721	1.70203
-1.05793	-0.664452	1.43662
-0.73282	-0.575866	1.24509
-0.629624	-0.504036	1.08978
-0.918216	-0.789246	1.70643
-0.906425	-0.795094	1.71908
-0.872133	-0.775622	1.67698
-0.314532	-0.717464	1.55123
-0.230307	-0.66786	1.44398
2.40345	-1.3902	3.00576
3.18101	-1.66706	3.60436
3.33739	-1.74189	3.76616
1.79843	-0.916291	1.98112
1.52667	-0.675823	1.4612
3.01193	-1.26769	2.74089
-0.669786	-0.306498	0.667635
-0.683339	-0.319591	0.696156
-1.25479	-0.63845	1.39072
-1.2352	-0.643923	1.40264
-1.26403	-0.667142	1.45322
-1.37444	-0.896336	1.95246
-0.999603	-0.702245	1.52968
-1.15317	-0.862481	1.87872
-0.663661	-0.530653	1.15591
-0.878481	-0.803319	1.74984
-0.604416	-0.698105	1.52066
-0.575721	-0.753867	1.64213
-0.2862	-0.625739	1.36303
0.299667	-0.723082	1.57507
1.96251	-1.13183	2.46544
1.44397	-0.58039	1.26425
-0.650179	-0.307457	0.674767
-1.26531	-0.63142	1.38576
-1.2506	-0.6606	1.4498
-1.33	-0.784521	1.72177
-1.43099	-0.84805	1.8612
-1.09107	-0.699059	1.53421
-1.3413	-0.881736	1.93512
-0.87853	-0.6264	1.37475
-1.10464	-0.829751	1.82104
-0.68758	-0.556147	1.22056
-0.852944	-0.867605	1.90411
-0.537828	-0.639767	1.40408
-0.232414	-0.712275	1.56321
0.750968	-0.819755	1.7991
0.733249	-0.644523	1.41452
2.65703	-1.42416	3.12557
3.33641	-1.78075	3.90817
3.07807	-1.40037	3.07335
1.49275	-0.642139	1.40929
3.14141	-1.29408	2.84008
-0.635307	-0.295947	0.654435
-1.26547	-0.666203	1.47319
-1.16823	-0.687116	1.51944
-0.871096	-0.627035	1.38658
-0.65853	-0.749236	1.65681
-0.228492	-0.730409	1.61518
0.333323	-0.777533	1.71938
0.700529	-0.779127	1.72291
0.894722	-0.780535	1.72602
3.27541	-1.71332	3.78871
2.16612	-1.0877	2.40527
1.45181	-0.698261	1.54409
3.72057	-1.6739	3.70155
-0.638602	-0.297433	0.662753
-0.626613	-0.298553	0.665247
-1.22849	-0.678874	1.51269
-1.23036	-0.728417	1.62309
-1.29923	-0.784108	1.74718
-1.0548	-0.693783	1.54591
-1.24767	-0.957209	2.13289
-0.736143	-0.605848	1.34997
-0.670486	-0.56298	1.25445
-0.640395	-0.541365	1.20629
-0.889416	-0.795079	1.77163
-0.295384	-0.703854	1.56836
1.24127	-0.769536	1.71471
3.50926	-1.70775	3.80527
1.40457	-0.607515	1.35369
1.04882	-0.444378	0.99018
3.90462	-1.58943	3.54163
-0.629842	-0.2786	0.625571
-0.631481	-0.295182	0.662803
-0.632537	-0.304907	0.68464
-1.30595	-0.668658	1.50141
-1.16583	-0.628167	1.41049
-1.1669	-0.634276	1.42421
-1.19699	-0.66527	1.4938
-1.46084	-0.892208	2.00337
-0.653661	-0.55976	1.25689
-0.646047	-0.577253	1.29617
-0.699183	-0.718258	1.61278
-0.639123	-0.691044	1.55168
-0.359887	-0.725921	1.62999
-0.325925	-0.668332	1.50068
0.84971	-0.73513	1.65067
0.870357	-0.732471	1.6447
1.39229	-0.86518	1.94268
2.97052	-1.50514	3.37966
3.7481	-1.66667	3.74236
-0.623082	-0.291215	0.658975
-0.608973	-0.286808	0.649003
-0.632099	-0.304726	0.689548
-0.629412	-0.305837	0.692061
-1.11713	-0.605209	1.36949
-1.07151	-0.585668	1.32528
-1.16713	-0.707331	1.60058
-0.935706	-0.62588	1.41627
-0.855418	-0.64624	1.46234
-0.622505	-0.547968	1.23997
-0.68382	-0.697063	1.57734
-0.357325	-0.7152	1.61839
0.855171	-0.719044	1.62709
1.38768	-0.855669	1.93625
2.40524	-1.27194	2.87821
2.44513	-1.1763	2.66179
1.05123	-0.43562	0.985741
1.29463	-0.493133	1.11588
-0.95333	-0.650466	1.48342
-1.13142	-0.808259	1.84328
-1.05845	-0.862532	1.96705
-0.393848	-0.836846	1.90847
0.844646	-0.719487	1.64083
1.15372	-0.716696	1.63446
1.50447	-0.707049	1.61246
2.52415	-1.11718	2.5478
3.67428	-1.61448	3.68191
1.11782	-0.474043	1.08108
0.996828	-0.407116	0.92845
4.77123	-1.91014	4.35617
-0.62679	-0.305896	0.703116
-1.23923	-0.646637	1.48632
-1.11092	-0.611413	1.40536
-1.13871	-0.635402	1.4605
-1.16235	-0.663948	1.52611
-1.02844	-0.635598	1.46095
-1.23883	-0.781639	1.79663
-1.00906	-0.690852	1.58795
-1.26707	-0.914189	2.1013
-1.20655	-0.995539	2.28829
-0.74754	-0.726029	1.66881
-0.701714	-0.938317	2.15676
0.425167	-0.746015	1.71475
0.876617	-0.670437	1.54103
1.44436	-0.846957	1.94677
1.35493	-0.659834	1.51666
3.84963	-1.8304	4.20726
-0.583687	-0.279225	0.646914
-0.627347	-0.311308	0.721243
-1.0887	-0.60833	1.40939
-1.11597	-0.629444	1.45831
-1.05567	-0.660823	1.53101
-0.916706	-0.637136	1.47613
-0.890801	-0.622746	1.44279
-0.83198	-0.654217	1.5157
-0.673009	-0.653749	1.51462
-0.680806	-0.677823	1.57039
-0.569338	-0.673231	1.55975
0.445244	-0.786518	1.82222
0.390802	-0.670556	1.55356
0.907733	-0.750608	1.73902
1.40091	-0.770092	1.78416
1.35984	-0.654363	1.51604
1.38118	-0.641425	1.48607
3.47636	-1.51455	3.50894
3.98588	-1.73023	4.00864
1.31442	-0.550612	1.27567
2.16854	-0.857395	1.98643
-0.596244	-0.289916	0.677065
-1.12402	-0.614467	1.43502
-0.912303	-0.64399	1.50396
-1.01531	-0.738658	1.72505
-1.15806	-0.85828	2.00442
-0.756427	-0.60194	1.40576
-0.710337	-0.738453	1.72457
-0.56118	-0.699784	1.63427
-0.544027	-0.692946	1.6183
-0.376674	-0.809864	1.89135
-0.27156	-0.655017	1.52972
0.448769	-0.643912	1.50378
1.3627	-0.786468	1.83671
3.35802	-1.48376	3.46515
3.42553	-1.49688	3.4958
-0.596765	-0.298856	0.703584
-0.612766	-0.309501	0.728645
-0.641552	-0.326843	0.769472
-0.677036	-0.352544	0.829978
-1.07827	-0.610006	1.43611
-1.07939	-0.613589	1.44454
-1.04397	-0.66394	1.56308
-1.22107	-0.914855	2.1538
-0.810288	-0.652755	1.53675
-0.789878	-0.645136	1.51881
-0.759664	-0.638157	1.50238
-1.40345	-1.29943	3.05919
-0.7494	-0.766112	1.80362
0.152275	-0.646066	1.521
1.36941	-0.628284	1.47914
1.07077	-0.425052	1.00068
3.27757	-1.27951	3.01228
-0.57349	-0.281293	0.667629
-0.595695	-0.304986	0.723862
-0.646137	-0.338221	0.802744
-1.0662	-0.607053	1.4408
-1.04623	-0.5986	1.42074
-1.01824	-0.660164	1.56685
-1.10499	-0.72853	1.72911
-0.848958	-0.615271	1.4603
-1.1067	-0.843938	2.00303
-0.787071	-0.646616	1.5347
-0.696236	-0.580149	1.37694
-0.671652	-0.693112	1.64505
-0.527631	-0.621307	1.47463
-0.591204	-0.774182	1.83747
-0.259757	-0.616506	1.46323
0.856604	-0.634459	1.50584
1.31106	-0.596653	1.41611
1.39537	-0.632557	1.50133
2.43951	-0.990603	2.35113
1.10816	-0.436342	1.03563
1.83032	-0.688224	1.63345
1.09197	-0.400291	0.950063
-0.568017	-0.282263	0.675432
-1.12494	-0.614327	1.47003
-1.01947	-0.587159	1.40502
-0.877777	-0.642938	1.5385
-0.605776	-0.631188	1.51038
-0.352638	-0.726798	1.73917
-0.230096	-0.662826	1.58609
1.36331	-1.09906	2.62997
3.79692	-1.59579	3.8186
2.05208	-0.838147	2.00562
1.20573	-0.487312	1.1661
1.13849	-0.446134	1.06756
2.042	-0.786888	1.88296
-0.627392	-0.32746	0.790073
-0.66404	-0.351374	0.847772
-1.21948	-0.673172	1.62418
-1.02064	-0.600928	1.44988
-0.991806	-0.599297	1.44594
-1.03762	-0.630292	1.52073
-1.06134	-0.716658	1.7291
-0.974988	-0.771675	1.86185
-0.441132	-0.404901	0.976918
-0.470436	-0.691207	1.6677
-0.384737	-0.677943	1.63569
0.583413	-0.594707	1.43487
0.881693	-0.725138	1.74956
1.01076	-0.7556	1.82306
1.17872	-0.63982	1.54372
1.81112	-0.964868	2.32797
1.50276	-0.705737	1.70275
3.23229	-1.32334	3.19285
-0.605923	-0.320922	0.780763
-1.01021	-0.595963	1.4499
-0.983459	-0.658571	1.60222
-1.05853	-0.7259	1.76602
-0.630255	-0.6345	1.54366
-0.261126	-0.643843	1.56639
0.271158	-0.690508	1.67992
0.950143	-0.748198	1.82027
1.09372	-0.611881	1.48863
1.40052	-0.739946	1.8002
1.58578	-0.738558	1.79682
1.48864	-0.690498	1.67989
1.5473	-0.689647	1.67782
2.13067	-0.849961	2.06785
1.11085	-0.414151	1.00758
1.15218	-0.413338	1.0056
-0.59465	-0.318236	0.780747
-1.0272	-0.610405	1.49754
-1.0191	-0.608792	1.49358
-1.13181	-0.793543	1.94684
-0.829454	-0.636848	1.56242
-0.359517	-0.623012	1.52847
0.974227	-0.720919	1.76867
0.975974	-0.703784	1.72663
1.24183	-0.653656	1.60365
7.37643	-3.3253	8.15814
2.20446	-0.884435	2.16984
2.25988	-0.852228	2.09082
1.24472	-0.444208	1.0898
-0.555374	-0.303331	0.750497
-0.559561	-0.307114	0.759857
-1.00203	-0.612992	1.51666
-1.02836	-0.646747	1.60017
-1.15048	-0.727634	1.8003
-1.12205	-0.794864	1.96664
-0.77525	-0.606702	1.50109
-0.515495	-0.461405	1.1416
-0.293464	-0.79777	1.97383
0.465283	-0.688373	1.70317
0.769377	-0.617047	1.52669
2.46374	-0.983628	2.43368
2.3214	-0.870963	2.15493
-0.532139	-0.272254	0.679376
-0.530127	-0.275022	0.686284
-0.527727	-0.281666	0.702862
-1.07999	-0.617973	1.54208
-0.879391	-0.613794	1.53165
-0.353371	-0.592961	1.47966
0.98731	-0.774033	1.9315
1.58204	-0.692887	1.72901
3.57085	-1.49331	3.72636
3.17697	-1.26663	3.16073
1.17207	-0.443436	1.10654
2.16284	-0.804583	2.00774
1.3708	-0.482487	1.20399
-0.520247	-0.26884	0.676652
-1.00671	-0.62944	1.58426
-0.888442	-0.626607	1.57712
-1.05303	-0.777527	1.95698
-0.378105	-0.658875	1.65834
-0.28935	-0.622307	1.5663
0.391999	-0.637407	1.60431
0.278738	-0.416374	1.04798
2.40445	-1.49885	3.7725
4.63381	-2.04431	5.14539
3.42308	-1.41393	3.55877
-0.506712	-0.268395	0.681418
-0.527731	-0.285058	0.723721
-0.541161	-0.293764	0.745826
-0.577606	-0.318293	0.808102
-0.922189	-0.584891	1.48496
-0.896089	-0.571657	1.45136
-1.01191	-0.660985	1.67815
-0.861323	-0.618057	1.56916
-0.948569	-0.708589	1.79901
-0.906971	-0.691705	1.75614
-0.562864	-0.483253	1.22691
-0.579935	-0.505861	1.28431
-0.663808	-0.588418	1.49391
-0.289614	-0.669788	1.7005
-0.353343	-0.853305	2.16642
0.138368	-0.694442	1.76309
0.425712	-0.676267	1.71695
0.564902	-0.672461	1.70728
1.41336	-0.8784	2.23013
1.38325	-0.748909	1.90137
2.40508	-0.925857	2.35062
1.3099	-0.488757	1.24088
-0.502745	-0.242784	0.621812
-0.51585	-0.274853	0.703947
-0.902197	-0.567226	1.45276
-0.865201	-0.550357	1.40956
-0.855382	-0.655835	1.67971
-0.68922	-0.610576	1.56379
-0.33885	-0.793631	2.03263
2.33611	-1.4558	3.72856
2.0777	-1.05744	2.70829
2.72808	-1.18752	3.04145
1.50839	-0.643656	1.64851
3.6577	-1.4792	3.78849
1.33813	-0.512443	1.31246
-0.492798	-0.26285	0.679173
-1.21791	-0.729347	1.88455
-0.8737	-0.564134	1.45766
-1.03241	-0.695912	1.79816
-0.833022	-0.61991	1.60177
-0.461327	-0.531097	1.37229
0.630739	-0.685462	1.77115
0.730954	-0.569494	1.47151
0.927582	-0.702298	1.81465
1.71661	-1.08533	2.80437
1.16948	-0.517067	1.33604
3.69865	-1.46619	3.78846
-0.770895	-0.271346	0.7074
-0.486045	-0.263496	0.686934
-0.50155	-0.273294	0.712478
-0.488183	-0.274445	0.715477
-1.02389	-0.621591	1.62049
-0.86851	-0.569514	1.48472
-0.658842	-0.55087	1.43612
-0.577644	-0.567764	1.48016
-0.318057	-0.561738	1.46445
-0.263418	-0.55785	1.45431
0.146183	-0.654362	1.70592
0.493861	-0.702707	1.83196
0.592358	-0.743423	1.9381
0.591668	-0.643818	1.67843
1.28862	-0.682823	1.78012
1.31644	-0.579266	1.51015
59.5684	-25.5768	66.6788
1.59758	-0.574629	1.49806
1.8904	-0.677661	1.76666
1.53573	-0.520694	1.35745
-0.766122	-0.270838	0.712448
-0.520879	-0.267582	0.703882
-0.478096	-0.260856	0.68619
-0.473935	-0.259931	0.683757
-0.473738	-0.266761	0.701723
-0.505737	-0.286309	0.753144
-1.00357	-0.614327	1.61601
-0.951176	-0.585652	1.54058
-0.739637	-0.612893	1.61223
-0.343632	-0.555377	1.46094
-0.309014	-0.532051	1.39958
0.516622	-0.650243	1.71048
1.54228	-0.76785	2.01986
1.25843	-0.548788	1.44361
1.31726	-0.572077	1.50487
4.20808	-1.79791	4.72947
1.87762	-0.71013	1.86802
1.52395	-0.512076	1.34703
-0.489521	-0.279123	0.740931
-0.910886	-0.569076	1.51061
-0.864172	-0.613229	1.62781
-0.27	-0.540056	1.43358
-0.273211	-0.579779	1.53902
-0.146711	-0.562833	1.49404
0.412017	-0.617027	1.63789
0.553599	-0.630298	1.67312
1.04645	-0.457909	1.21552
1.93587	-0.728164	1.93291
0.956223	-0.343595	0.912072
-0.74694	-0.266437	0.713757
-0.761886	-0.273654	0.733091
-0.482317	-0.280155	0.750508
-0.487409	-0.28471	0.76271
-0.80517	-0.543987	1.45729
-0.976256	-0.705625	1.8903
-0.893659	-0.732912	1.9634
-0.660913	-0.609643	1.63317
-0.636488	-0.69926	1.87325
-0.187924	-0.483552	1.29539
1.03718	-0.768265	2.0581
1.24621	-0.645845	1.73015
1.56286	-0.645221	1.72848
1.57361	-0.647079	1.73346
1.80241	-0.628778	1.68443
-0.749017	-0.265637	0.718216
-0.472159	-0.264319	0.714653
-0.882494	-0.56494	1.52746
-0.880724	-0.567347	1.53397
-0.8118	-0.55799	1.50867
-0.305983	-0.612608	1.65634
-0.175259	-0.636722	1.72154
0.441941	-0.6406	1.73202
0.79148	-0.59362	1.605
1.37504	-0.713196	1.92831
1.22281	-0.600819	1.62447
1.51023	-0.735004	1.98727
2.36412	-0.98672	2.66785
1.60484	-0.653856	1.76786
1.67413	-0.616021	1.66557
1.08641	-0.384584	1.03982
1.54881	-0.509584	1.37779
-0.71986	-0.258285	0.70488
-0.720473	-0.259421	0.707981
-0.467289	-0.274126	0.74811
-0.774532	-0.541961	1.47905
-0.74854	-0.531087	1.44938
-0.700296	-0.559339	1.52648
-0.534748	-0.608997	1.662
-0.663872	-1.00344	2.73847
0.461024	-0.559312	1.52641
0.547356	-0.599625	1.63642
1.07402	-0.780927	2.13121
2.02281	-0.69739	1.90323
-0.452943	-0.269443	0.742282
-0.878817	-0.577369	1.59058
-0.699862	-0.558144	1.53762
-0.513538	-0.592648	1.63267
-0.348085	-0.52907	1.45752
0.476383	-0.586538	1.61584
1.20941	-0.507807	1.39895
2.38492	-0.980922	2.70232
1.63138	-0.657558	1.81149
1.64015	-0.598761	1.64951
1.13473	-0.367597	1.01268
-0.429048	-0.248412	0.690875
-0.431855	-0.252975	0.703565
-0.432941	-0.262876	0.731102
-0.819174	-0.547386	1.52237
-1.45275	-1.1386	3.16664
-0.561065	-0.606607	1.68708
-0.319493	-0.647113	1.79973
-0.304283	-0.642402	1.78663
-0.315002	-0.710135	1.97501
0.450157	-0.643438	1.78951
1.0165	-0.351033	0.976283
-0.724636	-0.261942	0.735525
-0.456247	-0.281233	0.789693
-0.600084	-0.444853	1.24913
-1.01059	-0.790709	2.22029
-0.495483	-0.542349	1.5229
-0.472449	-0.628597	1.76508
-0.339039	-0.565325	1.58741
-0.00135043	-0.569498	1.59913
0.629489	-0.6232	1.74993
0.720523	-0.642486	1.80408
5.7704	-2.71701	7.62929
1.67971	-0.666906	1.87265
1.59105	-0.569856	1.60014
-0.741744	-0.270493	0.766925
-0.457835	-0.284825	0.807561
-0.426578	-0.267078	0.757242
-0.861432	-0.592424	1.67969
-0.59454	-0.446551	1.2661
-0.501251	-0.698107	1.97934
-0.204161	-0.583348	1.65396
0.807412	-0.694224	1.96833
0.748295	-0.543136	1.53995
0.863656	-0.560343	1.58873
0.989802	-0.633779	1.79695
1.35077	-0.668107	1.89428
4.03056	-1.88852	5.3545
1.7931	-0.638347	1.8099
1.79482	-0.599676	1.70026
-0.697507	-0.253778	0.726604
-0.698772	-0.258116	0.739025
-0.389441	-0.2311	0.661674
-0.400428	-0.242069	0.693078
-0.419702	-0.26531	0.759623
-0.795745	-0.553602	1.58504
-0.798988	-0.559879	1.60302
-0.595028	-0.453005	1.29702
-0.292301	-0.563638	1.61378
-0.257362	-0.516844	1.4798
0.323909	-0.58356	1.67082
0.422492	-0.570257	1.63273
0.533138	-0.595197	1.70414
0.89693	-0.669527	1.91695
0.818261	-0.575334	1.64727
0.756944	-0.458933	1.31399
1.31065	-0.641953	1.83801
1.75365	-0.685601	1.96298
1.76077	-0.685615	1.96302
1.8746	-0.663281	1.89907
1.73278	-0.608658	1.74268
1.11514	-0.375369	1.07474
1.79037	-0.590353	1.69027
-0.403885	-0.246372	0.712399
-0.395232	-0.2442	0.706119
-0.393965	-0.251519	0.727281
-0.733593	-0.662326	1.91515
-0.602993	-0.582817	1.68525
-0.552948	-0.594338	1.71856
-0.431678	-0.60679	1.75457
-0.305568	-0.470933	1.36173
0.656466	-0.624856	1.80681
0.845159	-0.712538	2.06034
1.26427	-0.51	1.47469
-0.664811	-0.248321	0.725232
-0.504313	-0.332033	0.969716
-0.646277	-0.506225	1.47845
-0.64992	-0.517618	1.51172
-0.614945	-0.677184	1.97774
0.598293	-0.558293	1.63052
0.705246	-0.500663	1.46221
0.897027	-0.539937	1.57691
1.96347	-0.897427	2.62097
4.21616	-1.64922	4.81662
1.96213	-0.685618	2.00237
1.20287	-0.398328	1.16333
1.57115	-0.511369	1.49347
1.40583	-0.433772	1.26685
1.39162	-0.427999	1.24999
-0.650956	-0.243584	0.718598
-0.372541	-0.236266	0.69701
-0.757661	-0.559818	1.65152
-0.712805	-0.530846	1.56605
-0.655675	-0.508439	1.49995
-0.662683	-0.522493	1.54141
-0.652329	-0.523104	1.54321
-0.481154	-0.512652	1.51238
-0.343916	-0.519516	1.53263
-0.301317	-0.494931	1.4601
0.701438	-0.611905	1.80518
0.81521	-0.518646	1.53006
0.826284	-0.489269	1.4434
1.22032	-0.696279	2.0541
1.11908	-0.61608	1.8175
8.95411	-3.46745	10.2294
1.37784	-0.420877	1.24163
-0.380783	-0.252685	0.753072
-0.403957	-0.52772	1.57275
-0.315218	-0.5958	1.77565
0.0345054	-0.328803	0.979924
0.879674	-0.518878	1.5464
1.00352	-0.570242	1.69948
2.4534	-0.827913	2.46741
-0.626135	-0.240063	0.722846
-0.373176	-0.252301	0.759698
-0.380885	-0.259417	0.781124
-0.600606	-0.497328	1.49749
-0.576594	-0.490679	1.47747
-0.54772	-0.552959	1.665
0.0788084	-0.432953	1.30365
0.117525	-0.576841	1.73691
0.970029	-0.434213	1.30745
1.18957	-0.529912	1.5956
1.27731	-0.499006	1.50254
1.41371	-0.549964	1.65598
5.82216	-2.2181	6.67886
1.73745	-0.588857	1.77309
1.67831	-0.533478	1.60634
-0.360334	-0.235907	0.717748
-0.36503	-0.24071	0.732363
-0.562011	-0.464739	1.41397
-0.530427	-0.547986	1.66725
-0.23144	-0.721652	2.19563
0.666572	-0.457659	1.39243
0.92327	-0.407034	1.23841
1.29607	-0.49899	1.51818
1.66555	-0.617757	1.87953
1.13683	-0.363905	1.10719
1.34181	-0.398719	1.21311
-0.621835	-0.23845	0.733141
-0.352769	-0.237056	0.728855
-0.370926	-0.265053	0.814936
-0.636676	-0.507181	1.55939
-0.55114	-0.463609	1.42542
-0.350628	-0.552603	1.69904
0.729566	-0.404319	1.24312
1.01452	-0.444744	1.36741
2.81432	-1.05439	3.24184
1.57123	-0.523441	1.60938
1.88558	-0.586978	1.80473
-0.343816	-0.235622	0.732173
-0.348101	-0.240405	0.747035
-0.336365	-0.245603	0.763187
-0.546945	-0.491924	1.5286
-0.577011	-0.564472	1.75404
-0.529585	-0.541832	1.68369
-0.427445	-0.62302	1.93597
-0.305916	-0.56606	1.75898
1.32995	-0.505613	1.57114
1.75765	-0.640912	1.99157
1.35434	-0.425975	1.32367
-0.330876	-0.229626	0.721231
-0.333219	-0.233084	0.732093
-0.331641	-0.243557	0.764986
-0.527589	-0.464772	1.4598
-0.602879	-0.553172	1.73746
-0.461424	-0.520791	1.63575
-0.385577	-0.538417	1.69111
-0.292496	-0.514138	1.61485
1.54857	-0.506878	1.59205
1.37138	-0.396032	1.24389
-0.305529	-0.2296	0.729007
2.22789	-1.47687	4.68925
0.949993	-0.532724	1.69146
3.50229	-1.49399	4.74359
6.28418	-2.28936	7.26899
1.64996	-0.536233	1.7026
1.12064	-0.346173	1.09914
2.03346	-0.615095	1.953
1.25074	-0.358471	1.13819
-0.733291	-0.215317	0.691189
-0.304916	-0.230611	0.740283
-0.347522	-0.269923	0.866478
-0.404983	-0.471334	1.51303
0.330237	-0.597316	1.91744
1.68388	-0.62501	2.00634
3.55237	-1.28541	4.12629
1.76517	-0.625616	2.00829
1.92874	-0.610912	1.96108
-0.59743	-0.23717	0.769819
-0.304184	-0.235779	0.765303
-0.551176	-0.499766	1.62216
-0.552936	-0.506739	1.6448
-0.540211	-0.541544	1.75777
-0.300253	-0.500739	1.62532
1.61218	-0.589276	1.9127
1.40877	-0.396265	1.28622
-0.28789	-0.214817	0.705119
-0.488635	-0.556161	1.82555
0.177038	-0.502539	1.64954
0.179721	-0.463445	1.52122
0.201272	-0.462551	1.51828
1.06537	-0.688375	2.25953
1.30165	-0.576519	1.89237
1.67262	-0.607154	1.99293
5.2484	-1.86508	6.12196
1.92309	-0.669317	2.19697
1.80159	-0.566372	1.85907
1.63472	-0.512007	1.68062
1.75634	-0.51749	1.69862
2.44923	-0.719134	2.36049
-0.730467	-0.209536	0.695619
-0.279795	-0.215961	0.716949
-0.291045	-0.233266	0.774397
-0.316397	-0.266362	0.88427
-0.499019	-0.526144	1.7467
-0.418022	-0.458089	1.52077
-0.452665	-0.523521	1.73799
2.34547	-0.966353	3.2081
1.89041	-0.653223	2.16857
-0.276528	-0.214981	0.721919
-0.280974	-0.222628	0.747601
-0.40163	-0.435111	1.46113
-0.4024	-0.447691	1.50337
0.176256	-0.506047	1.69934
1.18093	-0.51396	1.72591
1.02053	-0.415674	1.39586
4.09144	-1.56609	5.25904
1.69344	-0.576112	1.93462
1.27362	-0.347422	1.16666
-0.267733	-0.229509	0.779691
-0.397722	-0.462297	1.57052
0.0502157	-0.46767	1.58878
0.241483	-0.508543	1.72763
1.09506	-0.688916	2.34039
1.15467	-0.471876	1.60306
1.34031	-0.472114	1.60387
1.20486	-0.351588	1.19442
1.37107	-0.37092	1.26009
-0.738747	-0.198533	0.682415
-0.736969	-0.200054	0.687644
-0.727293	-0.20866	0.717223
-0.706886	-0.206476	0.709717
-0.637549	-0.19542	0.671714
-0.262872	-0.218134	0.749788
-0.374579	-0.436536	1.5005
-0.339766	-0.433536	1.49019
-0.308682	-0.459236	1.57852
1.28	-0.558966	1.92133
1.26748	-0.544658	1.87214
9.05889	-3.08712	10.6113
1.47396	-0.447491	1.53815
1.61298	-0.48786	1.67691
1.6447	-0.490107	1.68464
2.16146	-0.614589	2.11252
1.97271	-0.55895	1.92127
-0.736402	-0.195569	0.680249
-0.723908	-0.194846	0.677737
-0.720047	-0.204873	0.712612
-0.243718	-0.204051	0.709754
-0.249847	-0.215986	0.751268
-0.247939	-0.226622	0.788262
-0.343562	-0.419928	1.46064
-0.324978	-0.409776	1.42533
-0.310726	-0.547715	1.90512
-0.166684	-0.425509	1.48005
1.0397	-0.643802	2.23935
1.01151	-0.524511	1.82441
4.34198	-1.46222	5.08607
2.00794	-0.562221	1.95558
-0.703353	-0.199874	0.703623
-0.242378	-0.226691	0.798029
0.234303	-0.476166	1.67626
-0.712448	-0.191714	0.683151
-0.709702	-0.192977	0.68765
-0.705868	-0.192607	0.686333
-0.716366	-0.202574	0.721847
-0.505217	-0.213431	0.760538
-0.228765	-0.224712	0.800736
-0.311009	-0.422929	1.50706
-0.28791	-0.413175	1.4723
0.22592	-0.465594	1.65909
0.408531	-0.506585	1.80516
1.17388	-0.494484	1.76203
1.24813	-0.486282	1.73281
1.10072	-0.426715	1.52055
1.22262	-0.414148	1.47577
1.35416	-0.456721	1.62747
1.85995	-0.510142	1.81783
1.36196	-0.353617	1.26007
-0.222554	-0.200737	0.724159
0.709029	-0.426635	1.53909
1.67189	-0.643419	2.32113
1.33613	-0.447065	1.61278
1.23226	-0.410524	1.48096
1.55731	-0.499338	1.80136
1.29695	-0.332619	1.19992
-0.695534	-0.188449	0.688352
-0.690087	-0.193892	0.708234
-0.215111	-0.208768	0.762569
-0.2042	-0.21464	0.784019
-0.267566	-0.388931	1.42066
0.474714	-0.516639	1.88713
0.930116	-0.378126	1.38119
15.3897	-5.73451	20.9465
2.82488	-0.913612	3.33716
1.519	-0.483039	1.7644
1.61284	-0.462516	1.68944
1.19053	-0.325431	1.18871
1.91404	-0.513949	1.87731
2.0926	-0.495331	1.8093
-0.685639	-0.184758	0.683436
-0.685742	-0.186124	0.688488
-0.682383	-0.187246	0.692638
-0.684626	-0.19426	0.718584
-0.667115	-0.192942	0.71371
-0.660232	-0.191691	0.709081
-0.610597	-0.18592	0.687732
-0.199593	-0.198906	0.735771
-0.183738	-0.20189	0.746809
-0.251447	-0.407758	1.50833
-0.253169	-0.419627	1.55223
1.02462	-0.657909	2.43366
1.19412	-0.567484	2.09917
1.25124	-0.496979	1.83837
1.26565	-0.36113	1.33585
-0.678486	-0.181161	0.678746
-0.678993	-0.18328	0.686684
-0.68037	-0.185001	0.693132
-0.660545	-0.190825	0.714955
-0.443858	-0.16829	0.630524
-0.474671	-0.207623	0.77789
-0.196101	-0.198215	0.742642
-0.18165	-0.199994	0.749305
-0.183011	-0.204534	0.766315
-0.272224	-0.401142	1.50293
-0.16189	-0.456798	1.71146
0.148199	-0.425766	1.59519
0.199094	-0.449788	1.6852
0.288712	-0.488315	1.82954
1.17474	-0.380121	1.42418
1.92725	-0.597497	2.23861
1.16639	-0.311962	1.16881
-0.674671	-0.185872	0.705466
-0.621824	-0.187578	0.711943
-0.167936	-0.200402	0.760613
-0.221063	-0.422487	1.60353
0.316184	-0.516112	1.95888
0.824973	-0.324507	1.23165
1.76754	-0.458386	1.73978
-0.67411	-0.183992	0.707547
-0.631517	-0.184967	0.711294
-0.169528	-0.202981	0.780569
-0.165522	-0.208573	0.802073
-0.175852	-0.419475	1.6131
0.046098	-0.428108	1.6463
0.0763799	-0.431507	1.65937
0.0869331	-0.373954	1.43805
0.113599	-0.414493	1.59395
0.119121	-0.413712	1.59094
0.164503	-0.427289	1.64315
1.42318	-0.518997	1.99582
6.00437	-2.12517	8.1724
4.46815	-1.38441	5.3238
1.59299	-0.437222	1.68135
2.07103	-0.559903	2.15312
1.76432	-0.4532	1.74279
-0.662182	-0.179711	0.700328
-0.660279	-0.181269	0.706396
-0.65371	-0.18016	0.702076
-0.649755	-0.190113	0.740864
-0.629506	-0.188054	0.732839
-0.433101	-0.196033	0.763934
-0.164495	-0.194355	0.757393
-0.213777	-0.37814	1.4736
-0.214439	-0.388979	1.51583
-0.185089	-0.396353	1.54457
0.112575	-0.36809	1.43443
0.975884	-0.523118	2.03857
1.35213	-0.486579	1.89618
1.25423	-0.324864	1.26598
1.02947	-0.265681	1.03535
-0.635915	-0.175633	0.693711
-0.441911	-0.202497	0.799819
-0.154663	-0.189745	0.749452
-0.147293	-0.201866	0.797327
-0.162451	-0.390186	1.54115
-0.145861	-0.422621	1.66926
1.74376	-0.517141	2.04259
1.37901	-0.326284	1.28875
-0.591713	-0.179574	0.719024
-0.550247	-0.177076	0.709022
-0.133627	-0.204617	0.819298
0.170604	-0.410795	1.64484
0.178631	-0.415675	1.66438
0.36071	-0.6445	2.58061
1.15575	-0.450327	1.80313
1.42317	-0.500982	2.00596
1.32458	-0.404589	1.62
1.93561	-0.568658	2.27693
1.23757	-0.32747	1.31121
2.63403	-0.686492	2.74875
1.45273	-0.340212	1.36222
-0.625275	-0.170698	0.693007
-0.624881	-0.172661	0.700974
-0.616869	-0.171139	0.694796
-0.595047	-0.177328	0.719921
-0.590975	-0.176886	0.718128
-0.401305	-0.18876	0.766335
-0.145282	-0.179683	0.729484
-0.145815	-0.190701	0.774214
-0.134693	-0.179593	0.729118
-0.156872	-0.379554	1.54093
-0.152615	-0.382814	1.55416
-0.126893	-0.38987	1.58281
-0.108327	-0.38474	1.56198
0.398787	-0.42063	1.70769
0.928323	-0.57253	2.32438
0.978925	-0.507518	2.06044
-0.611828	-0.170139	0.700498
-0.552772	-0.1722	0.708981
-0.394961	-0.188376	0.775582
-0.116403	-0.194887	0.802387
-0.11355	-0.194954	0.802665
-0.0975415	-0.38125	1.56968
-0.0369693	-0.399457	1.64464
0.0111983	-0.427196	1.75885
0.154776	-0.404643	1.66599
0.303597	-0.410939	1.69192
1.41637	-0.482434	1.98627
-0.597989	-0.166694	0.696148
-0.597616	-0.167292	0.698647
-0.585694	-0.175021	0.730925
-0.57239	-0.173386	0.724097
-0.117969	-0.181206	0.756754
-0.105362	-0.193106	0.806449
-0.071775	-0.389609	1.62709
0.148357	-0.587648	2.45414
1.31001	-0.492163	2.05537
8.78374	-2.52778	10.5565
2.09033	-0.588796	2.45893
3.6701	-0.949233	3.96419
1.35273	-0.344502	1.43871
1.88088	-0.449692	1.878
1.56424	-0.352417	1.47177
1.25446	-0.260529	1.08802
-0.595911	-0.163734	0.69373
-0.595686	-0.166468	0.705311
-0.574046	-0.172181	0.729519
-0.0927655	-0.188379	0.798147
-0.0977011	-0.371082	1.57225
-0.0639768	-0.372771	1.5794
-0.0526607	-0.373292	1.58161
-0.0264796	-0.331149	1.40305
-0.585924	-0.164162	0.705805
-0.569574	-0.1715	0.737352
-0.545822	-0.166682	0.716638
-0.0989717	-0.176195	0.75754
-0.0835033	-0.190779	0.82024
-0.0749634	-0.339717	1.46059
-0.00692841	-0.362112	1.55688
0.00440947	-0.371424	1.59691
0.141794	-0.487408	2.09558
0.148164	-0.402153	1.72903
0.300095	-0.42298	1.81858
1.29364	-0.428452	1.8421
2.54474	-0.622338	2.6757
1.04803	-0.247848	1.06561
-0.546204	-0.165908	0.723995
-0.530996	-0.165238	0.721068
-0.52842	-0.166887	0.728267
-0.517482	-0.165906	0.723986
-0.346021	-0.17284	0.754244
-0.341211	-0.171788	0.74965
-0.0730461	-0.183973	0.802824
0.02096	-0.353739	1.54366
0.14414	-0.40239	1.75596
0.20125	-0.378797	1.653
0.341039	-0.388671	1.69609
0.357265	-0.361754	1.57863
0.770446	-0.392458	1.71262
3.52484	-1.12141	4.89364
6.2151	-1.96745	8.58561
1.27525	-0.362199	1.58057
1.5889	-0.431979	1.88508
3.51789	-0.87415	3.81463
1.48645	-0.322683	1.40813
-0.574893	-0.159082	0.70476
-0.341456	-0.176321	0.781129
-0.0753078	-0.173108	0.766899
-0.0600559	-0.177057	0.784391
-0.0409212	-0.35412	1.56881
-0.0287846	-0.344273	1.52519
0.0106181	-0.376446	1.66772
0.132459	-0.494596	2.19114
0.126384	-0.400288	1.77334
0.210463	-0.474525	2.10222
0.19889	-0.368748	1.63361
0.603404	-0.689751	3.05571
1.15254	-0.547581	2.42587
1.07033	-0.459679	2.03645
1.63824	-0.526571	2.3328
1.38582	-0.387708	1.71761
1.27592	-0.355374	1.57437
1.47925	-0.40658	1.80121
3.49379	-0.861901	3.81836
4.89112	-1.20188	5.32452
-0.562664	-0.150667	0.677785
-0.564439	-0.160928	0.723946
-0.526673	-0.163796	0.736844
-0.0603816	-0.167426	0.753175
0.219833	-0.378935	1.70466
1.17636	-0.394654	1.77537
2.86098	-0.671254	3.01967
-0.536454	-0.154153	0.704339
-0.536251	-0.154827	0.707421
-0.527055	-0.164708	0.752564
-0.512789	-0.161917	0.739812
-0.31616	-0.169478	0.77436
-0.0458373	-0.171384	0.783071
-0.0386184	-0.177125	0.809299
0.0654383	-0.337594	1.5425
0.16912	-0.414502	1.8939
1.17221	-0.367206	1.6778
1.83837	-0.4794	2.19042
3.01266	-0.729231	3.33192
1.24118	-0.278243	1.27132
2.13147	-0.470869	2.15144
2.08247	-0.458376	2.09436
1.56792	-0.326191	1.4904
1.1912	-0.239607	1.09478
-0.549136	-0.153148	0.710892
-0.538463	-0.152304	0.706976
-0.0515351	-0.160084	0.74309
0.0369478	-0.32628	1.51455
0.998118	-0.445817	2.06943
1.18726	-0.366091	1.69935
1.74958	-0.536711	2.49134
3.41734	-0.817476	3.79462
2.02442	-0.438612	2.03598
-0.528198	-0.15206	0.717268
-0.456654	-0.154099	0.726888
-0.0360777	-0.160283	0.756055
-0.0339575	-0.163195	0.769792
-0.0204346	-0.166082	0.783409
-0.0178194	-0.168058	0.79273
0.0897331	-0.357307	1.68542
0.184886	-0.406135	1.91574
0.424294	-0.245138	1.15632
1.42825	-0.378665	1.78617
1.33966	-0.293068	1.3824
1.33292	-0.290511	1.37035
2.03494	-0.435448	2.05401
-0.505258	-0.153632	0.73661
-0.488859	-0.153487	0.735913
-0.491523	-0.156017	0.748045
-0.481332	-0.154478	0.740663
-0.477194	-0.155742	0.746725
-0.267565	-0.160827	0.771105
-0.0064739	-0.167611	0.803632
0.104548	-0.32226	1.54512
0.108268	-0.301585	1.44599
0.168004	-0.377167	1.80837
1.44785	-0.460756	2.20915
1.34707	-0.352954	1.69228
2.29251	-0.572164	2.74331
3.11895	-0.728158	3.49125
2.32151	-0.516948	2.47857
1.39271	-0.277061	1.3284
-0.529654	-0.146824	0.715741
-0.519994	-0.146284	0.71311
-0.510472	-0.145768	0.710593
-0.490179	-0.152195	0.741927
-0.274006	-0.15869	0.773589
-0.0185839	-0.14615	0.712459
-0.00354362	-0.163345	0.796282
0.104835	-0.30175	1.47098
0.124405	-0.297809	1.45177
1.19768	-0.374871	1.82743
-0.50437	-0.143781	0.712832
-0.27115	-0.159273	0.78964
0.592761	-0.628425	3.11559
1.57473	-0.461776	2.28938
17.3362	-4.29559	21.2966
2.83207	-0.609887	3.02368
2.14624	-0.440164	2.18223
-0.488135	-0.1411	0.711647
-0.486025	-0.142741	0.719924
-0.471838	-0.146393	0.738344
-0.459641	-0.14935	0.753258
-0.451986	-0.147735	0.745116
-0.255252	-0.15555	0.784531
0.0230021	-0.162875	0.821475
0.174473	-0.268247	1.35293
0.353924	-0.157248	0.793091
2.04576	-0.489602	2.46935
3.34712	-0.745864	3.76183
3.35608	-0.741848	3.74157
5.19347	-1.12983	5.6984
4.76075	-1.02355	5.16234
1.1823	-0.242798	1.22457
1.76528	-0.357185	1.80149
-0.485086	-0.137791	0.707202
-0.479466	-0.141398	0.725712
-0.466651	-0.144727	0.7428
0.0133648	-0.151538	0.777754
0.290068	-0.308759	1.58468
0.408649	-0.33577	1.72331
0.606791	-0.401013	2.05817
2.70335	-0.761767	3.9097
3.26317	-0.714572	3.66748
1.82673	-0.36189	1.85737
1.17415	-0.202859	1.04116
-0.465204	-0.137783	0.71984
-0.453986	-0.14157	0.73962
-0.429437	-0.142272	0.743289
0.0216329	-0.147878	0.772576
0.0404991	-0.156177	0.815938
0.165545	-0.295238	1.54245
0.178358	-0.264727	1.38305
0.420698	-0.400477	2.09226
2.90614	-0.808704	4.22502
1.86647	-0.43123	2.25293
3.19732	-0.655923	3.42682
-0.445763	-0.139798	0.743698
-0.423099	-0.140285	0.746291
-0.414199	-0.140919	0.749664
-0.391682	-0.138689	0.737798
0.0504981	-0.157025	0.835342
0.0645232	-0.161989	0.861749
0.201352	-0.2575	1.36985
0.706952	-0.528281	2.81035
0.276853	-0.143236	0.76199
0.287471	-0.143051	0.761006
2.97629	-0.502532	2.67337
-0.45666	-0.13338	0.722749
-0.418747	-0.138064	0.74813
-0.215621	-0.144763	0.784431
0.0298141	-0.141739	0.768047
0.0448826	-0.145706	0.789542
0.0601429	-0.141425	0.766343
0.291349	-0.142334	0.77127
0.343854	-0.146946	0.796259
1.32255	-0.309421	1.67667
2.30525	-0.468637	2.53942
2.48206	-0.492836	2.67055
1.1759	-0.209144	1.13329
-0.444994	-0.132078	0.729254
-0.43209	-0.132962	0.734135
-0.398782	-0.13513	0.746105
0.0526849	-0.141021	0.778632
0.0746414	-0.145512	0.803433
0.234202	-0.257048	1.41926
0.294863	-0.136173	0.751867
2.96974	-0.794449	4.38647
8.27169	-1.69749	9.37253
2.15201	-0.399221	2.20426
1.53379	-0.247912	1.36882
-0.424093	-0.129616	0.729486
-0.418535	-0.129524	0.728967
-0.396718	-0.133687	0.752396
0.0858832	-0.147125	0.828028
0.090562	-0.149929	0.843805
0.12766	-0.191996	1.08056
0.249603	-0.257507	1.44926
0.430015	-0.327185	1.84141
0.412581	-0.309147	1.73989
0.500858	-0.33919	1.90898
0.420134	-0.207521	1.16794
3.30445	-0.862644	4.85499
0.798862	-0.203166	1.14343
1.18928	-0.269123	1.51464
1.87627	-0.40773	2.29472
3.68909	-0.708008	3.9847
1.32545	-0.245765	1.38318
3.59348	-0.658866	3.70813
1.28539	-0.220884	1.24314
1.43727	-0.24028	1.3523
-0.426667	-0.126318	0.724921
-0.42035	-0.126777	0.72756
-0.416927	-0.128144	0.735404
-0.382362	-0.132714	0.761627
0.0728683	-0.136673	0.784347
1.32491	-0.374947	2.15178
1.9848	-0.508136	2.91613
3.02918	-0.755499	4.33572
2.69797	-0.483321	2.77372
-0.393479	-0.129241	0.7566
-0.174343	-0.141832	0.830306
0.0841639	-0.133954	0.784191
0.313548	-0.229354	1.34268
0.304677	-0.131499	0.769815
0.314407	-0.130927	0.766468
0.328365	-0.127755	0.747901
1.33752	-0.470185	2.75255
1.24666	-0.223911	1.31081
-0.809268	-0.126394	0.755104
-0.400139	-0.122827	0.733795
-0.397186	-0.122732	0.733226
-0.396747	-0.125095	0.747339
-0.387481	-0.130127	0.777406
-0.370693	-0.128199	0.765887
-0.362319	-0.129152	0.771577
-0.354341	-0.127285	0.760426
-0.349644	-0.128583	0.768179
0.0939907	-0.129224	0.772006
0.122335	-0.146499	0.875215
0.22052	-0.194012	1.15906
0.22689	-0.192327	1.149
0.340667	-0.256045	1.52966
0.350855	-0.164913	0.985222
0.338875	-0.133584	0.798057
1.03433	-0.318485	1.90269
2.04421	-0.505409	3.01941
1.31241	-0.281069	1.67916
1.85469	-0.379689	2.26833
2.56263	-0.472524	2.82295
2.9334	-0.532431	3.18084
-0.774523	-0.119696	0.730053
-0.394214	-0.118528	0.722927
-0.389832	-0.119582	0.72936
-0.149762	-0.138316	0.843623
-0.145923	-0.137565	0.83904
0.0966366	-0.126394	0.770908
0.102112	-0.126291	0.770279
0.113214	-0.129457	0.78959
0.151925	-0.157846	0.962738
0.227703	-0.182398	1.11249
0.332852	-0.153244	0.934668
0.315388	-0.129472	0.789682
0.315225	-0.124895	0.761765
0.332003	-0.128192	0.781872
0.419908	-0.15553	0.948615
1.85401	-0.437341	2.66745
4.01268	-0.751596	4.58416
3.29577	-0.590556	3.60194
2.05077	-0.345674	2.10835
1.51754	-0.223485	1.36309
-0.371654	-0.116328	0.724683
-0.371047	-0.116961	0.728622
-0.358809	-0.121721	0.758279
-0.353978	-0.123858	0.771587
-0.339761	-0.121754	0.758483
0.31263	-0.129152	0.804568
22.8561	-4.58838	28.5839
2.25499	-0.394053	2.4548
-0.35003	-0.0945831	0.602089
-0.369357	-0.116412	0.741045
-0.359472	-0.116672	0.742702
-0.336	-0.121752	0.775039
0.242958	-0.168645	1.07355
0.344703	-0.212221	1.35094
0.497619	-0.302096	1.92306
0.395443	-0.14149	0.900682
1.52713	-0.360099	2.29229
1.23384	-0.249139	1.58595
1.98797	-0.383635	2.44211
13.0596	-2.35344	14.9813
1.30084	-0.215686	1.373
1.36396	-0.193084	1.22912
-0.723276	-0.1096	0.713262
-0.365714	-0.111936	0.728465
-0.364241	-0.112292	0.73078
-0.360212	-0.113513	0.738728
0.126368	-0.115155	0.749413
0.134019	-0.11957	0.77815
0.141652	-0.118912	0.773865
0.512946	-0.300412	1.95505
1.17644	-0.518108	3.37179
0.3224	-0.119717	0.779104
1.0706	-0.259576	1.68929
1.3235	-0.261406	1.7012
2.18275	-0.413853	2.69331
4.84636	-0.854268	5.55947
1.49871	-0.208202	1.35495
-0.734587	-0.110001	0.732227
-0.345135	-0.110415	0.734983
0.269581	-0.165746	1.10329
0.389942	-0.217301	1.44647
0.439502	-0.152895	1.01775
1.47811	-0.331517	2.20676
2.13451	-0.397438	2.64556
2.95395	-0.484992	3.22837
1.46414	-0.233042	1.55125
1.5194	-0.216972	1.44428
-0.738807	-0.110896	0.75544
-0.331918	-0.109655	0.746987
-0.309751	-0.108495	0.739082
-0.314822	-0.112201	0.764332
-0.292177	-0.114121	0.777407
0.155067	-0.113209	0.771197
0.170886	-0.109106	0.743244
0.249656	-0.145689	0.992458
0.412076	-0.215734	1.46961
0.451555	-0.227621	1.55059
0.510255	-0.219212	1.49331
0.360558	-0.123598	0.841971
1.32334	-0.291595	1.98639
5.28737	-0.868814	5.91849
-0.34007	-0.106272	0.741271
-0.317636	-0.105922	0.738826
0.163101	-0.110354	0.769741
0.53872	-0.22367	1.56015
1.25728	-0.269105	1.87707
1.27022	-0.19368	1.35096
-0.725816	-0.106202	0.758945
-0.30686	-0.102457	0.732182
0.17161	-0.107827	0.770562
0.181323	-0.110357	0.788639
0.213095	-0.116865	0.835148
0.553542	-0.244771	1.7492
0.514908	-0.210869	1.50692
0.547367	-0.17737	1.26753
4.63692	-0.735212	5.25402
3.48048	-0.536509	3.83403
-0.305384	-0.101205	0.741417
-0.298315	-0.101528	0.74379
-0.287782	-0.106566	0.780693
-0.264824	-0.105273	0.771219
-0.26296	-0.106774	0.782219
0.190466	-0.107998	0.791184
0.221478	-0.113665	0.832702
0.230254	-0.116588	0.854115
0.238024	-0.115873	0.848879
0.566433	-0.233678	1.71191
0.316308	-0.108107	0.791986
0.361569	-0.116231	0.851501
1.29109	-0.279672	2.04886
1.25121	-0.222627	1.63095
4.32465	-0.666162	4.88025
-0.309564	-0.0991429	0.745045
-0.295957	-0.0973188	0.731336
-0.293202	-0.0981618	0.737672
-0.275189	-0.102344	0.769101
0.194357	-0.102814	0.77263
0.475737	-0.185271	1.39229
0.774716	-0.236751	1.77915
1.13804	-0.241704	1.81637
1.63939	-0.284363	2.13695
5.09803	-0.76555	5.753
1.96357	-0.273702	2.05683
-0.284513	-0.0972055	0.749822
-0.262724	-0.101314	0.781514
-0.188446	-0.093797	0.723529
-0.0414227	-0.112535	0.868068
0.233467	-0.0990264	0.763868
0.785225	-0.318049	2.45336
0.810141	-0.233459	1.80085
1.75831	-0.304275	2.34711
1.7086	-0.290089	2.23768
1.33624	-0.220618	1.7018
12.5752	-1.87011	14.4256
2.28808	-0.328056	2.53055
-0.669499	-0.0791059	0.626798
-0.687156	-0.0972839	0.770832
-0.270985	-0.0946291	0.749796
-0.255429	-0.0990819	0.785078
-0.21917	-0.0980569	0.776957
-0.0246964	-0.10498	0.831812
0.231586	-0.101623	0.80521
0.251539	-0.106377	0.842883
0.718009	-0.273869	2.17001
0.325346	-0.10189	0.807328
0.347744	-0.106057	0.840349
0.715371	-0.199096	1.57754
1.26996	-0.244553	1.93772
3.06977	-0.438985	3.47831
1.23515	-0.167073	1.32381
1.64133	-0.218636	1.73237
-0.658353	-0.092927	0.75689
-0.275248	-0.0907869	0.739459
-0.269838	-0.0916662	0.746621
-0.260881	-0.0913576	0.744107
-0.0097804	-0.10297	0.838689
0.228952	-0.0977349	0.796051
0.250892	-0.0984602	0.801959
0.310988	-0.0982617	0.800341
1.33218	-0.244186	1.98889
1.01862	-0.160008	1.30327
2.46976	-0.379212	3.08868
-0.640062	-0.0889258	0.745128
-0.254648	-0.0894423	0.749455
-0.253037	-0.0898296	0.752701
-0.000702113	-0.0992237	0.831416
0.249673	-0.0974903	0.816891
0.317261	-0.0983546	0.824133
1.39062	-0.24255	2.03238
1.45077	-0.241584	2.02428
1.46132	-0.235062	1.96964
-0.629885	-0.0868176	0.749
-0.237051	-0.0873562	0.753647
-0.215783	-0.0898146	0.774856
-0.214564	-0.0916813	0.790961
-0.204283	-0.0909136	0.784337
-0.190669	-0.0898293	0.774982
-0.185674	-0.090117	0.777465
0.286078	-0.0960315	0.828491
0.32604	-0.0929465	0.801875
0.78748	-0.196598	1.6961
1.15801	-0.245289	2.11618
1.12377	-0.199849	1.72415
1.30315	-0.226732	1.95608
2.30193	-0.31123	2.68507
1.60338	-0.196158	1.69231
1.78622	-0.217698	1.87814
-0.613667	-0.0846178	0.752294
-0.622517	-0.0862192	0.766532
-0.265382	-0.0744253	0.661678
-0.232242	-0.0849991	0.755684
-0.228767	-0.0847211	0.753212
0.999848	-0.26712	2.37482
1.39947	-0.223005	1.98262
1.68985	-0.23987	2.13256
3.24755	-0.419032	3.7254
3.43816	-0.441801	3.92783
-0.832939	-0.0850372	0.779814
-0.601392	-0.0825855	0.757331
-0.59821	-0.0825233	0.756761
-0.214943	-0.0820432	0.752358
-0.1955	-0.0853997	0.783138
-0.127078	-0.0813661	0.746149
0.626793	-0.172698	1.58369
0.522902	-0.142773	1.30927
0.80924	-0.180268	1.6531
1.76799	-0.31312	2.8714
1.31797	-0.205711	1.88643
1.40909	-0.213329	1.95628
1.46379	-0.220506	2.0221
1.5612	-0.225089	2.06413
1.37026	-0.161397	1.48005
1.67485	-0.168414	1.54441
-0.828519	-0.0827622	0.783612
-0.82021	-0.0827791	0.783772
-0.798908	-0.0811887	0.768714
-0.196636	-0.0797378	0.754976
-0.177398	-0.0834955	0.790555
-0.170279	-0.0842038	0.797261
-0.162684	-0.0832594	0.788319
-0.157547	-0.0850902	0.805654
0.289322	-0.0988123	0.935578
0.266347	-0.0841015	0.796292
0.592387	-0.162524	1.53882
0.66764	-0.16893	1.59947
1.71673	-0.226753	2.14695
1.82562	-0.20586	1.94913
2.13068	-0.239338	2.26611
-0.811178	-0.0778661	0.762014
-0.812626	-0.0788059	0.77121
-0.796002	-0.0777257	0.760639
-0.221623	-0.077317	0.75664
-0.209656	-0.0779393	0.76273
-0.190645	-0.0769266	0.752819
-0.17285	-0.0787116	0.770288
0.0565951	-0.0854693	0.83642
0.279305	-0.0956371	0.935924
0.227236	-0.0750864	0.734811
0.392688	-0.105221	1.02971
0.597958	-0.15299	1.4972
1.18933	-0.178557	1.7474
1.80142	-0.226129	2.21295
1.20681	-0.134245	1.31375
1.88047	-0.204369	2
-0.777846	-0.0752161	0.761659
-0.622582	-0.0818856	0.829196
-0.586944	-0.0779469	0.789312
-0.187876	-0.0743214	0.752599
-0.165586	-0.0752912	0.76242
-0.160402	-0.0781216	0.791082
0.308213	-0.0741998	0.751368
1.27642	-0.190236	1.92638
1.19369	-0.1696	1.71742
1.57439	-0.20556	2.08156
1.67461	-0.205887	2.08487
-0.756173	-0.0718478	0.753744
-0.174519	-0.0718255	0.75351
-0.153235	-0.0746944	0.783608
-0.14672	-0.0757063	0.794223
0.275209	-0.0819634	0.859865
0.258287	-0.0720534	0.755901
0.854165	-0.186982	1.9616
0.886456	-0.19089	2.00259
0.928752	-0.175672	1.84294
0.939975	-0.172848	1.81332
1.89914	-0.302876	3.17742
1.45033	-0.186336	1.95482
1.60076	-0.197966	2.07683
1.62658	-0.199295	2.09077
1.77084	-0.20375	2.1375
2.29371	-0.258289	2.70967
2.14791	-0.230109	2.41404
2.02727	-0.206315	2.16442
-0.746853	-0.0686543	0.747139
-0.747514	-0.0694668	0.755981
-0.741941	-0.0692012	0.753091
-0.552309	-0.071364	0.776628
-0.562685	-0.0734494	0.799323
-0.178827	-0.0698613	0.760275
-0.166203	-0.0691712	0.752764
-0.161236	-0.0705609	0.767888
0.262077	-0.0735845	0.800792
0.27612	-0.0734797	0.799653
0.291306	-0.0736743	0.80177
0.287349	-0.0719592	0.783106
0.385979	-0.0888049	0.966431
0.908551	-0.185581	2.01961
1.50483	-0.182823	1.98959
1.60561	-0.188768	2.05429
2.47579	-0.267616	2.91237
1.22819	-0.110693	1.20463
-0.63871	-0.0530746	0.599998
-0.617622	-0.0514967	0.582161
-0.597365	-0.0504941	0.570826
-0.547438	-0.046595	0.526747
-0.749432	-0.0688002	0.777774
-0.746084	-0.0697988	0.789063
-0.738755	-0.0693778	0.784303
-0.557058	-0.0718392	0.812129
-0.151011	-0.0670731	0.758249
-0.149112	-0.0674509	0.76252
-0.129975	-0.0720862	0.814921
0.267161	-0.0738376	0.834721
0.598452	-0.133756	1.51208
0.718137	-0.148342	1.67698
0.88677	-0.171616	1.94009
1.68182	-0.187746	2.12243
2.24765	-0.229025	2.58909
1.40642	-0.136505	1.54316
-0.736689	-0.0683307	0.803643
-0.74722	-0.0698571	0.821594
-0.52161	-0.0656942	0.772634
-0.138112	-0.0648334	0.762511
-0.133711	-0.0653697	0.768818
-0.12024	-0.0704726	0.828834
-0.112464	-0.069363	0.815784
-0.102695	-0.0687306	0.808346
-0.0964026	-0.0684021	0.804483
-0.0689672	-0.0671088	0.789272
0.705096	-0.136549	1.60597
1.04138	-0.186368	2.19189
1.65122	-0.17558	2.06501
1.69269	-0.177588	2.08862
1.94949	-0.179039	2.1057
1.85498	-0.169043	1.98813
-0.493543	-0.0398545	0.488446
-0.469129	-0.0384316	0.471008
-0.764793	-0.0659977	0.80885
-0.771209	-0.0668061	0.818757
-0.722217	-0.0663733	0.813453
-0.516961	-0.0628163	0.76986
-0.147077	-0.0602573	0.738496
-0.143209	-0.0620426	0.760377
-0.134804	-0.0619598	0.759362
0.24921	-0.0657546	0.80587
0.258336	-0.0658588	0.807147
0.282688	-0.0647702	0.793805
0.410865	-0.0839397	1.02874
0.482929	-0.0952237	1.16704
0.69317	-0.127772	1.56594
1.01331	-0.172715	2.11674
1.15515	-0.155815	1.90963
1.39968	-0.151721	1.85945
1.36801	-0.147581	1.80871
1.5457	-0.160624	1.96857
1.60354	-0.165118	2.02364
2.18954	-0.20079	2.46083
1.8978	-0.166609	2.04191
1.47856	-0.118327	1.45019
-0.459776	-0.0348207	0.44549
-0.692413	-0.0640809	0.819838
-0.533294	-0.0637881	0.816093
-0.162576	-0.0566293	0.724505
0.149697	-0.06939	0.887762
0.258043	-0.0623154	0.797251
0.326575	-0.0763149	0.976357
0.381852	-0.0864368	1.10585
0.766172	-0.155564	1.99025
0.563334	-0.111253	1.42335
0.818089	-0.137725	1.76203
1.03592	-0.160671	2.0556
1.42748	-0.154904	1.98181
1.74068	-0.163516	2.092
1.79177	-0.151272	1.93535
1.62431	-0.11865	1.51799
-0.506975	-0.0387398	0.518388
-0.821582	-0.0672425	0.899792
-0.503102	-0.0595048	0.796252
-0.119048	-0.0570701	0.763673
-0.102693	-0.0587406	0.786025
-0.0779402	-0.0593146	0.793706
-0.069935	-0.059811	0.800348
-0.0592212	-0.0606605	0.811716
0.240932	-0.0603336	0.807342
0.908856	-0.181533	2.42915
1.10864	-0.160947	2.15368
1.06327	-0.153286	2.05116
1.1266	-0.153854	2.05877
1.05745	-0.13718	1.83565
1.67997	-0.153546	2.05465
1.7341	-0.151799	2.03127
1.83369	-0.158509	2.12106
1.73662	-0.148262	1.98394
2.16062	-0.180012	2.4088
-0.534226	-0.0393831	0.552362
-0.788781	-0.0615933	0.863868
-0.814225	-0.0643424	0.902425
-0.489548	-0.0565333	0.792899
-0.111484	-0.0547919	0.768476
-0.10396	-0.0552109	0.774352
-0.0966986	-0.0558546	0.783381
0.253297	-0.0597946	0.83864
0.266151	-0.0579835	0.813239
0.286143	-0.0578755	0.811725
0.448245	-0.0779118	1.09274
0.890156	-0.127769	1.792
1.04196	-0.142326	1.99618
1.21608	-0.144197	2.02241
1.58218	-0.137967	1.93504
1.58679	-0.137762	1.93216
1.96973	-0.151105	2.11931
1.38376	-0.0925151	1.29756
-0.528988	-0.0378251	0.557336
-0.788835	-0.0607934	0.895762
-0.493934	-0.0559275	0.824066
-0.0824069	-0.0530577	0.781781
-0.054519	-0.0533519	0.786115
-0.0528082	-0.0545118	0.803207
1.13541	-0.141751	2.08864
1.74108	-0.139592	2.05682
1.798	-0.140563	2.07113
-0.502442	-0.0343715	0.53342
-0.494658	-0.0548265	0.850866
-0.0413209	-0.0518774	0.805099
-0.0324558	-0.0516287	0.801239
-0.026643	-0.0515614	0.800195
0.255244	-0.0486467	0.75496
0.282508	-0.0511171	0.7933
0.308574	-0.0531431	0.824741
0.302915	-0.0497704	0.772399
0.899105	-0.11334	1.75895
1.05146	-0.123001	1.90888
1.86407	-0.135545	2.10355
1.95563	-0.140488	2.18026
-0.501248	-0.0324636	0.532152
-0.797484	-0.0566359	0.928391
-0.800435	-0.0570851	0.935754
-0.80362	-0.0585462	0.959704
-0.760041	-0.0623521	1.02209
-0.47169	-0.0507556	0.832
-0.0613322	-0.0466703	0.765032
-0.0589446	-0.0469659	0.769877
0.314627	-0.0508101	0.832893
0.315313	-0.0490482	0.804012
0.892997	-0.104366	1.71079
1.68623	-0.119486	1.95865
1.78597	-0.125503	2.05728
1.86899	-0.126604	2.07533
-0.695203	-0.0484241	0.841095
-0.434295	-0.0455515	0.791199
-0.0874344	-0.0461757	0.802041
-0.0488512	-0.0452599	0.786134
-0.0240011	-0.0465413	0.808392
-0.015525	-0.0473598	0.822608
-0.000692319	-0.0471992	0.819818
0.213471	-0.0495674	0.860953
0.29574	-0.0464021	0.805974
1.02453	-0.106389	1.84791
1.11048	-0.110983	1.92771
1.40321	-0.12894	2.2396
1.38473	-0.119667	2.07853
1.84968	-0.120173	2.08732
1.82486	-0.099188	1.72283
-0.53213	-0.0311832	0.575962
-0.524913	-0.0308808	0.570377
-0.634669	-0.0430759	0.795624
-0.0998598	-0.0425565	0.786031
-0.0397178	-0.0418978	0.773864
-0.0316066	-0.042245	0.780277
0.242844	-0.0397363	0.73394
0.259254	-0.0415164	0.76682
0.998747	-0.0950566	1.75572
1.23218	-0.110944	2.04917
1.15282	-0.103181	1.90577
1.92168	-0.110655	2.04382
-0.53469	-0.0294622	0.581
-0.6249	-0.040087	0.790524
-0.623075	-0.0407127	0.802864
-0.0751463	-0.0418812	0.825907
-0.0365129	-0.0388016	0.765176
-0.0232035	-0.0396308	0.781528
0.242973	-0.0372373	0.734328
0.451597	-0.0624095	1.23073
0.31219	-0.0392836	0.774682
1.79055	-0.100021	1.97244
-0.640191	-0.0381148	0.806191
-0.601687	-0.0395983	0.837568
-0.400613	-0.0391319	0.827704
0.0226929	-0.0383154	0.810433
0.291747	-0.0379632	0.802984
0.344353	-0.0415128	0.878062
0.858415	-0.0854209	1.80679
1.01414	-0.0811978	1.71747
1.13219	-0.0884882	1.87167
1.26424	-0.0948511	2.00626
1.31326	-0.0963244	2.03742
1.78552	-0.0915359	1.93613
1.88914	-0.092508	1.9567
-0.732923	-0.042596	0.971491
-0.587813	-0.0366123	0.83502
-0.390757	-0.0359341	0.819552
-0.0713978	-0.035826	0.817088
-0.00898569	-0.0337852	0.770541
0.00499902	-0.0344263	0.785163
0.0320812	-0.0362366	0.826452
0.0438534	-0.0361152	0.823683
0.0524185	-0.0358793	0.818301
0.0834232	-0.034081	0.777289
1.18167	-0.083657	1.90797
1.28463	-0.0868988	1.98191
1.83402	-0.0858548	1.9581
1.92989	-0.0866726	1.97675
-1.13087	-0.0479704	1.18697
-0.664164	-0.0347484	0.859804
-0.799371	-0.0430273	1.06466
-0.650639	-0.0358832	0.887885
-0.0805244	-0.0308734	0.763922
-0.0688378	-0.031838	0.787791
-0.000654894	-0.0313413	0.775501
0.00791102	-0.0320598	0.793278
0.0498198	-0.0333063	0.824122
0.963843	-0.0807624	1.99836
1.15105	-0.0734017	1.81623
1.18547	-0.0751695	1.85998
1.79539	-0.0802486	1.98565
1.79479	-0.0765585	1.89434
-0.694358	-0.0353909	0.956962
0.0194991	-0.0295602	0.799301
0.0530083	-0.0306034	0.827509
0.281879	-0.0289796	0.7836
1.20995	-0.0690351	1.86669
1.81852	-0.0693993	1.87654
-0.501863	-0.0188884	0.562976
-0.673464	-0.0317724	0.94699
-0.641859	-0.0305915	0.911794
-0.361458	-0.0279735	0.833764
-0.0991868	-0.0247873	0.738797
0.0313502	-0.0270964	0.807619
0.0339965	-0.0268863	0.801357
0.0686952	-0.0280777	0.836868
0.0838361	-0.0271189	0.808291
0.863943	-0.066567	1.98406
1.18358	-0.0602588	1.79604
1.55525	-0.0739232	2.20331
1.52457	-0.071014	2.1166
1.46089	-0.0677088	2.01809
1.90504	-0.0652268	1.94412
1.9094	-0.0651365	1.94142
1.9166	-0.0646709	1.92754
1.93261	-0.061847	1.84338
-0.617251	-0.0271038	0.899883
-0.607647	-0.0268231	0.890563
-0.0780127	-0.0239281	0.794445
0.0306023	-0.0237446	0.788354
0.0459134	-0.0243266	0.807675
0.345758	-0.0292431	0.970911
1.13145	-0.0514313	1.70759
1.29099	-0.0571291	1.89676
1.42712	-0.0602792	2.00135
1.53931	-0.0634143	2.10544
1.92544	-0.058324	1.93644
1.42121	-0.0409702	1.36027
-0.58137	-0.0242788	0.909743
-0.0919324	-0.0225057	0.843302
0.0573046	-0.0214584	0.80406
0.0896648	-0.0215713	0.80829
0.101959	-0.0217067	0.813365
0.160314	-0.0146915	0.550499
1.90618	-0.0506111	1.89643
-0.446262	-0.0118823	0.510937
-0.620609	-0.0220863	0.949709
-0.624461	-0.0223467	0.960907
-0.134067	-0.0232234	0.998605
-0.0712479	-0.0189622	0.815373
0.0659411	-0.0186818	0.803317
0.0686372	-0.0186274	0.800977
0.115405	-0.0197093	0.847499
0.116965	-0.0194605	0.836798
0.546212	-0.0360346	1.54948
1.31608	-0.0431399	1.85501
1.80857	-0.0556093	2.39119
-1.22812	-0.0264551	1.33448
-0.44144	-0.010061	0.507511
-0.629879	-0.0191085	0.963895
-0.548742	-0.0169272	0.853867
-0.517471	-0.0162359	0.818993
-0.510591	-0.016205	0.817433
-0.2781	-0.0160552	0.80988
-0.0958777	-0.016877	0.851334
0.0346976	-0.0162139	0.817885
0.0651939	-0.0157447	0.794214
0.0749183	-0.0159865	0.806413
0.0862083	-0.0159236	0.803239
0.127795	-0.0168229	0.848605
0.332262	-0.0186854	0.942557
0.465399	-0.0259076	1.30687
1.30005	-0.0363262	1.83241
1.47919	-0.040711	2.0536
1.27079	-0.034801	1.75548
1.64998	-0.0434539	2.19196
1.56943	-0.040747	2.05542
1.97218	-0.040495	2.0427
2.11272	-0.0425855	2.14816
-0.728947	-0.0114184	0.696563
-0.72571	-0.0114466	0.698282
-0.538879	-0.0143914	0.877925
-0.495113	-0.0140478	0.856964
-0.297785	-0.0135066	0.823949
-0.288927	-0.0133716	0.815714
-0.0863443	-0.0155562	0.94898
0.0980933	-0.0132075	0.805704
1.52205	-0.0323705	1.97471
-0.733059	-0.00936947	0.722909
-1.34901	-0.0197733	1.52563
-0.463029	-0.00695712	0.536782
-0.533421	-0.0115344	0.889943
-0.520166	-0.0113158	0.873082
-0.481568	-0.0110092	0.849422
-0.481335	-0.0110743	0.854446
-0.297085	-0.0102451	0.790468
-0.047488	-0.0112049	0.864524
-0.0359482	-0.010562	0.81492
-0.0277922	-0.0108185	0.834709
0.105382	-0.0103031	0.794941
0.111477	-0.0103367	0.797537
0.140395	-0.0107912	0.832601
0.144176	-0.0108497	0.837121
1.41321	-0.0249298	1.92348
1.66957	-0.0271842	2.09742
1.76282	-0.0285731	2.20458
1.60586	-0.0200592	1.54768
-0.721415	-0.00685236	0.719097
-0.457125	-0.00507104	0.532162
-0.575241	-0.00914524	0.959715
-0.520921	-0.00843386	0.885062
-0.508937	-0.0083941	0.88089
-0.313145	-0.00718174	0.753663
-0.319563	-0.0073931	0.775843
-0.304302	-0.00722989	0.758716
-0.307073	-0.00771171	0.809279
-0.107812	-0.00857329	0.899694
-0.0865674	-0.0084005	0.881561
-0.0575077	-0.00751114	0.78823
-0.0370218	-0.00799739	0.839259
-0.0237112	-0.00761023	0.798629
-0.0131345	-0.00819797	0.860308
0.0407894	-0.00730057	0.766133
0.107668	-0.00753451	0.790683
1.42292	-0.0182756	1.91787
1.44239	-0.0183474	1.92541
1.45431	-0.0183226	1.92281
1.70357	-0.0207699	2.17962
1.7268	-0.0206717	2.16932
1.56576	-0.0186593	1.95814
1.76087	-0.0161716	1.69707
1.86794	-0.0154382	1.62011
-0.490862	-0.00349899	0.573846
-0.483719	-0.00520244	0.853217
-0.478789	-0.0053537	0.878025
-0.271615	-0.0044928	0.736835
-0.0469954	-0.00461131	0.75627
-0.00673523	-0.00509789	0.836072
0.0330224	-0.00518708	0.850699
0.127627	-0.00493136	0.808759
0.132137	-0.0049916	0.818639
0.161277	-0.00507257	0.831919
1.61639	-0.00953192	1.56327
-0.708374	-0.00193801	0.727002
-0.530196	-0.00167348	0.627768
-0.499953	-0.00236585	0.887496
-0.439225	-0.00219065	0.821773
-0.41693	-0.00213712	0.801692
-0.310851	-0.00189566	0.711115
-0.0845599	-0.00221423	0.830619
-0.0646024	-0.00214813	0.805823
-0.0510725	-0.00285314	1.07029
0.00532835	-0.00223095	0.83689
0.089606	-0.00481248	1.8053
0.139109	-0.00215314	0.807703
0.147291	-0.00214505	0.80467
0.173666	-0.00226184	0.84848
0.184011	-0.00223881	0.839841
0.195782	-0.00220094	0.825632
1.26945	-0.00598686	2.24584
1.2408	-0.0050469	1.89323
1.74743	-0.00555027	2.08206
1.72105	-0.00544311	2.04186
-0.564494	0.000509748	0.665537
-0.464778	0.000652817	0.852331
-0.433362	0.000621011	0.810804
-0.325562	0.000580002	0.757263
-0.319928	0.000579688	0.756852
-0.22567	0.000620669	0.810358
-0.221591	0.000625653	0.816865
-0.110939	0.000616353	0.804722
-0.0453805	0.000728396	0.951009
-0.0259822	0.000885298	1.15586
0.00508345	0.000611529	0.798424
0.0235472	0.000644095	0.840944
0.0306302	0.000666253	0.869873
0.159705	0.000630969	0.823806
1.0873	0.00148276	1.93593
1.22816	0.00142744	1.86369
1.71623	0.00158667	2.07159
1.77604	0.00160018	2.08923
-0.738102	0.00320344	0.76316
-0.217069	0.0035475	0.845126
-0.0945396	0.00312366	0.744153
-0.0921078	0.00332655	0.792488
-0.0453632	0.00306426	0.730004
-0.0296569	0.00337354	0.803683
0.132748	0.00330456	0.78725
0.202241	0.00347434	0.827696
1.30886	0.00802949	1.91288
1.31144	0.00796142	1.89666
1.46278	0.0078924	1.88022
1.92402	0.00942051	2.24426
-0.762121	0.00567341	0.743637
-0.759305	0.00585856	0.767906
-0.720596	0.00572696	0.750656
-0.358216	0.00324974	0.425957
-0.407534	0.00632956	0.829642
-0.299165	0.00574237	0.752675
-0.0844881	0.0059128	0.775014
-0.067884	0.00547515	0.71765
-0.0742587	0.00706678	0.926272
-0.0130253	0.00852151	1.11695
0.0532938	0.00634729	0.831965
0.181353	0.00631484	0.827712
0.185115	0.00624045	0.817961
0.20353	0.00626256	0.820859
0.322084	0.00711631	0.932763
0.813105	0.0151228	1.9822
1.44514	0.0197575	2.58969
1.41064	0.0169815	2.22584
1.39822	0.01519	1.99102
1.89057	0.0166148	2.17777
1.94128	0.0144244	1.89066
-0.761827	0.00855316	0.773275
-0.380852	0.00503079	0.454824
-0.237462	0.00329266	0.297683
-0.411269	0.00912675	0.825132
-0.399029	0.00911899	0.824431
-0.189307	0.00904079	0.817361
-0.182384	0.00899008	0.812777
-0.0715632	0.00836811	0.756545
-0.0128853	0.0122217	1.10494
0.0128059	0.0104318	0.943121
0.0232824	0.0105564	0.954385
0.0368087	0.0128815	1.16459
0.0527309	0.00964823	0.872278
0.182604	0.0090692	0.819929
0.190437	0.00916156	0.828279
0.818776	0.0218856	1.97864
1.3893	0.0242475	2.19217
1.31587	0.0207256	1.87376
1.67008	0.0220101	1.9899
1.64672	0.0216095	1.95368
-0.865042	0.0120212	0.82947
-0.765014	0.0113787	0.785131
-0.602332	0.00923228	0.63703
-0.384891	0.0118789	0.819644
-0.388844	0.012188	0.840978
-0.172308	0.0118929	0.820615
0.00752631	0.0171319	1.18211
0.0468483	0.013679	0.943855
0.0655526	0.0121054	0.835273
0.0781806	0.012196	0.841529
0.198239	0.0119343	0.823469
0.207802	0.0119721	0.826077
1.43278	0.0286849	1.97926
1.63077	0.0274525	1.89423
1.83778	0.0296937	2.04887
1.78675	0.0252196	1.74016
-0.652631	0.0124192	0.692869
-0.472546	0.0102476	0.571712
-0.309692	0.00966831	0.539395
-0.322231	0.0103859	0.579428
-0.319911	0.0103784	0.579011
-0.313168	0.0105023	0.585926
-0.277675	0.00970488	0.541435
-0.278462	0.00994207	0.554668
-0.372736	0.0149148	0.832095
-0.369634	0.0149107	0.831866
-0.156344	0.0145998	0.814525
-0.0426075	0.0139035	0.775675
-0.0254187	0.0136839	0.763425
0.081344	0.0145637	0.81251
0.0896404	0.0149708	0.835218
0.36187	0.0189827	1.05904
0.988113	0.0435599	2.4302
1.72749	0.0353742	1.97352
2.14096	0.0419403	2.33985
2.08951	0.0407719	2.27467
1.85243	0.03545	1.97775
-0.783628	0.0172391	0.807222
-0.612774	0.0140005	0.655573
-0.351382	0.013321	0.623759
-0.283624	0.0114876	0.537907
-0.29821	0.0123313	0.577416
-0.284532	0.0121037	0.566759
-0.285765	0.0122441	0.573332
-0.366951	0.0174945	0.819181
-0.0399155	0.0166089	0.777716
-0.0279673	0.0161857	0.757896
0.0169462	0.00853074	0.399453
0.066091	0.0233482	1.09328
0.0919578	0.0177033	0.82896
0.108212	0.0184356	0.863252
1.44398	0.0415644	1.94626
1.52894	0.0435862	2.04093
1.60181	0.0394049	1.84514
-0.347299	0.0104154	0.420182
-0.334604	0.0143557	0.579146
-0.3544	0.0153973	0.621164
-0.343789	0.020872	0.84203
-0.0208462	0.0198101	0.799188
-0.00609696	0.0187603	0.75684
0.777777	0.051037	2.05896
1.55312	0.0504197	2.03406
1.64966	0.0459577	1.85405
1.79593	0.0480842	1.93984
2.17093	0.0570142	2.3001
1.8226	0.044155	1.78133
-0.798775	0.0215396	0.763289
-0.779678	0.0218528	0.77439
-0.729508	0.0215259	0.762805
-0.7094	0.0215836	0.764849
-0.39476	0.0135367	0.479696
-0.421301	0.0151088	0.535406
-0.34181	0.0163883	0.580747
-0.263783	0.0160992	0.570501
-0.328437	0.0237492	0.84159
-0.32005	0.0238025	0.84348
-0.121576	0.023649	0.838041
-0.116218	0.0237894	0.843016
-0.0175421	0.0220221	0.78039
0.00705834	0.019973	0.707776
0.0532808	0.0210968	0.7476
0.0616779	0.0221777	0.785902
0.108098	0.0236544	0.838232
0.123651	0.0243361	0.862388
0.13652	0.0249839	0.885344
0.834975	0.0606392	2.14885
1.51835	0.0687819	2.4374
1.2736	0.0573625	2.03273
1.61191	0.0579311	2.05288
2.19651	0.0651741	2.30955
-0.785613	0.023843	0.753307
-0.781097	0.0245549	0.775799
-0.735638	0.0252016	0.796233
-0.375166	0.0200522	0.633538
-0.309135	0.0262861	0.830496
-0.112894	0.0266153	0.840896
-0.00617607	0.0242656	0.766661
0.0020407	0.0233918	0.739052
0.0814978	0.0248697	0.785747
0.138549	0.0271681	0.858362
0.493377	0.0461888	1.45931
1.66819	0.0666326	2.10522
-0.77087	0.0262039	0.746917
-0.785469	0.0281768	0.803152
-0.7356	0.0267828	0.763418
-0.711328	0.0271168	0.772937
-0.464928	0.0199076	0.567447
-0.363995	0.021305	0.607279
-0.304477	0.029556	0.842464
-0.293632	0.0287905	0.820644
-0.300652	0.0303978	0.866459
-0.0925951	0.0308179	0.878435
0.0138023	0.028179	0.803214
0.0404927	0.0249901	0.712318
0.126637	0.0295016	0.840914
0.141179	0.0287581	0.819723
1.41891	0.0794508	2.26467
1.65345	0.0722186	2.05852
2.54753	0.0932667	2.65848
-0.7741	0.0282946	0.734648
-0.730727	0.029099	0.755534
-0.390033	0.0184971	0.480264
-0.313127	0.0189787	0.492769
-0.228092	0.0200966	0.521794
-0.290307	0.0332597	0.863564
-0.272071	0.0322068	0.836227
-0.074807	0.0329723	0.856103
0.035065	0.0293402	0.761796
0.0525482	0.0283975	0.737321
0.052185	0.0216341	0.561714
0.0889295	0.0258368	0.670834
1.73811	0.144183	3.74361
1.73191	0.0815801	2.11817
1.83149	0.0750225	1.94791
2.29426	0.0908431	2.35868
2.07537	0.0795228	2.06475
-0.76813	0.0342066	0.815489
-0.655307	0.0301043	0.717688
-0.358524	0.0184359	0.439514
-0.284426	0.0351129	0.837094
-0.275389	0.0355043	0.846426
0.0279608	0.033308	0.794065
0.0388288	0.0328139	0.782287
0.101642	0.0297352	0.708889
0.14079	0.0350226	0.834942
0.146161	0.0341669	0.814541
0.610726	0.0712148	1.69777
0.749812	0.0840628	2.00406
0.887845	0.0772143	1.84079
0.92242	0.0773306	1.84357
1.04216	0.080415	1.9171
1.64912	0.073011	1.74059
2.2065	0.0941065	2.24351
-0.351458	0.019638	0.432765
-0.677261	0.0518979	1.14368
-0.261227	0.0278055	0.612756
-0.262915	0.0383701	0.845569
-0.257806	0.0385178	0.848824
0.0473528	0.0355451	0.783313
0.0509052	0.0360608	0.794678
0.0537519	0.0310797	0.684909
0.0705884	0.0344784	0.759806
0.748412	0.101534	2.23752
0.717058	0.0861374	1.89823
1.44985	0.106229	2.341
1.7201	0.0922097	2.03204
-0.811849	0.0389389	0.797772
-0.739836	0.0380462	0.779483
-0.671261	0.0354627	0.726553
-0.375631	0.0288529	0.591132
-0.246397	0.0410596	0.841222
-0.252244	0.0442109	0.905784
0.0841674	0.0337431	0.691321
0.0968642	0.0366618	0.751119
1.13317	0.169002	3.46247
0.763772	0.0959402	1.9656
0.673691	0.0823328	1.68682
1.69991	0.0967819	1.98285
1.75481	0.0990744	2.02982
1.91515	0.0961023	1.96892
2.11649	0.103147	2.11325
2.11517	0.101619	2.08194
2.04402	0.0916922	1.87857
-0.819492	0.0428276	0.819805
-0.832495	0.0458211	0.877106
-0.483384	0.0312332	0.597865
-0.358241	0.0292856	0.560584
-0.235841	0.0247189	0.473169
-0.346997	0.0414693	0.793805
0.065404	0.0416244	0.796774
0.0687123	0.0418898	0.801854
0.126065	0.0399099	0.763954
0.166226	0.0483944	0.926364
0.715623	0.0944591	1.80813
0.761945	0.0978977	1.87396
1.33307	0.117939	2.25758
1.09376	0.0928002	1.77638
2.12803	0.17642	3.37703
2.23629	0.183297	3.50867
1.69145	0.101365	1.94033
1.74191	0.10396	1.99
2.06444	0.108859	2.08378
2.13365	0.108558	2.07801
2.03358	0.0969947	1.85667
-0.769371	0.0456487	0.819945
-0.600089	0.0416929	0.74889
-0.325163	0.0272513	0.48949
-0.389289	0.0337239	0.605751
-0.263688	0.0269213	0.483563
-0.224378	0.0466695	0.838281
-0.220602	0.0491979	0.883696
0.089856	0.0436761	0.784514
0.105228	0.0419123	0.752831
0.516435	0.0878518	1.578
0.765997	0.102165	1.8351
0.742693	0.0911808	1.6378
1.14122	0.110987	1.99355
2.19633	0.188646	3.38847
1.77295	0.110935	1.99262
1.86283	0.115159	2.06849
1.95153	0.108873	1.95558
-0.798359	0.0482489	0.816332
-0.814712	0.0494195	0.836136
-0.662788	0.043767	0.740502
-0.600463	0.0568181	0.961315
-0.223794	0.0430397	0.728196
-0.242528	0.0471962	0.798521
-0.218557	0.0510095	0.863038
0.100331	0.0459836	0.778004
0.822575	0.110735	1.87354
0.838295	0.110138	1.86344
1.01335	0.123257	2.08541
1.23209	0.118967	2.01283
1.58969	0.130444	2.20701
1.68388	0.137485	2.32613
2.22144	0.125667	2.12618
-0.811423	0.0518857	0.82969
-0.662102	0.0464474	0.742728
-0.209021	0.0331876	0.530694
-0.243854	0.0502096	0.802888
-0.210582	0.0491997	0.786739
-0.20568	0.0530576	0.848429
-0.198447	0.0535824	0.856821
0.132936	0.0482692	0.771859
0.901187	0.112636	1.80113
0.887606	0.109362	1.74878
1.44799	0.12447	1.99036
1.53804	0.130913	2.09339
1.87693	0.128787	2.05941
1.92408	0.1176	1.88051
2.08566	0.125704	2.0101
1.81484	0.102607	1.64076
-0.733235	0.0525594	0.796742
-0.503979	0.0422508	0.640475
-0.185723	0.0573639	0.869573
-0.176086	0.0572888	0.868434
0.618217	0.119353	1.80927
0.738975	0.130293	1.9751
2.26993	0.130283	1.97494
-0.879451	0.0631056	0.909307
-0.866925	0.0626741	0.90309
-0.793575	0.0578055	0.832936
-0.476249	0.0414335	0.597028
-0.33269	0.0340182	0.490179
-0.213703	0.0228215	0.328842
-0.16381	0.059227	0.853419
-0.154412	0.059163	0.852498
0.11233	0.0543696	0.783428
0.63524	0.125061	1.80204
1.62449	0.146955	2.11752
1.99282	0.145972	2.10335
1.90809	0.139235	2.00628
2.00082	0.130647	1.88254
2.31876	0.148387	2.13816
2.24718	0.142857	2.05847
-0.462171	0.0425819	0.584665
-0.289029	0.0313483	0.430423
-0.212402	0.0403854	0.554507
-0.194431	0.06744	0.925976
-0.184787	0.0652149	0.895424
-0.156265	0.0628337	0.862729
-0.1455	0.0622211	0.854318
-0.144284	0.0644293	0.884637
0.10176	0.0530222	0.728014
0.682053	0.132769	1.82296
2.95831	0.330567	4.5388
1.96222	0.150838	2.07105
1.91531	0.130804	1.79599
2.1637	0.146776	2.01528
2.20345	0.146039	2.00516
-0.716553	0.0591478	0.775576
-0.432578	0.0760962	0.997813
-0.133336	0.0683939	0.896816
0.11807	0.0597921	0.784025
0.562685	0.132581	1.73847
0.70071	0.154759	2.02927
0.736208	0.144493	1.89467
1.28423	0.161908	2.12302
1.66176	0.175067	2.29557
1.75629	0.139249	1.82591
2.11279	0.148086	1.94178
-0.697449	0.0613587	0.769922
-0.306665	0.0307767	0.386183
-0.353835	0.0517122	0.648879
-0.397364	0.0608923	0.76407
-0.308517	0.0591753	0.742525
-0.257827	0.0701507	0.880244
-0.116553	0.069187	0.868151
-0.116797	0.0712451	0.893975
0.748523	0.165831	2.08083
0.759692	0.148903	1.86842
0.854159	0.155044	1.94548
0.823944	0.148342	1.86137
1.27239	0.168638	2.11605
2.04165	0.170436	2.13862
2.33154	0.165294	2.07409
2.49324	0.175073	2.19679
-0.847941	0.0739824	0.889999
-0.434926	0.0676424	0.81373
-0.420076	0.0680887	0.819099
-0.414436	0.0676502	0.813824
-0.568333	0.110818	1.33313
-0.208117	0.0464768	0.55911
-0.191259	0.0618992	0.74464
-0.117106	0.0725085	0.872268
-0.107751	0.0725626	0.87292
-0.103941	0.0721028	0.867388
0.596367	0.151476	1.82223
0.814428	0.159436	1.91799
1.94764	0.224771	2.70397
1.84926	0.161633	1.94443
2.01175	0.15218	1.83071
2.04057	0.152856	1.83884
2.12612	0.158237	1.90357
2.3704	0.171976	2.06885
-0.708144	0.0606626	0.700832
-0.813605	0.0802989	0.927689
-0.367361	0.0461156	0.532771
-0.356467	0.045221	0.522435
-0.271821	0.0350383	0.404796
-0.643181	0.124283	1.43584
-0.0993579	0.0245304	0.283398
-0.25329	0.0757842	0.87553
-0.165156	0.0896308	1.0355
-0.0900371	0.0765538	0.884421
-0.0880041	0.0775726	0.896192
0.788607	0.177316	2.04853
0.842879	0.187761	2.16919
0.834059	0.165796	1.91543
0.857159	0.167612	1.93641
2.23767	0.171751	1.98422
-0.393762	0.0508576	0.565149
-0.420723	0.0663593	0.73741
-0.428889	0.0689547	0.76625
-0.376999	0.0711546	0.790697
-0.0712648	0.0799943	0.888927
-0.0681718	0.0801262	0.890393
0.0660175	0.0756991	0.841198
0.609356	0.155557	1.72861
0.64732	0.161936	1.79949
0.69341	0.166779	1.85332
0.86848	0.190526	2.1172
0.849732	0.165987	1.84451
0.875897	0.169769	1.88654
0.915952	0.168379	1.87109
1.20839	0.176609	1.96255
2.21439	0.175023	1.94493
-0.748747	0.0778372	0.833183
-0.367596	0.049804	0.533111
-0.442978	0.0720783	0.77154
-0.362934	0.0727629	0.778868
-0.36579	0.076906	0.823216
-0.250228	0.0818244	0.875864
-0.0705145	0.0821705	0.879569
-0.0545853	0.0820623	0.87841
0.135242	0.080064	0.85702
0.683375	0.170633	1.82649
0.917124	0.200076	2.14166
0.836833	0.16331	1.7481
1.16121	0.180411	1.93115
1.28176	0.195622	2.09397
1.28674	0.192971	2.0656
2.96414	0.335712	3.59352
2.12975	0.210802	2.25647
2.12216	0.172491	1.84638
-0.728476	0.0778866	0.804173
-0.802241	0.0978469	1.01026
-0.69557	0.0852234	0.879924
-0.446271	0.0734369	0.75823
-0.437859	0.0729464	0.753166
-0.0890551	0.0417955	0.431535
-0.0457822	0.0863951	0.892022
-0.0399954	0.0878134	0.906666
0.147642	0.083027	0.857247
0.705018	0.172528	1.78134
0.783157	0.18822	1.94336
0.870003	0.195126	2.01466
0.889219	0.174646	1.8032
2.61486	0.301756	3.1156
2.56533	0.294773	3.04351
-0.425941	0.0838798	0.836416
-0.422396	0.084987	0.847456
-0.396567	0.0873751	0.87127
-0.181998	0.0510098	0.508649
-0.245562	0.0872998	0.870519
-0.0193472	0.0863148	0.860697
0.776241	0.188119	1.87585
0.922268	0.18094	1.80426
1.3499	0.206556	2.05969
1.94005	0.272842	2.72067
-0.774185	0.0879394	0.847882
-0.74357	0.0847967	0.817582
-0.792123	0.0944528	0.910683
-0.411189	0.0715818	0.690168
-0.387546	0.089731	0.865157
-0.189911	0.0800586	0.771898
-0.033415	0.093918	0.905526
-0.013382	0.090909	0.876515
-0.0104273	0.0927393	0.894161
0.808036	0.195704	1.88692
0.877029	0.205493	1.9813
1.33626	0.211465	2.03888
1.29962	0.204542	1.97213
4.97913	0.607482	5.85714
3.74321	0.449074	4.32982
-0.652166	0.078706	0.734553
-0.475829	0.0647927	0.604702
-0.910128	0.149231	1.39276
-0.437526	0.0889104	0.82979
-0.432825	0.0897974	0.838068
-0.43811	0.095564	0.891887
-0.360304	0.10473	0.977432
-0.23737	0.0725447	0.67705
-0.243897	0.0914726	0.853702
-0.0576363	0.112428	1.04927
0.00243179	0.0943637	0.880684
0.0736165	0.0960927	0.896821
0.0767723	0.0959952	0.895911
0.11807	0.0840072	0.784028
0.186814	0.0928871	0.866903
0.201213	0.0952643	0.889089
0.832369	0.203137	1.89585
0.983034	0.215167	2.00813
1.07031	0.213799	1.99536
1.0061	0.198306	1.85076
-0.675484	0.0831183	0.751659
-0.59485	0.0847589	0.766495
-0.334577	0.0522891	0.472862
-0.471249	0.0853987	0.772281
-0.446863	0.0814609	0.73667
-0.404933	0.0891921	0.806585
-0.400246	0.0949815	0.85894
-0.237056	0.0755458	0.683179
0.018614	0.0990076	0.895349
0.140324	0.092022	0.832177
0.148535	0.0934119	0.844746
0.15218	0.0919339	0.83138
0.17601	0.0967964	0.875353
0.179665	0.0953856	0.862595
0.865287	0.206086	1.86369
0.93097	0.21505	1.94475
0.977626	0.214517	1.93993
1.05898	0.227485	2.0572
1.13068	0.225512	2.03936
1.339	0.239074	2.162
1.38449	0.221416	2.00232
2.11017	0.291818	2.63898
-0.626686	0.076146	0.66788
-0.484082	0.0701388	0.61519
-0.354906	0.0574804	0.504163
-0.399937	0.0858905	0.753349
-0.410965	0.0907235	0.795739
-0.337559	0.089518	0.785166
-0.269212	0.111662	0.979396
-0.194738	0.0929674	0.815421
-0.110894	0.0602135	0.528135
0.0247284	0.100687	0.883126
0.132888	0.0898505	0.788082
0.196569	0.105767	0.927691
0.201383	0.101452	0.889841
0.212839	0.102332	0.897562
0.369916	0.13638	1.19619
0.872758	0.211039	1.85103
1.12731	0.221722	1.94474
1.37288	0.248392	2.17865
1.40291	0.226598	1.9875
-0.358077	0.0594351	0.506075
-0.418072	0.0799917	0.68111
-0.400625	0.100972	0.859754
-0.250735	0.108553	0.924301
-0.0279749	0.0744791	0.634171
0.0436311	0.103237	0.879038
0.182241	0.0976849	0.831763
0.606524	0.227688	1.93871
0.634809	0.227804	1.9397
1.09175	0.237439	2.02174
1.35087	0.247518	2.10756
1.47851	0.241071	2.05266
1.49894	0.240785	2.05023
2.26511	0.287338	2.44661
-0.814527	0.100303	0.829805
-0.734082	0.0991361	0.820155
-0.386544	0.086254	0.713581
-0.401921	0.0989018	0.818216
-0.406326	0.100725	0.8333
-0.421796	0.108574	0.898236
-0.386631	0.102676	0.849441
-0.399687	0.108727	0.899502
-0.190737	0.067854	0.561358
-0.0189584	0.087854	0.726818
0.0524264	0.104828	0.867241
0.0566549	0.106906	0.884435
0.0658944	0.106377	0.880062
0.171636	0.105062	0.869183
0.231684	0.0949889	0.785845
0.670283	0.242225	2.00394
0.726838	0.254435	2.10494
1.06451	0.244817	2.02538
1.13219	0.248453	2.05545
1.28333	0.272693	2.25599
1.12866	0.226885	1.87703
1.44988	0.236216	1.95422
1.44912	0.23495	1.94374
1.53821	0.245828	2.03374
-0.730454	0.100636	0.809579
-0.746808	0.104138	0.837748
-0.441462	0.0980422	0.788713
-0.393125	0.0896165	0.720931
-0.414396	0.104866	0.843612
-0.384955	0.108574	0.873435
-0.22771	0.105751	0.850728
-0.00743162	0.0605086	0.486769
0.0486736	0.106435	0.856231
0.0623674	0.10878	0.875099
0.0691682	0.109557	0.881345
0.241188	0.102952	0.828213
0.604798	0.229718	1.848
0.9674	0.227242	1.82808
1.41772	0.235246	1.89247
1.5331	0.249587	2.00783
-0.769543	0.110718	0.866758
-0.509541	0.083097	0.650525
-0.420897	0.114495	0.896321
-1.21173	0.428277	3.35277
-0.287795	0.108195	0.847008
0.0817999	0.112472	0.880486
0.155396	0.0969813	0.759219
0.706083	0.250731	1.96285
0.769067	0.26773	2.09592
0.888371	0.222002	1.73794
1.10675	0.253343	1.98329
1.20946	0.239685	1.87637
1.55367	0.256287	2.00635
1.60647	0.262553	2.0554
-0.589247	0.099594	0.759275
-0.399883	0.0737561	0.562294
-0.513097	0.115768	0.882583
-0.516027	0.117892	0.89877
-0.39464	0.112835	0.860221
-0.383607	0.116066	0.884853
-0.339076	0.107044	0.816073
-1.05048	0.385099	2.93588
-0.253586	0.127711	0.973634
0.109623	0.121711	0.927885
0.115088	0.117061	0.892436
0.253509	0.115618	0.881433
0.784217	0.269736	2.05638
0.990454	0.228386	1.74114
1.19585	0.265644	2.02519
1.34702	0.295616	2.25368
1.35506	0.293834	2.2401
1.29542	0.259267	1.97657
1.29784	0.25833	1.96943
1.54849	0.283409	2.16062
1.73809	0.285118	2.17365
1.87799	0.246847	1.88189
-0.643998	0.0976336	0.725352
-0.737628	0.114621	0.851561
-1.29592	0.222697	1.65449
-0.79959	0.13804	1.02555
-0.355961	0.0673726	0.500533
-0.439852	0.0942402	0.700142
-0.43899	0.117699	0.874423
-0.370056	0.108574	0.806634
-0.335971	0.109792	0.815678
-0.875955	0.332876	2.47305
-0.216931	0.0859362	0.638448
-0.272819	0.139067	1.03318
-0.239246	0.123642	0.918577
-0.174096	0.104429	0.775841
0.104589	0.12291	0.913142
0.112274	0.120556	0.895653
0.118241	0.120057	0.891945
0.242278	0.113386	0.842384
0.25061	0.114417	0.850042
0.263257	0.111974	0.831894
0.63887	0.239053	1.77601
0.83198	0.28295	2.10213
1.09423	0.254084	1.88767
1.10826	0.255752	1.90007
1.32528	0.291421	2.16506
1.31237	0.265154	1.96992
1.61454	0.27056	2.01008
1.57356	0.259041	1.9245
1.57657	0.258397	1.91972
-0.71189	0.108909	0.789004
-0.69209	0.106305	0.770137
-0.307413	0.0590685	0.427929
-0.461657	0.100855	0.730657
-0.437359	0.108556	0.786449
-0.384011	0.11288	0.817771
-0.404552	0.127746	0.92547
-0.382753	0.121867	0.882884
-0.170273	0.0722388	0.523343
-0.276495	0.214989	1.55752
0.13645	0.125069	0.90608
0.371446	0.15841	1.14762
0.58182	0.227824	1.6505
0.815524	0.272033	1.97078
1.32003	0.290815	2.10685
1.34858	0.270628	1.9606
1.58679	0.295218	2.13874
1.51491	0.249152	1.80502
-0.791602	0.107752	0.761683
-0.66806	0.108652	0.768051
-0.487644	0.120151	0.849337
-0.422766	0.123566	0.873473
-0.415228	0.131132	0.926955
-0.394085	0.131886	0.932285
-0.245664	0.105644	0.746787
-0.107744	0.0794078	0.561325
-0.0460562	0.160845	1.13699
-0.04558	0.193658	1.36895
0.913363	0.306895	2.16941
0.972626	0.315983	2.23365
1.20279	0.273147	1.93084
1.36945	0.298883	2.11277
1.36567	0.276522	1.9547
1.81054	0.33544	2.37119
1.82082	0.335758	2.37344
-3.09211	0.569383	3.92958
-0.355911	0.0721496	0.497938
-0.449881	0.102584	0.707979
-0.473949	0.118863	0.820331
-0.485927	0.128272	0.885263
-0.448879	0.128631	0.887745
-0.422236	0.127354	0.878927
-0.329331	0.117918	0.813805
-0.170859	0.0744417	0.513757
-0.235029	0.134476	0.928081
-0.296192	0.263135	1.81602
0.147923	0.127109	0.877242
0.232184	0.126488	0.872953
0.275631	0.133829	0.923615
0.898635	0.296572	2.04678
0.842403	0.275749	1.90307
1.25426	0.286764	1.97909
1.38346	0.302534	2.08793
1.42287	0.306153	2.11291
1.3523	0.273403	1.88688
1.70655	0.31932	2.20378
1.70811	0.31813	2.19556
-0.744974	0.12704	0.856476
-0.377064	0.12587	0.848587
-0.233112	0.13851	0.933805
-0.000913151	0.16039	1.08132
0.160147	0.132381	0.892484
0.269484	0.218373	1.47223
0.537241	0.243492	1.64157
0.712956	0.288203	1.94301
0.794555	0.282346	1.90352
0.839818	0.270401	1.82299
1.30424	0.298462	2.01217
1.40364	0.305894	2.06228
1.3886	0.293293	1.97732
1.75635	0.327277	2.20644
-0.776298	0.129026	0.850196
-0.788855	0.132685	0.874306
-0.329143	0.069533	0.458177
-0.338184	0.118385	0.780077
-0.318981	0.120697	0.795315
-0.116227	0.0936535	0.617116
-0.240367	0.239542	1.57843
-0.192445	0.236601	1.55904
-0.206744	0.26183	1.72529
0.150994	0.106335	0.700679
0.306061	0.195875	1.29069
0.577263	0.256385	1.68941
0.883902	0.284499	1.87466
0.892438	0.282919	1.86425
1.36158	0.285446	1.8809
1.73891	0.32708	2.15524
-0.793084	0.13696	0.88252
-0.674432	0.118854	0.765852
-0.88228	0.174808	1.1264
-0.851069	0.169404	1.09158
-0.432307	0.104985	0.676485
-0.52281	0.136184	0.87752
-0.350735	0.124519	0.802356
-0.341622	0.129852	0.836722
-0.321281	0.125444	0.808317
-0.172382	0.123177	0.793708
-0.154744	0.144056	0.928248
-0.0741587	0.079332	0.511187
-0.164884	0.190598	1.22815
0.00275195	0.154669	0.996633
0.331309	0.242656	1.56359
0.268796	0.138114	0.889957
0.616777	0.263449	1.69757
0.955437	0.305144	1.96624
0.963389	0.294569	1.89809
1.28137	0.287597	1.85317
1.39733	0.30411	1.95958
-0.771597	0.126078	0.794828
-0.15573	0.0759244	0.478645
-0.203367	0.197785	1.24688
-0.145438	0.198491	1.25133
-0.0355433	0.0772773	0.487174
0.237906	0.210307	1.32583
0.274235	0.192212	1.21175
0.247353	0.145544	0.917544
0.239151	0.127116	0.801371
0.648753	0.304379	1.91888
0.602129	0.260296	1.64097
0.762787	0.28987	1.82741
1.29134	0.291681	1.83883
1.43315	0.310942	1.96025
1.54353	0.323713	2.04076
1.58291	0.319777	2.01595
1.79722	0.339674	2.14139
-0.842	0.130839	0.807376
-0.847214	0.132106	0.815193
-0.842995	0.134243	0.828378
-0.830449	0.133666	0.824816
-0.805507	0.132015	0.81463
-0.804568	0.13283	0.819659
-0.778801	0.132469	0.81743
-0.685538	0.12167	0.750796
-0.681199	0.12138	0.749002
-0.747692	0.138728	0.856052
-0.821111	0.166811	1.02935
-0.345516	0.0779436	0.48097
-0.411567	0.103783	0.640416
-0.367595	0.139734	0.862264
-0.3153	0.130929	0.807929
-0.131899	0.113491	0.700324
-0.232927	0.346255	2.13665
-0.103291	0.199808	1.23296
-0.0211544	0.0521422	0.321756
0.0625087	0.0884416	0.54575
0.215529	0.187128	1.15472
0.321591	0.216484	1.33587
0.250126	0.152398	0.940409
0.525154	0.265899	1.64079
0.676587	0.314252	1.93917
0.683515	0.282443	1.74288
0.774685	0.298185	1.84002
0.796903	0.296577	1.8301
0.844008	0.296898	1.83208
1.14598	0.348561	2.15088
1.05981	0.315937	1.94957
1.42901	0.312131	1.92608
1.44969	0.3136	1.93514
1.69142	0.339729	2.09638
1.84842	0.346488	2.13809
1.89146	0.350175	2.16084
-0.673559	0.125546	0.758648
-0.462757	0.130112	0.78624
-0.367064	0.146196	0.883433
-0.189506	0.0963893	0.582459
-0.140279	0.289566	1.74978
0.0875029	0.106341	0.642595
0.327247	0.26933	1.6275
0.197983	0.123183	0.744365
0.716916	0.294399	1.77899
1.38429	0.313335	1.89342
1.37084	0.308767	1.86581
1.42829	0.309554	1.87056
1.52833	0.329679	1.99218
-0.846753	0.138588	0.820443
-0.664138	0.125846	0.745011
-0.716416	0.137985	0.816871
-0.193194	0.0454277	0.268933
-0.259758	0.1395	0.82584
-0.181974	0.272941	1.61582
0.349173	0.248731	1.47249
0.730251	0.389796	2.3076
0.624858	0.284855	1.68634
0.794082	0.303025	1.79391
0.953206	0.319504	1.89147
1.00654	0.302726	1.79214
1.1893	0.348738	2.06453
1.39825	0.313773	1.85754
1.76003	0.354234	2.09707
1.87304	0.361451	2.1398
-0.835496	0.141001	0.81811
-0.807229	0.1372	0.796053
-0.815169	0.143657	0.83352
-0.804156	0.142241	0.825303
-0.457415	0.15372	0.891906
-0.435117	0.147262	0.854435
-0.364313	0.146049	0.847396
-0.217841	0.15721	0.912157
-0.0926537	0.110076	0.638676
-0.15424	0.24385	1.41485
-0.259863	0.456094	2.64632
-0.0433936	0.102509	0.594774
0.0166882	0.167379	0.971156
0.0199988	0.165794	0.961961
0.103774	0.156155	0.906032
0.320962	0.261068	1.51475
0.341692	0.26443	1.53426
0.312632	0.180554	1.0476
0.57756	0.294427	1.70831
0.603401	0.301176	1.74747
0.893178	0.27586	1.60058
1.67334	0.360673	2.09268
1.80498	0.365945	2.12326
1.78417	0.3602	2.08993
1.83416	0.356731	2.0698
1.86782	0.358897	2.08237
2.4211	0.360786	2.09333
-0.858323	0.14619	0.831653
-0.798995	0.139998	0.796428
-0.797952	0.140827	0.801147
-0.792404	0.141383	0.804312
-0.7997	0.150391	0.855555
-0.700393	0.137552	0.782516
-0.448643	0.12203	0.694213
-0.453224	0.175034	0.995748
-0.341517	0.140817	0.801091
-0.300376	0.164105	0.93357
-0.11921	0.115691	0.658153
-0.105553	0.131157	0.746137
0.369749	0.282687	1.60817
0.483994	0.271944	1.54705
0.687961	0.35022	1.99235
0.874824	0.419089	2.38414
0.888026	0.30755	1.74961
0.988104	0.309256	1.75931
1.09945	0.337604	1.92058
1.4218	0.418148	2.37879
1.48146	0.331655	1.88674
1.58265	0.341755	1.9442
1.76157	0.356691	2.02917
1.80683	0.362841	2.06415
2.25181	0.382818	2.1778
-0.699999	0.134731	0.751791
-0.69884	0.142218	0.793569
-0.696876	0.223127	1.24503
-0.333713	0.153247	0.855111
-0.0920977	0.137736	0.768558
-0.0613323	0.150656	0.840652
0.159827	0.185754	1.03649
0.205719	0.228408	1.2745
0.406568	0.244155	1.36237
0.715351	0.320995	1.79113
0.863262	0.313725	1.75056
1.28724	0.372483	2.07843
1.38625	0.394249	2.19988
1.3313	0.295711	1.65005
1.82619	0.395043	2.20431
1.83686	0.368484	2.05612
1.72263	0.334761	1.86794
2.28717	0.395042	2.20431
-0.703028	0.141747	0.776081
-0.68252	0.142139	0.778222
-0.201571	0.0512491	0.280594
-0.206667	0.162977	0.892313
-0.0820885	0.158502	0.867816
-0.0276699	0.124763	0.683089
-0.0212843	0.149035	0.815983
0.0367629	0.212442	1.16314
0.0631203	0.190707	1.04414
0.0647125	0.184512	1.01022
0.349424	0.286567	1.56898
0.729706	0.306073	1.67578
0.829245	0.328768	1.80004
0.842424	0.319012	1.74662
1.10274	0.370502	2.02853
0.854577	0.279703	1.5314
1.39969	0.401103	2.19608
1.27845	0.360245	1.97237
1.86885	0.404963	2.21721
1.93778	0.414579	2.26986
1.82998	0.35685	1.95379
-0.787782	0.142033	0.763304
-0.84116	0.157147	0.844528
-0.879331	0.169178	0.909183
-0.84049	0.164153	0.882178
-0.409962	0.11804	0.63436
-0.513206	0.159322	0.856218
-0.502254	0.206969	1.11228
-0.191973	0.111023	0.596652
0.03187	0.243091	1.3064
0.25311	0.257302	1.38277
0.327102	0.273301	1.46875
0.325386	0.26334	1.41522
0.249327	0.167613	0.90077
0.414655	0.264951	1.42388
0.543414	0.326981	1.75724
0.81762	0.327685	1.76102
0.775026	0.301256	1.61899
1.1723	0.396022	2.12827
1.36703	0.388125	2.08583
1.69507	0.380721	2.04604
1.75592	0.389306	2.09218
1.91875	0.414718	2.22875
1.80878	0.363541	1.95371
-0.83584	0.158459	0.83616
-0.718002	0.148434	0.783258
-0.702065	0.149855	0.790755
-0.423676	0.137257	0.724276
-0.38191	0.129305	0.682318
-0.214637	0.129318	0.682387
-0.202921	0.171372	0.904297
-0.0503793	0.153639	0.810724
-0.0437629	0.150983	0.796709
-0.0369785	0.158861	0.838277
-0.0263487	0.168182	0.887461
0.0211019	0.232717	1.228
0.0751835	0.267614	1.41214
0.0727228	0.193374	1.0204
0.0710814	0.179908	0.949338
0.235635	0.270608	1.42794
0.253835	0.273577	1.44361
0.457751	0.301616	1.59157
0.487553	0.28232	1.48975
0.699094	0.328752	1.73476
0.737031	0.323441	1.70673
0.633004	0.26245	1.3849
1.37921	0.394464	2.08151
1.33427	0.37348	1.97078
1.69765	0.381689	2.0141
1.98036	0.416728	2.19899
1.90615	0.382725	2.01957
2.20399	0.430999	2.2743
-0.791322	0.154972	0.803214
-0.323846	0.0869783	0.450804
-0.470525	0.152377	0.789762
-0.248967	0.124235	0.643905
-0.199004	0.18286	0.947754
-0.192343	0.179828	0.932038
-0.174989	0.172653	0.89485
0.230676	0.229579	1.1899
0.198064	0.186704	0.967679
0.523005	0.301685	1.56362
0.610556	0.337629	1.74991
0.565884	0.300504	1.5575
0.669024	0.326145	1.69039
0.715165	0.322219	1.67004
0.893682	0.33972	1.76075
1.21091	0.381678	1.97822
1.31445	0.404777	2.09794
1.92168	0.388378	2.01294
2.21953	0.43702	2.26505
2.14902	0.421587	2.18506
2.21328	0.429469	2.22591
-0.724031	0.159493	0.812198
-0.983095	0.226645	1.15416
-0.374543	0.113808	0.579554
-0.355276	0.16365	0.833367
-0.355206	0.165013	0.84031
-0.356106	0.169776	0.864561
-0.186779	0.174679	0.889533
-0.173261	0.173989	0.886016
-0.0126733	0.163008	0.830098
0.00790904	0.243938	1.24222
0.0231913	0.265023	1.3496
0.0431727	0.218402	1.11218
0.087127	0.283023	1.44126
0.187988	0.180359	0.918454
0.236118	0.167515	0.853049
0.446471	0.297382	1.51438
0.467381	0.29679	1.51137
0.575748	0.31118	1.58465
0.616956	0.292775	1.49092
0.767067	0.321933	1.6394
1.39388	0.385806	1.96467
1.86144	0.414182	2.10917
1.88121	0.399019	2.03195
2.2257	0.437973	2.23033
-0.776563	0.156347	0.782506
-1.32792	0.332612	1.66469
-0.557325	0.324289	1.62304
-0.003609	0.162036	0.810974
0.0434538	0.204655	1.02428
0.249097	0.308347	1.54325
0.252472	0.265141	1.32701
0.177763	0.17664	0.884068
0.579585	0.346215	1.73277
0.59511	0.320897	1.60606
0.628253	0.329159	1.64741
0.642468	0.321412	1.60864
0.669836	0.317884	1.59098
1.01169	0.376844	1.88607
1.17452	0.383379	1.91878
1.64838	0.450485	2.25464
1.76216	0.386318	1.93349
2.02117	0.42462	2.12519
2.07463	0.418402	2.09406
2.37928	0.467923	2.34192
-0.1721	0.108708	0.534886
-0.12921	0.147925	0.727851
-0.286519	0.382385	1.88149
0.099266	0.298157	1.46706
0.0801573	0.190109	0.935414
0.236371	0.304419	1.49787
0.253746	0.227871	1.12122
0.512589	0.321863	1.5837
0.530075	0.311989	1.53511
0.853959	0.337151	1.65892
0.986503	0.359282	1.76781
1.24223	0.407641	2.00576
1.10537	0.348525	1.71488
1.1982	0.361612	1.77928
1.36358	0.388634	1.91224
1.45076	0.399347	1.96495
1.63172	0.444816	2.18868
1.90513	0.416592	2.0498
2.08694	0.436049	2.14554
-0.752563	0.167037	0.808244
-15.8235	4.08109	19.7472
-0.301429	0.181416	0.877818
-0.0906929	0.112433	0.54403
0.0977727	0.283523	1.37188
0.226488	0.271777	1.31505
0.512736	0.310118	1.50057
0.461008	0.240727	1.16481
0.825978	0.402007	1.94519
0.752479	0.334949	1.62072
0.907031	0.364152	1.76202
1.1563	0.390396	1.88901
1.22286	0.387744	1.87618
1.32602	0.398413	1.9278
1.59872	0.438932	2.12386
1.60917	0.439696	2.12756
1.85658	0.414438	2.00534
1.7641	0.392268	1.89807
1.95008	0.425372	2.05825
2.48667	0.502276	2.43036
2.34517	0.472032	2.28402
-0.731802	0.169054	0.804641
-1.76334	0.515713	2.45462
-0.55281	0.197334	0.939243
-0.259127	0.171124	0.814496
-0.173906	0.251858	1.19876
-0.168205	0.263228	1.25288
0.0993485	0.278772	1.32686
0.225663	0.28117	1.33828
0.514689	0.313163	1.49055
0.651207	0.333537	1.58752
0.751304	0.365527	1.73979
0.669181	0.307594	1.46405
0.795053	0.341226	1.62412
0.838379	0.335136	1.59514
0.963687	0.372451	1.77275
1.13679	0.387897	1.84626
1.24005	0.415826	1.97919
1.71489	0.465274	2.21455
1.92635	0.420767	2.00271
2.12827	0.449701	2.14043
2.44144	0.510321	2.42896
2.3012	0.46435	2.21015
2.62833	0.475966	2.26544
-0.822636	0.170796	0.799869
-0.767767	0.172073	0.805848
-0.722665	0.169	0.791458
-0.400228	0.202174	0.946818
-0.157847	0.186084	0.871464
-0.142028	0.238717	1.11795
-0.133289	0.23751	1.1123
0.0812614	0.20249	0.948298
0.21507	0.297821	1.39475
0.506234	0.375844	1.76014
0.441095	0.323428	1.51467
0.46358	0.316409	1.4818
1.25406	0.482982	2.26189
1.02779	0.385801	1.80677
1.19638	0.400814	1.87708
1.41116	0.416254	1.94939
1.74729	0.475169	2.2253
1.8652	0.502619	2.35385
1.98741	0.431489	2.02074
2.28027	0.461252	2.16012
2.55753	0.515576	2.41453
-0.807896	0.177268	0.817046
-0.792232	0.175754	0.810067
-0.767802	0.172239	0.793868
-0.744372	0.175488	0.808843
-0.7482	0.252594	1.16423
-0.459351	0.168298	0.775701
-0.519305	0.192609	0.887755
-0.50167	0.195719	0.902091
-0.387715	0.197318	0.909457
-0.393111	0.280817	1.29431
-0.163091	0.187876	0.86594
-0.139372	0.193975	0.894049
0.242434	0.293129	1.35106
0.404586	0.313054	1.4429
0.551727	0.343083	1.5813
0.534766	0.316198	1.45739
1.06103	0.389852	1.79687
1.70843	0.469911	2.16587
1.69895	0.452814	2.08707
1.85933	0.411679	1.89747
1.99904	0.43778	2.01777
2.07216	0.452148	2.084
-0.280561	0.152797	0.69329
-0.297279	0.167885	0.76175
-0.217177	0.155744	0.706663
-0.147775	0.249284	1.13108
-0.0892264	0.245292	1.11297
0.248658	0.299395	1.35846
0.268929	0.300152	1.36189
0.323335	0.330683	1.50042
0.661188	0.355243	1.61186
0.745255	0.348356	1.58061
0.865286	0.360369	1.63511
0.932652	0.37812	1.71566
1.00562	0.382343	1.73482
1.08141	0.401176	1.82027
1.18912	0.411187	1.86569
1.17371	0.392533	1.78106
2.03451	0.541236	2.45577
2.03001	0.445113	2.01963
2.15588	0.46768	2.12202
2.2975	0.486321	2.2066
2.30751	0.48508	2.20097
2.56105	0.518752	2.35375
2.5263	0.489026	2.21887
2.88653	0.553499	2.51141
-0.769143	0.184178	0.822864
-2.08816	0.575508	2.57123
-0.513548	0.186171	0.831771
-0.476131	0.196734	0.878963
-0.393646	0.18763	0.838289
-0.333429	0.17807	0.795578
-0.159362	0.196928	0.879827
-0.128798	0.165759	0.740573
0.0904821	0.299308	1.33724
0.0969881	0.243102	1.08613
0.205066	0.312263	1.39512
0.208045	0.301983	1.34919
0.312085	0.329664	1.47286
0.53343	0.395305	1.76613
0.509152	0.352094	1.57308
0.526074	0.344602	1.5396
0.553632	0.321893	1.43814
0.552825	0.309817	1.38419
0.725301	0.336586	1.50379
0.943843	0.381033	1.70237
1.14237	0.422695	1.8885
1.04311	0.376978	1.68425
1.16531	0.383213	1.71211
1.39174	0.419862	1.87584
1.30871	0.387286	1.7303
2.20027	0.477955	2.13539
2.48006	0.522285	2.33345
2.44533	0.499714	2.23261
2.65672	0.535857	2.39408
-0.825781	0.185727	0.817254
-0.81689	0.187747	0.826142
-0.775857	0.186476	0.820551
-0.764427	0.185141	0.814676
-0.13615	0.177908	0.782847
-0.290212	0.413511	1.81957
-0.129925	0.225999	0.994462
-0.0906236	0.245835	1.08175
-0.0807714	0.279191	1.22852
0.0879865	0.312149	1.37355
0.203947	0.307771	1.35429
0.280031	0.300339	1.32158
0.496212	0.344569	1.51621
1.1815	0.411954	1.81272
1.42007	0.416751	1.83383
1.72693	0.499822	2.19937
1.7469	0.47712	2.09947
2.04399	0.449245	1.97681
2.1327	0.465496	2.04832
2.28365	0.495012	2.1782
2.40589	0.509252	2.24086
2.33891	0.48851	2.14959
2.53204	0.513533	2.2597
2.52057	0.509566	2.24224
-0.828901	0.187239	0.811652
-0.840934	0.197633	0.856707
-0.807962	0.193437	0.838517
-0.389075	0.189682	0.822242
-0.0885334	0.294491	1.27657
-0.0352713	0.244378	1.05934
0.397742	0.344974	1.49541
0.450684	0.332326	1.44058
0.485176	0.331051	1.43505
0.546359	0.333656	1.44634
0.685777	0.366345	1.58805
0.588152	0.296843	1.28677
0.836812	0.391463	1.69693
0.770994	0.358055	1.55211
0.928486	0.388856	1.68563
0.976088	0.386048	1.67346
1.05137	0.403356	1.74848
1.17129	0.433755	1.88026
1.18819	0.41594	1.80303
1.16989	0.402921	1.7466
1.8871	0.497333	2.15586
2.3681	0.513999	2.22811
2.50308	0.525469	2.27783
2.4703	0.498943	2.16284
-0.507736	0.208349	0.88992
-0.483477	0.203539	0.869378
-0.470681	0.204791	0.874724
-0.325273	0.193349	0.825853
-0.47143	0.282817	1.208
-0.45897	0.316249	1.35079
-0.36416	0.274199	1.17119
-0.169175	0.214401	0.915774
-0.143485	0.243673	1.0408
-0.0380989	0.241719	1.03246
0.0291855	0.161064	0.687955
0.0743672	0.288012	1.23019
0.100713	0.300443	1.28328
0.360205	0.378664	1.61739
0.498392	0.33792	1.44336
0.526653	0.339363	1.44952
0.603903	0.360518	1.53988
0.643333	0.367178	1.56833
0.663293	0.350817	1.49845
0.687208	0.346529	1.48013
0.970642	0.404613	1.72822
1.14974	0.368178	1.5726
1.65629	0.48936	2.0902
-0.541915	0.222817	0.93797
-0.495485	0.207614	0.87397
-0.517905	0.218397	0.919362
-0.486217	0.209048	0.880009
-0.466785	0.208872	0.879268
-0.311452	0.189582	0.798066
-0.0934331	0.24394	1.02689
-0.151246	0.428871	1.80538
0.0115158	0.274312	1.15474
0.111643	0.323089	1.36007
0.111446	0.296473	1.24803
0.204364	0.30764	1.29504
0.212157	0.305414	1.28567
0.259173	0.317582	1.33689
0.295835	0.343348	1.44536
0.437526	0.324736	1.36701
0.481385	0.338236	1.42384
0.52085	0.343957	1.44792
0.585093	0.34801	1.46498
0.664688	0.345452	1.45422
1.04562	0.391934	1.64988
1.22844	0.364949	1.53629
1.94531	0.505041	2.12602
2.29548	0.50116	2.10968
2.35839	0.48289	2.03277
-0.619796	0.236391	0.980941
-0.45551	0.21404	0.888193
-0.440841	0.213141	0.884463
-0.329188	0.201413	0.835793
-0.164636	0.295518	1.2263
-0.0337208	0.220214	0.913812
-0.0467704	0.379621	1.5753
0.18583	0.320383	1.32948
0.209023	0.292469	1.21364
0.495368	0.345715	1.4346
0.708199	0.385548	1.59989
0.947242	0.406434	1.68656
1.54804	0.488571	2.0274
1.31847	0.406519	1.68691
1.86246	0.541754	2.24809
1.76925	0.499426	2.07245
2.46172	0.536331	2.22559
2.38703	0.51669	2.14408
2.48224	0.52373	2.1733
-1.64766	0.485111	1.98478
-0.535405	0.21573	0.882635
-0.482907	0.21789	0.891472
-0.388268	0.213571	0.873803
-0.137026	0.174483	0.713878
-0.153985	0.203732	0.833549
-0.126623	0.194042	0.793901
0.284546	0.322731	1.32042
0.366571	0.389684	1.59435
0.339844	0.350285	1.43315
0.388412	0.356927	1.46033
0.498272	0.325502	1.33176
0.532973	0.338388	1.38448
0.579806	0.328165	1.34265
0.731466	0.373465	1.52799
0.858103	0.39633	1.62154
0.951415	0.422168	1.72726
1.00523	0.429191	1.75599
0.982862	0.397129	1.62481
1.29206	0.447393	1.83046
1.28908	0.441847	1.80777
1.62423	0.548404	2.24374
1.3201	0.434885	1.77929
1.35406	0.439663	1.79883
1.6773	0.531881	2.17613
1.73343	0.509188	2.08329
1.87181	0.540467	2.21126
1.82789	0.512503	2.09685
2.12008	0.573095	2.34476
-1.89243	0.562555	2.26976
-0.609407	0.239048	0.964498
-0.424796	0.220817	0.890942
-0.35823	0.225424	0.909528
-0.125984	0.195773	0.789895
-1.0431	2.15744	8.70472
-0.0915489	0.25967	1.0477
0.0143123	0.261247	1.05406
0.0380554	0.242978	0.980356
0.327076	0.358197	1.44523
0.362658	0.308651	1.24533
0.550974	0.358083	1.44477
0.44059	0.281029	1.13388
0.628352	0.376346	1.51846
0.802614	0.381099	1.53764
0.925231	0.424654	1.71337
0.936847	0.418799	1.68975
0.891266	0.393308	1.5869
1.1004	0.411608	1.66073
1.16314	0.425809	1.71803
1.29152	0.448898	1.81119
1.35979	0.458709	1.85077
1.45227	0.464814	1.8754
1.56872	0.481891	1.94431
1.83305	0.500467	2.01926
2.41265	0.525203	2.11906
-1.25369	0.374599	1.49077
-0.555904	0.223633	0.889978
-0.514086	0.233803	0.93045
-0.458466	0.219992	0.875491
-0.452724	0.218743	0.87052
-0.431508	0.215979	0.85952
-0.426936	0.215237	0.856565
-0.421678	0.217302	0.864783
-0.114413	0.0828543	0.329731
-0.26452	0.202055	0.804107
-0.0401618	0.273482	1.08836
-0.0368839	0.278359	1.10777
0.0073566	0.290341	1.15545
0.109198	0.307278	1.22286
0.259358	0.349161	1.38954
0.271874	0.352396	1.40241
0.279043	0.336643	1.33972
0.334779	0.354754	1.41179
0.454553	0.341481	1.35897
0.782153	0.395657	1.57457
0.817012	0.398817	1.58715
0.837322	0.392246	1.561
1.00261	0.411578	1.63793
1.06097	0.391696	1.55881
1.73091	0.572327	2.27765
1.47652	0.466097	1.8549
1.65802	0.483935	1.92589
3.31099	0.757112	3.01303
2.35642	0.511958	2.03741
-0.586329	0.243307	0.955229
-0.517999	0.220125	0.864215
-0.467817	0.219972	0.863615
-0.429951	0.240604	0.944615
-0.179753	0.252777	0.992407
-0.100111	0.180251	0.707669
-0.0786711	0.342329	1.34399
-0.0627742	0.291086	1.14281
0.0746367	0.334424	1.31296
0.0889508	0.317904	1.2481
0.173904	0.3169	1.24416
0.210337	0.324664	1.27464
0.229978	0.340118	1.33531
0.34345	0.352819	1.38517
0.411742	0.347231	1.36324
0.449875	0.366272	1.43799
0.537825	0.369702	1.45146
0.605824	0.382911	1.50332
0.709154	0.40806	1.60205
0.733541	0.402424	1.57993
0.761281	0.393213	1.54376
0.916617	0.397819	1.56185
0.906976	0.388856	1.52666
1.04454	0.412763	1.62052
1.15788	0.415694	1.63203
1.76012	0.516426	2.0275
1.84013	0.510231	2.00318
2.036	0.52345	2.05508
2.31664	0.587056	2.3048
-0.554628	0.230545	0.893091
-0.518614	0.226075	0.875777
-0.455534	0.21423	0.829892
-0.322141	0.191819	0.743073
-0.353645	0.227616	0.881744
-0.27576	0.214048	0.829185
-0.940246	0.754366	2.92229
-0.113523	0.187988	0.728234
-0.159439	0.290939	1.12705
-0.104879	0.240397	0.931259
-0.0448017	0.151054	0.585156
0.0118861	0.307674	1.19188
0.104008	0.31332	1.21375
0.227399	0.348123	1.34857
0.241473	0.354507	1.3733
0.257961	0.31427	1.21743
0.2956	0.316973	1.2279
0.385453	0.345961	1.34019
0.429209	0.331248	1.2832
0.592654	0.386551	1.49743
0.663475	0.377689	1.4631
0.74711	0.393973	1.52619
0.792584	0.408917	1.58408
0.812287	0.40734	1.57797
0.876746	0.436607	1.69134
0.96784	0.420541	1.62911
1.13788	0.46086	1.78529
1.14997	0.445592	1.72615
1.06269	0.407363	1.57806
1.58874	0.480403	1.861
2.0976	0.529219	2.0501
-2.8826	1.0822	4.13727
-0.556766	0.235879	0.901769
-0.563156	0.242841	0.928383
-0.470936	0.238519	0.911859
-0.346429	0.455002	1.73948
-0.167434	0.301895	1.15415
-0.0366431	0.322833	1.2342
0.0703321	0.323627	1.23723
0.105873	0.337374	1.28979
0.162807	0.339726	1.29878
0.318658	0.368306	1.40804
0.406212	0.343594	1.31356
0.513425	0.384913	1.47153
0.845697	0.409647	1.56609
0.897347	0.42613	1.6291
0.843748	0.387978	1.48325
0.947857	0.409871	1.56694
1.15229	0.438198	1.67524
1.17771	0.443216	1.69442
1.31372	0.481901	1.84231
1.4176	0.459588	1.75701
1.63413	0.478468	1.82919
-1.23872	0.375841	1.41824
-1.32106	0.409273	1.54439
-1.53283	0.586046	2.21145
-0.539103	0.244229	0.921599
-0.435275	0.233115	0.879659
-0.449154	0.245924	0.927994
-0.391573	0.251933	0.950671
-0.139287	0.105283	0.397286
-0.0548039	0.166207	0.627185
-0.0185469	0.321933	1.21482
0.264005	0.347947	1.31298
0.339277	0.35237	1.32967
0.509594	0.379215	1.43097
0.552131	0.366357	1.38245
0.582147	0.354288	1.33691
0.829759	0.455906	1.72036
1.02933	0.432878	1.63347
1.17122	0.44197	1.66778
1.30832	0.465053	1.75488
1.31864	0.462018	1.74343
1.32413	0.455263	1.71794
1.47789	0.498792	1.88219
1.51975	0.479866	1.81078
1.48709	0.419135	1.58161
-1.6957	0.656711	2.44642
-0.525039	0.230972	0.860432
-0.526445	0.232967	0.867865
-0.458378	0.225647	0.840595
-0.452746	0.2511	0.935415
-0.893405	0.713394	2.65758
-0.159719	0.236709	0.881802
-0.00101222	0.321757	1.19863
0.0139879	0.376519	1.40263
0.17127	0.337629	1.25776
0.210453	0.34235	1.27534
0.227993	0.355353	1.32378
0.229118	0.336004	1.2517
0.308045	0.365382	1.36114
0.327821	0.360149	1.34165
0.374968	0.349972	1.30374
0.567716	0.374809	1.39626
0.634725	0.388076	1.44568
0.714901	0.416569	1.55183
0.863277	0.417972	1.55705
0.865216	0.413531	1.54051
1.18445	0.459835	1.71301
1.69741	0.520541	1.93915
1.82057	0.52787	1.96645
1.55744	0.446359	1.6628
1.86979	0.482061	1.79581
-0.561232	0.256104	0.942011
-0.518563	0.244017	0.897552
-0.427928	0.222164	0.817174
-0.426404	0.222908	0.819909
-0.382563	0.224943	0.827394
-0.160038	0.122838	0.451829
-0.137362	0.25742	0.946854
-0.105073	0.290903	1.07001
-0.0982062	0.30555	1.12389
-0.00553457	0.338115	1.24367
0.12374	0.336026	1.23598
0.156844	0.340164	1.2512
0.180481	0.333817	1.22786
0.260544	0.346072	1.27294
0.32445	0.350654	1.28979
0.409183	0.368319	1.35477
0.44416	0.37308	1.37228
0.521225	0.393928	1.44896
0.551079	0.389184	1.43151
0.639299	0.420015	1.54492
0.59288	0.382846	1.4082
0.895599	0.493752	1.81614
0.779679	0.41763	1.53614
1.19313	0.437208	1.60816
1.58118	0.512195	1.88398
1.59448	0.50993	1.87564
1.47516	0.460062	1.69222
1.86106	0.536069	1.97179
2.27229	0.585216	2.15256
2.24796	0.576978	2.12226
-1.15666	0.35434	1.2871
-0.487264	0.23364	0.848674
-0.370874	0.231662	0.841486
-0.386305	0.253756	0.921743
-0.18726	0.24981	0.907406
-0.0438281	0.326979	1.18771
0.0847007	0.34462	1.25179
0.133794	0.343195	1.24662
0.175484	0.320802	1.16528
0.375587	0.388755	1.41211
0.366324	0.369158	1.34093
0.665049	0.406985	1.47833
0.682532	0.392516	1.42577
0.778927	0.425516	1.54564
0.835873	0.426136	1.54789
0.875333	0.420956	1.52908
0.95957	0.447377	1.62505
0.920156	0.416292	1.51213
1.27232	0.469827	1.70659
1.33562	0.477053	1.73284
1.23456	0.436868	1.58688
1.46344	0.508435	1.84684
1.53709	0.529208	1.92229
1.73884	0.529434	1.92311
-1.03331	0.316685	1.13616
-1.38262	0.561843	2.01571
-0.534276	0.248454	0.891371
-0.373927	0.246566	0.884598
-0.293885	0.390122	1.39963
-0.0764942	0.234336	0.840722
-0.119315	0.3806	1.36547
-0.0639091	0.439765	1.57773
0.143085	0.337579	1.21112
0.157841	0.331876	1.19066
0.273738	0.348238	1.24936
0.360955	0.363485	1.30406
0.365859	0.363685	1.30478
0.478058	0.398376	1.42924
0.645534	0.396787	1.42354
0.684314	0.410824	1.4739
0.845158	0.430492	1.54446
1.04627	0.476427	1.70926
0.993312	0.431955	1.54971
1.06343	0.447347	1.60493
1.17607	0.484191	1.73712
2.00368	0.59172	2.1229
1.88622	0.552808	1.98329
1.77469	0.495691	1.77838
-4.85675	1.46048	5.17601
-0.351232	0.121493	0.430576
-1.08478	0.448597	1.58984
-0.515023	0.261313	0.926103
-0.371538	0.245909	0.871511
-0.175553	0.13844	0.490638
-0.105409	0.240953	0.853945
-0.0971623	0.2693	0.95441
-0.0427693	0.362449	1.28453
0.00782467	0.346771	1.22897
0.124223	0.337941	1.19768
0.131349	0.345321	1.22383
0.322435	0.351592	1.24606
0.411408	0.379811	1.34606
0.422692	0.364432	1.29156
0.509525	0.395701	1.40238
0.749896	0.41987	1.48804
0.745441	0.408605	1.44811
0.911908	0.446665	1.583
1.53305	0.508851	1.80339
1.79732	0.545652	1.93381
-0.858174	0.237476	0.831509
-0.999402	0.280476	0.982073
-0.474967	0.179802	0.62957
-0.52253	0.253551	0.887795
-0.519063	0.253421	0.887342
-0.532375	0.264817	0.927244
-0.488135	0.257357	0.901123
-0.394296	0.243548	0.85277
-0.21386	0.168997	0.591735
-0.629289	0.517947	1.81357
-0.173268	0.324951	1.1378
-0.0930544	0.235978	0.826266
0.0132077	0.378243	1.3244
0.0626506	0.314756	1.1021
0.168151	0.326715	1.14398
0.186134	0.344742	1.2071
0.588684	0.395939	1.38636
0.610931	0.400694	1.40301
0.760942	0.447236	1.56598
0.982689	0.45053	1.57751
0.980675	0.444461	1.55626
1.20762	0.464861	1.62769
1.2298	0.466596	1.63376
1.36321	0.502764	1.7604
1.49859	0.51661	1.80888
1.63856	0.530245	1.85663
1.69972	0.530528	1.85762
2.43244	0.59878	2.0966
-0.801018	0.224323	0.776129
-0.806953	0.226777	0.784621
-0.901918	0.267534	0.925636
-0.435289	0.143452	0.496325
-0.502657	0.191655	0.663104
-0.523192	0.256923	0.888921
-0.408302	0.247508	0.856348
-0.380101	0.251319	0.869535
-0.0536088	0.152199	0.526592
0.0112539	0.326165	1.12849
0.0265366	0.368925	1.27644
0.0673238	0.365481	1.26452
0.154415	0.389656	1.34816
0.17607	0.346212	1.19785
0.210626	0.394792	1.36593
0.201547	0.312094	1.07981
0.273392	0.360644	1.24778
0.287459	0.367118	1.27018
0.33266	0.376816	1.30374
0.385137	0.407468	1.40979
0.38791	0.362551	1.25438
0.467217	0.395202	1.36735
0.504418	0.422214	1.46081
0.481301	0.379111	1.31168
0.641104	0.443916	1.53589
0.615618	0.412032	1.42558
0.743637	0.439059	1.51909
0.857182	0.441117	1.52621
0.901443	0.42816	1.48138
0.984083	0.448797	1.55278
0.977202	0.440645	1.52458
-0.756325	0.217359	0.743211
-0.716075	0.210261	0.718943
-0.565352	0.184729	0.631641
-0.426502	0.162234	0.554725
-0.391845	0.156385	0.534725
-1.13595	0.492101	1.68263
-1.12354	0.489335	1.67317
-0.520846	0.262018	0.895911
-0.519015	0.264376	0.903975
-0.495104	0.265537	0.907945
-0.454932	0.25943	0.887065
-0.428056	0.251167	0.858812
-0.0834039	0.304258	1.04035
0.112756	0.317938	1.08712
0.150949	0.362603	1.23984
0.164922	0.374016	1.27886
0.340957	0.374907	1.28191
0.482208	0.392041	1.3405
0.584566	0.402618	1.37666
0.837442	0.447568	1.53036
0.880111	0.44404	1.5183
0.918782	0.460685	1.57521
0.848767	0.41783	1.42868
0.844268	0.370627	1.26728
1.31507	0.492083	1.68257
1.29096	0.463801	1.58587
1.40867	0.497281	1.70034
1.56729	0.515162	1.76148
1.57186	0.508423	1.73844
1.91602	0.600582	2.05356
-0.669546	0.207155	0.700106
-0.74421	0.233782	0.790094
-0.641676	0.20631	0.697252
-0.498087	0.263307	0.889878
-0.214142	0.173588	0.586663
-0.322645	0.425442	1.43783
-0.169411	0.294328	0.994716
-0.132909	0.24657	0.833313
-0.0819096	0.266373	0.90024
-0.0780551	0.301655	1.01948
-0.00933064	0.342716	1.15825
0.240712	0.36069	1.219
0.275747	0.344077	1.16285
0.431896	0.390483	1.31968
0.484326	0.37937	1.28213
0.739089	0.410457	1.38719
0.846125	0.45452	1.53611
0.940399	0.451914	1.5273
1.01234	0.447206	1.51139
1.13752	0.44501	1.50397
1.31559	0.482472	1.63057
1.43096	0.504489	1.70498
1.37323	0.477976	1.61538
-0.628993	0.207012	0.6916
-0.507877	0.181545	0.606521
-0.455487	0.164232	0.54868
-0.358182	0.133797	0.446998
-1.38594	0.62112	2.07508
-0.499614	0.263779	0.881253
-0.489768	0.261912	0.875016
-0.48516	0.262834	0.878097
-0.397676	0.259464	0.866839
-0.214876	0.176203	0.588673
-1.86681	1.5938	5.32469
-0.174588	0.294374	0.983469
-0.129159	0.237033	0.791899
0.0909435	0.381953	1.27606
0.151237	0.361126	1.20648
0.154341	0.358233	1.19681
0.26788	0.343358	1.14712
0.364869	0.399775	1.3356
0.383608	0.39923	1.33378
0.546803	0.425159	1.4204
0.539995	0.394032	1.31641
0.751483	0.425057	1.42006
0.910804	0.47031	1.57125
0.806271	0.398961	1.33288
1.0169	0.464429	1.5516
1.25141	0.514877	1.72014
1.18067	0.471744	1.57604
1.25682	0.488077	1.6306
1.38809	0.492933	1.64683
1.48213	0.517476	1.72882
1.53541	0.516527	1.72565
1.34234	0.446152	1.49054
1.57475	0.519239	1.73471
1.8026	0.578289	1.93199
1.97151	0.604446	2.01938
1.91299	0.580079	1.93797
2.29188	0.661158	2.20885
-0.735042	0.237165	0.783359
-0.635691	0.22405	0.74004
-0.614608	0.217533	0.718512
-0.110779	0.341543	1.12812
-0.0700902	0.253298	0.836647
0.0967891	0.373384	1.23329
0.1366	0.361073	1.19263
0.223903	0.356295	1.17685
0.320574	0.391435	1.29291
0.550102	0.395577	1.30659
1.13177	0.543757	1.79603
1.01662	0.467055	1.54269
1.08419	0.482264	1.59292
1.16769	0.462992	1.52927
1.3767	0.47227	1.55991
1.43321	0.470512	1.5541
1.47708	0.475615	1.57096
1.79228	0.559933	1.84946
1.96134	0.597195	1.97254
-0.434414	0.18609	0.607768
-0.48743	0.212009	0.69242
-1.13321	0.525173	1.71521
-0.477923	0.271949	0.888183
-0.466417	0.269008	0.878576
-0.461369	0.27163	0.887142
-0.440592	0.268713	0.877614
-0.434904	0.267163	0.872552
-0.422053	0.26502	0.865553
-0.415318	0.266707	0.871063
-0.208158	0.270967	0.884975
-0.132433	0.338385	1.10516
-0.14127	0.424886	1.38767
-0.0603257	0.297241	0.970786
-0.05173	0.331927	1.08407
0.0162106	0.365546	1.19387
0.208864	0.32988	1.07739
0.396763	0.379563	1.23965
0.449495	0.394459	1.2883
0.457196	0.393092	1.28383
0.460971	0.363238	1.18633
0.742	0.438275	1.4314
0.807048	0.451569	1.47482
0.799913	0.430555	1.40619
0.84523	0.435618	1.42273
0.884078	0.439631	1.43583
1.0721	0.484859	1.58354
1.12029	0.490968	1.6035
1.08927	0.472493	1.54316
1.23795	0.513385	1.67671
1.36693	0.498685	1.6287
1.71271	0.549313	1.79405
1.77673	0.533572	1.74264
2.28687	0.677192	2.2117
2.10303	0.609991	1.99222
2.04196	0.588258	1.92125
-0.586505	0.222614	0.718996
-0.528137	0.20686	0.668115
-0.59801	0.237478	0.767003
-0.583976	0.250435	0.808854
-0.644404	0.345336	1.11536
-0.470746	0.272695	0.880747
-0.458232	0.270929	0.875044
-0.46454	0.278494	0.899476
-0.41958	0.26642	0.860481
-0.657951	0.569339	1.83885
-0.259812	0.331824	1.07172
-0.172921	0.507919	1.64047
-0.051126	0.331728	1.07141
0.0170416	0.388593	1.25507
0.0831102	0.343672	1.10999
0.198812	0.381359	1.23171
0.552349	0.406197	1.31193
0.619151	0.397457	1.2837
0.801069	0.456253	1.4736
0.860256	0.451069	1.45686
0.95021	0.472281	1.52537
1.05315	0.508721	1.64306
1.22759	0.477487	1.54218
1.36599	0.528922	1.70831
1.35754	0.492347	1.59018
1.45115	0.517553	1.67159
1.71556	0.554302	1.79028
1.85243	0.583165	1.8835
1.85059	0.572099	1.84776
2.48714	0.742163	2.39703
2.09669	0.60668	1.95945
-0.472682	0.195205	0.62356
-2.34624	1.12398	3.59042
-1.21234	0.584001	1.86552
-0.171098	0.284391	0.908453
-0.152043	0.422632	1.35005
0.0304848	0.340819	1.08871
0.0724541	0.375202	1.19854
0.125557	0.407273	1.30099
0.140056	0.360122	1.15037
0.25543	0.397676	1.27033
0.264363	0.371602	1.18704
0.398162	0.389439	1.24402
0.751871	0.444779	1.4208
0.802974	0.44189	1.41157
0.954342	0.499844	1.5967
1.00603	0.475305	1.51831
1.3115	0.530185	1.69362
1.50314	0.52886	1.68938
-0.536067	0.227048	0.717416
-0.651703	0.350428	1.10727
-0.189276	0.351722	1.11135
-0.0421736	0.30257	0.956044
-0.036721	0.349039	1.10288
0.190624	0.382299	1.20797
0.27548	0.37334	1.17966
0.270162	0.360565	1.1393
0.305363	0.389766	1.23156
0.367988	0.399915	1.26363
0.397966	0.389131	1.22955
0.514005	0.426562	1.34783
0.542065	0.397264	1.25525
0.659549	0.446115	1.40961
0.785273	0.434135	1.37176
1.06916	0.497143	1.57085
1.03906	0.454266	1.43537
1.14251	0.482664	1.5251
1.29828	0.487469	1.54028
1.76454	0.569898	1.80074
2.04274	0.594159	1.87739
2.20396	0.636832	2.01223
-0.609886	0.250247	0.782235
-0.580484	0.242672	0.758557
-1.6094	0.801157	2.5043
-0.693715	0.377063	1.17864
-0.213194	0.277215	0.866534
-0.169745	0.318848	0.996673
-0.0291388	0.357376	1.11711
0.0551675	0.355571	1.11146
0.110686	0.341398	1.06716
0.228399	0.384049	1.20048
0.222693	0.360779	1.12774
0.306547	0.39552	1.23634
0.675159	0.465211	1.45418
0.706881	0.45525	1.42304
0.77111	0.42823	1.33858
1.01895	0.500128	1.56333
1.06891	0.505091	1.57884
1.06247	0.496754	1.55278
1.12526	0.504833	1.57803
1.34244	0.505195	1.57917
1.74946	0.550884	1.72198
-0.633222	0.254374	0.786698
-0.0706092	0.170058	0.525935
-0.127165	0.343132	1.0612
-0.0639962	0.196309	0.607121
0.0685466	0.346003	1.07008
0.335464	0.377144	1.16639
0.383617	0.410685	1.27012
0.491328	0.394222	1.2192
0.533458	0.399435	1.23532
0.627987	0.458724	1.41869
0.665817	0.449725	1.39085
0.85087	0.483647	1.49576
0.892763	0.494912	1.5306
0.948302	0.497994	1.54014
1.18239	0.603261	1.86569
1.00426	0.487421	1.50744
1.24858	0.502626	1.55446
1.55172	0.570844	1.76544
1.81214	0.568669	1.75871
1.85062	0.57671	1.78358
2.02279	0.617488	1.90969
2.08801	0.610385	1.88773
1.87048	0.539756	1.66929
-0.391181	0.180662	0.552861
-1.23118	0.640403	1.95976
-0.194099	0.233815	0.71552
-0.231023	0.393304	1.20359
-0.0156202	0.334331	1.02312
-0.0125249	0.35097	1.07404
0.00774968	0.397749	1.21719
0.0940976	0.374593	1.14633
0.186083	0.376725	1.15285
0.2507	0.39332	1.20364
0.300153	0.401417	1.22842
0.408322	0.40326	1.23406
0.424355	0.410155	1.25516
0.492026	0.433913	1.32786
0.740268	0.454024	1.3894
0.723312	0.4377	1.33945
0.874157	0.477923	1.46254
0.985058	0.499391	1.52824
1.08912	0.512047	1.56697
1.09807	0.488386	1.49456
1.25984	0.541726	1.65779
1.16536	0.482776	1.47739
1.2943	0.512753	1.56913
1.35773	0.530916	1.62471
1.22906	0.466512	1.42762
1.84672	0.573628	1.75542
-0.393859	0.18475	0.559498
-0.897335	0.477129	1.44494
-0.825544	0.45208	1.36908
-0.244634	0.225764	0.683704
-0.150213	0.157696	0.477565
-0.232235	0.278983	0.844871
-0.165707	0.321281	0.972966
-0.103561	0.622551	1.88533
0.00854122	0.442978	1.34151
0.0739663	0.360967	1.09315
0.137252	0.395694	1.19832
0.166136	0.355768	1.07741
0.221995	0.364565	1.10405
0.387264	0.418395	1.26707
0.547984	0.449013	1.35979
0.662699	0.434226	1.31501
0.731106	0.450067	1.36298
0.710869	0.431804	1.30767
0.945705	0.498416	1.5094
0.991403	0.510743	1.54673
1.08052	0.516016	1.5627
1.03592	0.477294	1.44544
1.12946	0.502687	1.52234
1.2041	0.513451	1.55493
1.37539	0.550597	1.66743
1.31641	0.515717	1.5618
1.38093	0.461946	1.39896
1.88472	0.625902	1.89548
1.94333	0.582047	1.76267
-0.625379	0.243925	0.731104
-0.618559	0.245403	0.735532
-0.241265	0.300733	0.90137
-0.18609	0.295689	0.886253
-0.0858849	0.239123	0.716712
-0.0743347	0.357608	1.07184
0.088478	0.359619	1.07787
0.43613	0.48759	1.46143
0.613866	0.462686	1.38679
0.859514	0.513888	1.54025
0.960706	0.483745	1.4499
1.02612	0.508382	1.52375
1.01567	0.497875	1.49225
1.10062	0.485503	1.45517
1.24133	0.525046	1.57369
1.88042	0.672416	2.0154
2.13422	0.627398	1.88047
-0.744695	0.266491	0.790609
-0.430536	0.227089	0.673714
-0.357335	0.326749	0.969377
-0.275098	0.308972	0.916638
-0.286047	0.333282	0.98876
-0.098813	0.170324	0.505305
-0.126814	0.274204	0.813491
-0.154245	0.341415	1.01289
-0.0629712	0.242911	0.720653
-0.0654699	0.335652	0.995791
0.0274109	0.378738	1.12362
0.0571026	0.361521	1.07254
0.114708	0.386204	1.14577
0.200746	0.410054	1.21652
0.237653	0.391374	1.1611
0.283027	0.414929	1.23098
0.30207	0.404761	1.20082
0.407556	0.410709	1.21846
0.488745	0.440314	1.3063
0.524358	0.405899	1.2042
0.579094	0.410847	1.21888
0.652466	0.452598	1.34274
0.802833	0.466838	1.38498
0.885025	0.499109	1.48072
1.0327	0.490635	1.45558
1.10127	0.507731	1.5063
1.19806	0.463254	1.37435
1.33364	0.507286	1.50498
1.46766	0.522144	1.54906
1.78848	0.619772	1.8387
1.75346	0.565697	1.67827
1.84134	0.581998	1.72663
2.03157	0.633554	1.87959
2.01634	0.604601	1.79369
-0.491232	0.241318	0.70871
-0.452969	0.233451	0.685607
-0.449785	0.238313	0.699886
-0.462611	0.249305	0.732167
-0.21539	0.244375	0.717689
-0.258666	0.308291	0.905398
-0.278686	0.345223	1.01386
-0.185215	0.3056	0.897496
-0.144699	0.331392	0.973242
-0.128934	0.431245	1.2665
0.0247477	0.345422	1.01445
0.0920094	0.350844	1.03037
0.204609	0.422199	1.23993
0.263746	0.403248	1.18427
0.30502	0.412876	1.21255
0.415065	0.418028	1.22768
0.434932	0.395823	1.16247
0.664151	0.461966	1.35672
0.646221	0.427455	1.25536
0.811965	0.474007	1.39208
0.950886	0.47824	1.40451
1.16598	0.522426	1.53428
1.2075	0.526056	1.54494
1.24328	0.534247	1.56899
1.52424	0.569467	1.67243
1.41562	0.524736	1.54106
1.85285	0.639137	1.87704
1.86635	0.606155	1.78018
1.95611	0.620373	1.82193
1.94613	0.609026	1.78861
2.05669	0.611216	1.79504
-0.770019	0.263985	0.767546
-0.700301	0.249034	0.724075
-0.724624	0.258648	0.752028
-0.736365	0.268876	0.781765
-0.520703	0.263864	0.767193
-0.200421	0.317387	0.922813
-0.143909	0.349875	1.01727
0.335521	0.391415	1.13805
0.535401	0.437374	1.27168
0.551688	0.425189	1.23625
0.6617	0.43903	1.27649
0.734735	0.467958	1.3606
0.804317	0.477224	1.38754
0.996139	0.492923	1.43319
1.00614	0.487748	1.41814
1.05937	0.493491	1.43484
1.28093	0.524922	1.52623
1.37422	0.539956	1.56994
1.35205	0.524758	1.52575
1.23834	0.471042	1.36957
1.71368	0.552676	1.60692
1.89435	0.596817	1.73526
2.15726	0.641508	1.86521
-0.774371	0.261546	0.752941
-0.74552	0.263826	0.759503
-0.784197	0.288096	0.829371
-0.679025	0.276913	0.79718
-0.682047	0.289162	0.832442
-0.435312	0.244913	0.705056
-0.20485	0.322287	0.927802
-0.0883132	0.33716	0.97062
-0.0698076	0.332366	0.956819
-0.0434746	0.342343	0.985538
0.0404668	0.362121	1.04248
0.0464613	0.350626	1.00938
0.0576438	0.352239	1.01403
0.119734	0.363127	1.04537
0.234982	0.421046	1.21211
0.245302	0.416308	1.19847
0.326078	0.431713	1.24282
0.376576	0.427989	1.2321
0.442632	0.431754	1.24294
0.454471	0.417915	1.2031
0.538803	0.448384	1.29081
0.753322	0.465918	1.34129
0.903998	0.509997	1.46818
0.950175	0.500852	1.44186
1.05918	0.51337	1.47789
1.03813	0.498155	1.43409
1.1296	0.50671	1.45872
1.31019	0.55662	1.6024
1.09404	0.435954	1.25503
1.62932	0.608949	1.75305
-0.263733	0.312019	0.889456
-0.238998	0.3219	0.917623
-0.0398875	0.345434	0.984708
0.00282722	0.359179	1.02389
0.232784	0.398966	1.13731
0.269433	0.370423	1.05594
0.455858	0.435811	1.24234
0.484655	0.407308	1.16109
0.563833	0.436172	1.24337
0.749406	0.471099	1.34294
0.938703	0.496974	1.4167
1.08903	0.509958	1.45371
1.09754	0.49952	1.42395
1.27737	0.560394	1.59749
1.33166	0.554218	1.57988
1.60199	0.553147	1.57683
1.77921	0.583289	1.66275
2.08489	0.632361	1.80264
-0.760752	0.262945	0.742301
-0.721049	0.276456	0.780442
-0.608558	0.294173	0.830459
-0.41794	0.254657	0.718903
-0.25696	0.220987	0.623853
-0.208821	0.208838	0.589555
-0.258455	0.294444	0.831225
-0.241293	0.323689	0.913784
-0.142056	0.235605	0.665119
-0.133005	0.333044	0.940193
-0.0872969	0.339866	0.959451
-0.138905	0.587337	1.65807
0.0432729	0.361321	1.02002
0.139448	0.445289	1.25706
0.261152	0.429278	1.21186
0.394062	0.417325	1.17812
0.453654	0.421383	1.18958
0.470377	0.428809	1.21054
0.625726	0.47372	1.33733
0.62329	0.447724	1.26394
0.666932	0.449494	1.26893
0.760261	0.473421	1.33648
0.815352	0.504529	1.4243
0.986384	0.492486	1.3903
1.03402	0.481979	1.36064
1.56973	0.571656	1.6138
1.66128	0.593989	1.67685
1.89623	0.599454	1.69228
1.92348	0.602254	1.70018
-0.744939	0.285045	0.796969
-0.706295	0.283376	0.792302
-0.703958	0.284742	0.796121
-0.842923	0.35394	0.989596
-0.65463	0.288301	0.806074
-0.485978	0.284848	0.796418
-0.485224	0.286097	0.79991
-0.417632	0.26347	0.736648
-0.40156	0.256595	0.717424
-0.233016	0.213553	0.597083
-0.303407	0.326301	0.912319
-0.25074	0.375514	1.04992
-0.187992	0.325814	0.910957
-0.172073	0.394795	1.10382
-0.187707	0.513864	1.43673
-0.142397	0.698072	1.95177
-0.0129336	0.396677	1.10909
0.0187976	0.391249	1.09391
0.210518	0.446525	1.24846
0.314613	0.434855	1.21583
0.374207	0.443129	1.23896
0.383824	0.414893	1.16002
0.418142	0.428635	1.19844
0.526805	0.443727	1.24063
0.548372	0.454179	1.26986
0.647732	0.459705	1.28531
0.619375	0.436457	1.22031
0.695545	0.470095	1.31436
0.791268	0.476367	1.33189
0.821924	0.485974	1.35876
0.861652	0.494719	1.38321
0.864777	0.488039	1.36453
0.913199	0.479874	1.3417
0.988638	0.481272	1.34561
1.33008	0.581815	1.62672
1.32871	0.554325	1.54986
1.39657	0.570636	1.59546
1.34554	0.543075	1.51841
1.8304	0.624436	1.74589
1.78069	0.599234	1.67542
1.83294	0.604512	1.69018
1.97144	0.639557	1.78816
-0.733347	0.258384	0.71556
-0.771975	0.276864	0.766739
-0.718211	0.273238	0.756698
-0.741903	0.311871	0.863687
-0.681222	0.290015	0.803159
-0.624989	0.296306	0.820581
-0.62894	0.299597	0.829696
-0.665884	0.323348	0.895469
-0.355245	0.281828	0.780485
-0.412388	0.361528	1.0012
-0.258934	0.275177	0.762067
-0.281088	0.301925	0.836143
-0.343774	0.394656	1.09295
-0.23247	0.331474	0.917975
-0.195478	0.354423	0.981529
-0.148561	0.422251	1.16937
-0.0815502	0.336999	0.933275
-0.066451	0.313399	0.867918
0.0139924	0.372108	1.03051
0.223882	0.388132	1.07488
0.251365	0.414265	1.14725
0.494342	0.427641	1.1843
0.714805	0.45374	1.25657
0.904853	0.482607	1.33652
0.987823	0.487884	1.35113
1.08176	0.526491	1.45805
1.16921	0.552929	1.53127
1.90887	0.60349	1.67129
1.97338	0.618032	1.71156
-0.522946	0.294969	0.809188
-0.456546	0.277654	0.761688
-0.361736	0.276559	0.758685
-0.37335	0.294342	0.807467
-0.250001	0.227218	0.623328
-0.232361	0.339299	0.930798
-0.245898	0.375329	1.02964
-0.170375	0.518276	1.42179
0.0216012	0.378754	1.03904
0.0321734	0.371063	1.01794
0.0953611	0.389277	1.0679
0.124731	0.396968	1.089
0.13724	0.387931	1.06421
0.33621	0.460782	1.26406
0.459376	0.470221	1.28996
0.461676	0.433108	1.18814
0.516575	0.447257	1.22696
0.54708	0.446879	1.22592
0.654081	0.473119	1.29791
1.14767	0.523192	1.43527
1.46085	0.584288	1.60288
1.5357	0.58418	1.60258
1.48251	0.561834	1.54128
1.58686	0.592496	1.62539
1.61574	0.598854	1.64284
1.66057	0.575389	1.57847
1.49109	0.496256	1.36138
1.86789	0.617592	1.69424
-0.68183	0.284891	0.774253
-0.661525	0.278689	0.757398
-0.72742	0.316916	0.861287
-0.65227	0.287862	0.782328
-0.537503	0.302657	0.822534
-0.4176	0.295462	0.802982
-0.368528	0.315412	0.857201
-0.335863	0.297434	0.80834
-0.163438	0.319306	0.867784
-0.182374	0.378012	1.02733
-0.0936183	0.364168	0.989706
-0.0550754	0.346207	0.940891
0.172275	0.401696	1.0917
0.190231	0.398085	1.08188
0.256229	0.397592	1.08054
0.279434	0.414683	1.12699
0.323523	0.441582	1.20009
0.354142	0.431439	1.17253
0.388971	0.452273	1.22915
0.373138	0.393511	1.06945
0.483633	0.437671	1.18947
0.533488	0.450806	1.22516
0.81829	0.497752	1.35275
1.00412	0.515531	1.40107
1.01	0.496087	1.34822
1.47209	0.589663	1.60254
1.52354	0.54598	1.48382
1.8872	0.623732	1.69513
-0.685248	0.267116	0.719236
-0.388775	0.289683	0.780001
-0.436093	0.526995	1.41899
-0.183381	0.383645	1.033
-0.121293	0.364937	0.982629
-0.112259	0.358712	0.965868
0.0600938	0.369188	0.994076
0.0746408	0.432746	1.16521
0.120491	0.390693	1.05198
0.128259	0.403189	1.08563
0.266687	0.411423	1.1078
0.305404	0.420739	1.13288
0.412463	0.434549	1.17007
0.449011	0.463571	1.24821
0.494746	0.440193	1.18526
0.515875	0.455061	1.2253
0.755028	0.540939	1.45653
0.824261	0.494275	1.33089
0.963486	0.517506	1.39344
0.931206	0.480138	1.29282
1.0496	0.515385	1.38773
1.14339	0.545825	1.46969
1.22411	0.548752	1.47757
1.21562	0.540241	1.45465
1.45188	0.596354	1.60574
1.43018	0.571488	1.53879
1.59249	0.626622	1.68725
1.43604	0.554467	1.49296
1.48063	0.515631	1.38839
-0.788209	0.304331	0.81194
-0.68688	0.27758	0.740568
-0.70902	0.293369	0.782695
-0.754925	0.318706	0.850293
-0.697036	0.308028	0.821803
-0.709008	0.316005	0.843086
-0.523896	0.292429	0.780187
-0.433076	0.279218	0.744938
-0.434891	0.307049	0.81919
-0.367293	0.314937	0.840236
-0.0535103	0.390786	1.0426
-0.0222249	0.370589	0.988714
0.0463581	0.350074	0.93398
0.170813	0.379689	1.01299
0.200188	0.394385	1.0522
0.436762	0.441806	1.17872
0.497247	0.431594	1.15147
0.560264	0.445384	1.18826
0.736369	0.491427	1.3111
0.811616	0.496976	1.32591
0.819691	0.482045	1.28607
1.22361	0.568442	1.51657
1.28383	0.556617	1.48503
1.39444	0.564544	1.50618
1.59521	0.601328	1.60431
-0.605708	0.309604	0.818514
-0.522708	0.292865	0.774261
-0.508262	0.294199	0.777786
-0.535018	0.314898	0.832511
-0.522196	0.312614	0.82647
-0.512166	0.308369	0.815249
-0.460723	0.294286	0.778018
-0.443495	0.30968	0.818716
-0.393746	0.296663	0.784301
-0.334512	0.309904	0.819308
-0.237562	0.349849	0.924913
-0.126549	0.287137	0.759117
-0.144579	0.335299	0.886446
-0.0410631	0.383445	1.01373
0.0849476	0.409421	1.08241
0.0992144	0.420258	1.11106
0.109624	0.414181	1.09499
0.140706	0.390849	1.0333
0.215794	0.405944	1.07321
0.226344	0.390754	1.03305
0.32919	0.432936	1.14457
0.380671	0.439968	1.16316
0.485491	0.463988	1.22667
0.508498	0.477281	1.26181
0.550823	0.470682	1.24436
0.627186	0.481074	1.27184
0.618871	0.471251	1.24587
0.680313	0.473368	1.25147
0.813679	0.521223	1.37798
0.894779	0.502588	1.32871
0.936368	0.517633	1.36849
1.0347	0.535321	1.41525
1.05752	0.539151	1.42538
1.1609	0.556683	1.47173
1.33604	0.587002	1.55188
1.52373	0.573407	1.51594
1.56054	0.568892	1.504
2.97792	1.03181	2.72784
1.91515	0.632251	1.67151
-0.680503	0.299855	0.785612
-0.651412	0.304799	0.798565
-0.595438	0.305627	0.800736
-0.573724	0.297366	0.77909
-0.536134	0.301502	0.789929
-0.54887	0.325982	0.854066
-0.439608	0.305681	0.800877
-0.400448	0.30445	0.797652
-0.338117	0.318903	0.835517
-0.255786	0.317671	0.832291
-0.24284	0.351013	0.919645
-0.221292	0.364682	0.955458
-0.0953501	0.345259	0.904571
0.0946033	0.439885	1.15249
0.091783	0.408814	1.07108
0.107487	0.409791	1.07364
0.220702	0.411563	1.07829
0.375906	0.433624	1.13609
0.55435	0.48192	1.26262
0.507407	0.430504	1.12791
0.814893	0.529972	1.38851
0.931477	0.516877	1.35421
0.991747	0.515212	1.34984
1.18554	0.571046	1.49613
1.24282	0.580157	1.52
1.33491	0.604485	1.58374
1.30404	0.554903	1.45383
1.37591	0.55429	1.45223
1.43344	0.521858	1.36726
-0.776693	0.290838	0.755198
-0.639699	0.291694	0.757423
-0.55048	0.324418	0.842393
-0.52423	0.31592	0.820328
-0.48112	0.310997	0.807545
0.010295	0.397565	1.03233
0.218793	0.419053	1.08813
0.248976	0.43054	1.11795
0.294788	0.426833	1.10833
0.356399	0.433725	1.12622
0.580507	0.485284	1.2601
0.667118	0.469496	1.21911
0.709043	0.489329	1.27061
0.802494	0.49612	1.28824
0.850697	0.519902	1.34999
0.829779	0.495771	1.28733
1.546	0.600965	1.56048
2.21375	0.768264	1.9949
-0.708568	0.27843	0.716594
-0.681838	0.289004	0.743807
-0.681563	0.304455	0.783575
-0.638401	0.292448	0.752673
-0.56723	0.308345	0.793585
-0.551293	0.305853	0.787173
-0.547249	0.306768	0.789528
-0.492212	0.315278	0.811431
-0.442283	0.305056	0.785122
-0.434453	0.343647	0.884442
-0.429433	0.355326	0.9145
-0.365465	0.363862	0.93647
-0.311012	0.344678	0.887097
-0.258524	0.334699	0.861414
-0.247507	0.328326	0.845011
-0.1408	0.36796	0.947018
-0.0993316	0.332068	0.854641
-0.0749583	0.36329	0.934999
-0.0730728	0.389158	1.00157
0.0297412	0.412695	1.06215
0.121152	0.398443	1.02547
0.248228	0.413011	1.06296
0.391726	0.43623	1.12272
0.41611	0.440618	1.13402
0.589081	0.474554	1.22136
0.668627	0.494292	1.27216
0.72258	0.499884	1.28655
0.824007	0.488511	1.25728
0.864184	0.501298	1.29019
0.947479	0.529658	1.36318
0.995681	0.529153	1.36188
1.04722	0.532892	1.3715
1.09521	0.546981	1.40776
1.21317	0.571463	1.47077
1.18227	0.552077	1.42088
1.2028	0.542848	1.39713
1.32217	0.577375	1.48599
1.34336	0.572705	1.47397
1.41756	0.579135	1.49052
1.48055	0.587063	1.51092
1.45558	0.566736	1.45861
1.53834	0.584184	1.50351
-0.876112	0.371704	0.948278
-0.663378	0.305276	0.778809
-0.606273	0.295245	0.753218
-0.508177	0.324521	0.827907
-0.482967	0.317755	0.810644
-0.143571	0.369554	0.942793
-0.113474	0.371183	0.946948
0.250758	0.420905	1.0738
0.343261	0.440229	1.1231
0.362131	0.448555	1.14434
0.37105	0.408414	1.04193
0.590062	0.502063	1.28084
0.54886	0.446058	1.13797
0.567369	0.454307	1.15901
0.689776	0.510926	1.30346
0.729137	0.50563	1.28995
0.888771	0.51733	1.31979
0.972138	0.518646	1.32315
1.11595	0.564879	1.4411
1.14822	0.557836	1.42313
1.19545	0.565616	1.44298
1.24568	0.562455	1.43492
1.29225	0.57161	1.45827
1.46795	0.589375	1.50359
1.56428	0.59301	1.51287
-0.742883	0.307151	0.776791
-0.66593	0.287246	0.726453
-0.58789	0.295416	0.747113
-0.431478	0.342297	0.865677
-0.399882	0.324269	0.820083
-0.351893	0.353275	0.893441
-0.36823	0.376571	0.952356
-0.228886	0.308988	0.781436
-0.0685732	0.371645	0.939899
-0.0463433	0.357037	0.902955
0.147309	0.427751	1.08179
0.178035	0.417482	1.05582
0.273021	0.441821	1.11738
0.291961	0.434041	1.0977
0.434012	0.467692	1.1828
0.477726	0.468738	1.18545
0.523741	0.467843	1.18318
0.665261	0.500491	1.26575
0.638172	0.461131	1.16621
0.703833	0.486153	1.22949
0.750258	0.496336	1.25525
0.781572	0.490425	1.2403
0.865302	0.513578	1.29885
0.883205	0.505069	1.27733
1.23218	0.556604	1.40766
1.42457	0.581261	1.47002
1.41219	0.518349	1.31092
-0.734565	0.292034	0.732205
-0.702506	0.316871	0.794478
-0.568964	0.299361	0.750576
-0.542704	0.389221	0.975878
-0.43702	0.339868	0.852139
-0.183746	0.374765	0.939633
-0.138663	0.390939	0.980188
-0.0395341	0.389263	0.975984
-0.0325521	0.437291	1.0964
0.0269769	0.384255	0.963429
0.280421	0.43833	1.09901
0.296288	0.438353	1.09907
0.377788	0.465533	1.16721
0.382846	0.45651	1.14459
0.45212	0.439598	1.10219
0.621804	0.499258	1.25177
0.809171	0.530358	1.32975
0.85353	0.534114	1.33916
0.903958	0.513392	1.28721
1.21386	0.569511	1.42791
1.27696	0.565531	1.41793
1.33364	0.572304	1.43492
1.44124	0.60441	1.51541
1.47569	0.587663	1.47343
1.67856	0.64299	1.61214
-0.704019	0.317695	0.789749
-0.49059	0.315951	0.785413
-0.463293	0.335127	0.833083
-0.520922	0.379272	0.942823
-0.401532	0.326431	0.811467
-0.356858	0.361171	0.897826
-0.311326	0.330059	0.820486
-0.313488	0.359697	0.89416
-0.344465	0.399347	0.992726
-0.282715	0.39808	0.989576
-0.136294	0.397704	0.988642
-0.121342	0.373618	0.928766
0.146318	0.432247	1.07451
0.267491	0.440385	1.09474
0.455248	0.450407	1.11966
0.478927	0.465576	1.15736
0.583287	0.479321	1.19153
0.589418	0.470497	1.16959
0.769602	0.524297	1.30334
0.804908	0.535275	1.33063
0.754503	0.476208	1.18379
0.89533	0.534835	1.32953
0.906212	0.521779	1.29708
1.00982	0.527035	1.31014
1.10359	0.562809	1.39907
1.16487	0.570588	1.41841
1.27069	0.569881	1.41665
1.33209	0.572118	1.42221
1.43836	0.579816	1.44135
1.42205	0.567095	1.40973
1.49792	0.574749	1.42875
1.71079	0.647523	1.60966
1.83856	0.641476	1.59463
-0.731017	0.30214	0.744728
-0.806086	0.336879	0.830356
-0.692262	0.317624	0.782893
-0.687231	0.323223	0.796695
-0.512945	0.318459	0.784952
-0.504862	0.31518	0.776871
-0.426151	0.30303	0.746923
-0.377442	0.326098	0.803782
-0.263708	0.379272	0.934846
0.0412093	0.394092	0.971376
0.079725	0.394035	0.971236
0.18924	0.445779	1.09878
0.278132	0.442232	1.09003
0.285409	0.423855	1.04474
0.326474	0.413834	1.02004
0.363075	0.450087	1.1094
0.405348	0.448177	1.10469
0.600373	0.473173	1.1663
0.671392	0.491292	1.21096
0.959502	0.551483	1.35932
1.21238	0.606922	1.49597
1.18916	0.565124	1.39294
1.3915	0.584723	1.44125
1.59147	0.631049	1.55544
1.40871	0.547011	1.3483
1.61899	0.613838	1.51302
-0.795292	0.329069	0.8043
-0.713022	0.313307	0.765776
-0.483	0.364804	0.891643
-0.430044	0.343076	0.838537
-0.392377	0.344514	0.842052
-0.417389	0.378181	0.924339
-0.450982	0.444078	1.0854
-0.250851	0.388673	0.949983
-0.188612	0.409729	1.00145
0.0835886	0.399095	0.975456
0.220119	0.464551	1.13544
0.235041	0.469827	1.14834
0.401365	0.470651	1.15035
0.389774	0.443316	1.08354
0.509448	0.478671	1.16996
0.504677	0.458986	1.12184
0.529763	0.463236	1.13223
0.625715	0.483763	1.1824
0.657534	0.498181	1.21764
0.742469	0.527322	1.28887
0.862615	0.54148	1.32347
0.87905	0.525626	1.28472
0.963923	0.550278	1.34497
1.07711	0.551121	1.34703
1.15114	0.535843	1.30969
1.2327	0.566832	1.38544
1.26912	0.571987	1.39803
1.37495	0.612389	1.49678
1.45994	0.614088	1.50094
1.51101	0.562577	1.37503
-0.745947	0.304576	0.738244
-0.41807	0.304236	0.737421
-0.42525	0.33503	0.81206
-0.448569	0.355852	0.862529
-0.389729	0.383652	0.929912
-0.350924	0.426102	1.0328
-0.274558	0.368577	0.893373
-0.180031	0.402065	0.974541
-0.167453	0.397235	0.962834
0.0645818	0.339504	0.822903
0.0835026	0.385795	0.935106
0.314176	0.450676	1.09237
0.463243	0.4463	1.08176
0.53797	0.467158	1.13232
0.596374	0.491751	1.19193
0.593174	0.475408	1.15231
0.887366	0.540748	1.31069
1.23728	0.576043	1.39624
1.37115	0.618243	1.49852
1.35729	0.561137	1.36011
1.5083	0.595593	1.44362
1.61525	0.604448	1.46509
-0.679	0.289892	0.696855
-0.654973	0.306889	0.737714
-0.457376	0.344369	0.82781
-0.397048	0.360035	0.86547
-0.42834	0.39779	0.956226
-0.363458	0.351689	0.845407
-0.33476	0.344124	0.827222
-0.306493	0.363671	0.874208
-0.204133	0.355579	0.854758
0.157437	0.445571	1.07108
0.177145	0.387332	0.931087
0.211849	0.454597	1.09278
0.331645	0.467959	1.1249
0.367913	0.494923	1.18972
0.695582	0.505473	1.21508
0.795447	0.534295	1.28436
0.855248	0.551968	1.32685
0.856074	0.515046	1.23809
1.0413	0.554233	1.33229
1.0544	0.548549	1.31863
1.09472	0.561928	1.35079
1.2336	0.569833	1.36979
1.30683	0.591814	1.42263
1.31306	0.574347	1.38064
1.52099	0.620591	1.49181
-0.678162	0.295199	0.703808
-0.566173	0.348035	0.829779
-0.526055	0.332151	0.791907
-0.534593	0.356914	0.850948
-0.445876	0.336285	0.801764
-0.447841	0.351439	0.837894
-0.379195	0.363841	0.867462
-0.259658	0.358581	0.854922
-0.225667	0.353622	0.843097
-0.24877	0.412024	0.98234
-0.229474	0.397024	0.946576
0.1103	0.417044	0.994308
0.238246	0.471601	1.12438
0.369092	0.473027	1.12778
0.414592	0.464773	1.1081
0.484873	0.463209	1.10437
0.505942	0.479399	1.14297
0.612401	0.478858	1.14168
0.773478	0.497744	1.18671
0.925077	0.53868	1.28431
0.995804	0.552222	1.3166
1.00308	0.543308	1.29534
1.16221	0.571003	1.36137
1.30156	0.576194	1.37375
1.41865	0.609474	1.4531
1.54423	0.639796	1.52539
1.57482	0.623597	1.48677
-0.646875	0.308095	0.728593
-0.604118	0.31596	0.747193
-0.399858	0.383642	0.907248
-0.249676	0.339555	0.802989
-0.220243	0.352696	0.834066
-0.220689	0.379307	0.896997
-0.163791	0.415471	0.982518
-0.107139	0.445027	1.05241
-0.00392953	0.373388	0.883001
-0.000772532	0.386837	0.914804
0.0766096	0.454551	1.07494
0.118607	0.452122	1.06919
0.13766	0.41646	0.984858
0.352824	0.45091	1.06633
0.46941	0.475537	1.12457
0.509219	0.511449	1.20949
0.490993	0.461522	1.09142
0.525363	0.489903	1.15854
0.654967	0.493128	1.16617
0.729215	0.500804	1.18432
0.77309	0.498805	1.17959
0.914454	0.534177	1.26324
1.03572	0.560355	1.32515
1.17921	0.569664	1.34716
1.20226	0.564521	1.335
1.30423	0.579893	1.37135
1.38701	0.598547	1.41546
1.42007	0.610566	1.44389
1.51968	0.632523	1.49581
1.5108	0.607277	1.43611
1.47426	0.582605	1.37776
1.64905	0.626349	1.48121
-0.646021	0.317932	0.745804
-0.533305	0.326299	0.765429
-0.528274	0.335369	0.786707
-0.424471	0.357864	0.839475
-0.360885	0.337999	0.792875
-0.333839	0.328271	0.770056
-0.341156	0.369248	0.866179
-0.29111	0.390071	0.915026
-0.215764	0.353151	0.828419
-0.211828	0.378115	0.88698
0.115294	0.416014	0.975883
0.175099	0.442669	1.03841
0.363877	0.453969	1.06492
0.408555	0.4655	1.09197
0.420827	0.45744	1.07306
0.5345	0.486979	1.14235
0.65605	0.488543	1.14602
0.786966	0.535445	1.25604
0.867685	0.552229	1.29542
0.960179	0.543771	1.27557
0.993223	0.554516	1.30078
1.02983	0.539301	1.26509
1.17661	0.575389	1.34974
1.22597	0.56671	1.32938
1.57789	0.643802	1.51023
1.76411	0.660517	1.54944
-0.712124	0.314066	0.73085
-0.624158	0.305827	0.711677
-0.572854	0.342677	0.797431
-0.478255	0.325271	0.756926
-0.425914	0.340141	0.791528
-0.408372	0.382523	0.890153
-0.331116	0.364603	0.848454
-0.101444	0.460855	1.07244
0.203033	0.450054	1.0473
0.25838	0.454416	1.05745
0.368795	0.458965	1.06804
0.427423	0.459894	1.0702
0.472154	0.465957	1.08431
0.533791	0.479171	1.11506
0.631314	0.516172	1.20116
0.655732	0.518357	1.20625
0.678258	0.529144	1.23135
0.671223	0.488482	1.13673
0.816822	0.529747	1.23275
0.840488	0.530657	1.23487
0.865386	0.526839	1.22599
0.907658	0.508424	1.18313
1.15094	0.60224	1.40145
1.23611	0.597003	1.38926
1.23822	0.581526	1.35325
1.22371	0.559283	1.30149
1.37271	0.610984	1.4218
1.49057	0.623837	1.45171
-0.737793	0.315157	0.727578
-0.623551	0.302986	0.699482
-0.404883	0.373477	0.86222
-0.379648	0.352909	0.814736
-0.321671	0.347403	0.802024
-0.141791	0.376566	0.869349
0.0163058	0.411023	0.948899
0.0614793	0.373658	0.862636
0.181354	0.43778	1.01067
0.212602	0.449925	1.03871
0.24716	0.451479	1.0423
0.258954	0.452387	1.04439
0.458521	0.488474	1.1277
0.463705	0.46904	1.08284
0.60047	0.505274	1.16649
0.652816	0.513363	1.18516
0.762359	0.530104	1.22381
0.810335	0.526869	1.21634
0.841409	0.527103	1.21688
0.865372	0.512705	1.18364
0.991779	0.554765	1.28075
0.972062	0.541216	1.24947
1.058	0.575722	1.32913
1.10869	0.582207	1.3441
1.178	0.57817	1.33478
1.31261	0.595572	1.37495
1.47953	0.62636	1.44603
-0.726336	0.31496	0.72141
-0.606303	0.314763	0.720959
-0.471842	0.326035	0.746776
-0.46558	0.347487	0.795912
-0.428733	0.336584	0.770938
-0.371359	0.356208	0.815887
-0.268518	0.356372	0.816262
-0.276097	0.378889	0.867837
-0.0242364	0.405663	0.929162
0.0684383	0.399059	0.914037
0.0836166	0.426017	0.975783
0.202381	0.43943	1.0065
0.274199	0.456274	1.04509
0.280409	0.442295	1.01307
0.368836	0.447649	1.02533
0.457634	0.487072	1.11563
0.491363	0.488612	1.11916
0.492853	0.467078	1.06983
0.774563	0.569216	1.30378
0.901605	0.533145	1.22116
1.11465	0.577354	1.32242
1.18404	0.583352	1.33615
1.2845	0.594168	1.36093
1.4153	0.619188	1.41824
1.46008	0.631932	1.44743
1.53814	0.636153	1.4571
1.59922	0.650311	1.48952
1.70414	0.653473	1.49677
-0.65957	0.332287	0.75516
-0.644505	0.34162	0.776372
-0.617576	0.336106	0.763839
-0.605691	0.332604	0.755881
-0.599065	0.346096	0.786543
-0.580552	0.343532	0.780716
-0.556084	0.333911	0.758851
-0.550188	0.340421	0.773646
-0.554508	0.346609	0.787708
-0.468936	0.328449	0.746438
-0.489052	0.350587	0.796749
-0.433767	0.334536	0.760273
-0.317322	0.364521	0.828416
-0.277627	0.388384	0.882649
-0.210689	0.382418	0.869089
-0.215715	0.403545	0.917103
-0.16677	0.421939	0.958905
0.0226698	0.408901	0.929274
0.342507	0.465635	1.05821
0.408223	0.48477	1.1017
0.501649	0.494637	1.12412
0.598582	0.522648	1.18778
0.602289	0.504239	1.14594
0.829789	0.545116	1.23884
0.848243	0.528775	1.2017
0.864376	0.533382	1.21217
0.943506	0.551534	1.25343
1.09137	0.560157	1.27302
1.17035	0.59321	1.34814
1.0835	0.531528	1.20796
1.57756	0.619496	1.40788
1.65828	0.649109	1.47517
1.64693	0.628536	1.42842
1.70251	0.647722	1.47202
-0.703881	0.321536	0.725074
-0.640535	0.31232	0.704291
-0.705147	0.356546	0.804022
-0.578846	0.307873	0.694263
-0.621141	0.343748	0.775162
-0.55649	0.367501	0.828727
-0.526086	0.353111	0.796275
-0.447602	0.337242	0.760491
-0.432451	0.334011	0.753205
-0.162301	0.422597	0.952968
-0.0273467	0.408455	0.921077
-0.0176923	0.415714	0.937447
0.288962	0.46295	1.04397
0.339993	0.476437	1.07438
0.498511	0.487499	1.09932
0.61334	0.52837	1.19149
0.635043	0.521497	1.17599
0.694316	0.521429	1.17584
0.713771	0.529572	1.1942
0.814576	0.539295	1.21613
0.864919	0.540614	1.2191
0.867167	0.536564	1.20997
0.990154	0.564393	1.27272
0.97405	0.532981	1.20189
1.22813	0.602332	1.35828
1.2646	0.608093	1.37127
1.31702	0.593831	1.33911
1.41559	0.622307	1.40332
1.46628	0.63775	1.43814
1.75342	0.674396	1.52078
-0.68614	0.334493	0.7485
-0.627856	0.328013	0.733999
-0.64756	0.344109	0.770018
-0.599535	0.348471	0.779777
-0.494323	0.312209	0.698633
-0.548772	0.348373	0.779559
-0.554769	0.367228	0.821751
-0.469416	0.333913	0.747202
-0.475397	0.354442	0.793139
-0.330596	0.389358	0.871271
-0.25684	0.35673	0.79826
0.0881964	0.424245	0.949337
0.141017	0.439512	0.983501
0.196978	0.445776	0.997519
0.204364	0.446196	0.998459
0.24478	0.441176	0.987226
0.331655	0.457915	1.02468
0.399449	0.48175	1.07802
0.603925	0.520638	1.16504
0.694924	0.542487	1.21393
0.69712	0.515007	1.15244
0.772287	0.538443	1.20488
0.908186	0.541763	1.21231
0.909171	0.529606	1.18511
1.0567	0.560245	1.25367
1.28151	0.59763	1.33732
1.41139	0.603683	1.35087
1.49679	0.638009	1.42768
1.50161	0.622925	1.39393
1.5528	0.639878	1.43186
1.57843	0.629507	1.40865
1.75502	0.678115	1.51743
-0.666571	0.294963	0.655013
-0.642187	0.324402	0.720388
-0.611386	0.320511	0.711745
-0.615407	0.353806	0.785683
-0.543773	0.324576	0.720772
-0.482872	0.342194	0.759897
-0.428169	0.363193	0.806527
-0.332426	0.390806	0.867847
-0.283532	0.405926	0.901423
-0.209468	0.383394	0.851388
-0.194249	0.396183	0.879787
-0.171434	0.387633	0.860801
-0.134661	0.464145	1.03071
-0.0872121	0.385773	0.856671
-0.0669743	0.360007	0.799454
-0.0629278	0.408601	0.907363
-0.00775415	0.433454	0.962555
0.0211988	0.391312	0.868971
0.0590619	0.439962	0.977005
0.0947405	0.426144	0.946322
0.219342	0.45081	1.0011
0.23453	0.432234	0.959845
0.319035	0.464575	1.03166
0.532822	0.508884	1.13006
0.655513	0.525582	1.16714
0.841916	0.513502	1.14031
1.11256	0.574722	1.27626
1.22748	0.606496	1.34682
1.27808	0.616855	1.36982
1.42273	0.6397	1.42056
1.62966	0.650741	1.44507
-0.708793	0.331297	0.730134
-0.595303	0.346451	0.763531
-0.539246	0.322784	0.711372
-0.548908	0.343262	0.756503
-0.383475	0.379282	0.835885
-0.265621	0.314649	0.693445
-0.202127	0.378322	0.833771
-0.200281	0.392375	0.864742
-0.199412	0.403228	0.88866
-0.165238	0.431105	0.950096
-0.105825	0.330994	0.729465
-0.0259901	0.397205	0.875386
-0.0135674	0.403229	0.888662
0.0210336	0.459073	1.01173
0.206013	0.448798	0.989091
0.218792	0.445772	0.98242
0.224189	0.416324	0.917522
0.341227	0.457959	1.00928
0.403587	0.4757	1.04838
0.418224	0.488378	1.07632
0.617916	0.540881	1.19203
0.637947	0.508862	1.12146
0.677391	0.536922	1.1833
0.73818	0.525524	1.15818
0.823373	0.540323	1.1908
0.895351	0.544933	1.20096
1.14711	0.594627	1.31048
1.21375	0.601898	1.3265
1.22508	0.605136	1.33364
1.2374	0.599453	1.32111
1.29516	0.608693	1.34148
1.26977	0.592332	1.30542
1.48243	0.637211	1.40433
1.516	0.638551	1.40728
-0.717015	0.322121	0.704583
-0.630999	0.323609	0.707837
-0.625387	0.322033	0.70439
-0.601956	0.323089	0.7067
-0.502835	0.30183	0.660198
-0.49628	0.341552	0.747084
-0.519713	0.359632	0.78663
-0.457126	0.330764	0.723487
-0.254355	0.306467	0.670342
-0.209375	0.367521	0.803888
-0.131722	0.436825	0.955476
-0.0702378	0.419407	0.917378
-0.0099734	0.390998	0.855239
0.0190815	0.507666	1.11043
0.0372853	0.439128	0.960515
0.0635159	0.453313	0.991542
0.0912189	0.432121	0.945187
0.229365	0.456078	0.997589
0.293649	0.449861	0.983992
0.462876	0.52046	1.13841
0.437398	0.470932	1.03008
0.464061	0.487228	1.06572
0.454304	0.469213	1.02632
0.514854	0.503065	1.10037
0.542467	0.518068	1.13318
0.81061	0.522352	1.14255
0.906175	0.558392	1.22138
1.02886	0.590912	1.29252
1.52875	0.631875	1.38211
1.54732	0.627281	1.37206
-0.666135	0.31144	0.676145
-0.592848	0.326111	0.707995
-0.570608	0.322202	0.699509
-0.57223	0.328933	0.714123
-0.563781	0.401826	0.872374
-0.327628	0.360077	0.781736
-0.340914	0.388032	0.842428
-0.319947	0.367441	0.797723
-0.236317	0.406668	0.882887
-0.175988	0.399789	0.867952
-0.168138	0.396042	0.859817
-0.167863	0.418547	0.908676
-0.107149	0.411861	0.894161
-0.051442	0.461671	1.0023
-0.0432726	0.451841	0.980959
0.0455881	0.423056	0.918465
0.107251	0.418146	0.907806
0.444556	0.499187	1.08375
0.491097	0.498831	1.08297
0.694039	0.513185	1.11414
0.881809	0.555556	1.20613
0.950324	0.570582	1.23875
1.01953	0.587293	1.27503
1.0594	0.591587	1.28435
1.02629	0.560839	1.2176
1.09713	0.570276	1.23808
1.29532	0.627346	1.36198
1.33079	0.623258	1.35311
1.35728	0.619758	1.34551
1.39516	0.619344	1.34461
1.47556	0.610486	1.32538
1.58919	0.636873	1.38267
-0.703602	0.329	0.708986
-0.718805	0.343599	0.740447
-0.661189	0.332094	0.715652
-0.617615	0.3215	0.692823
-0.583317	0.330371	0.711941
-0.571084	0.329239	0.7095
-0.593509	0.354885	0.764767
-0.473931	0.362554	0.781294
-0.367714	0.374891	0.807879
-0.304437	0.390888	0.842353
-0.245321	0.370418	0.79824
-0.258265	0.404189	0.871015
-0.0601547	0.402501	0.867378
-0.0293206	0.408643	0.880614
-0.00377972	0.394129	0.849337
0.00933203	0.434238	0.935769
0.029322	0.430502	0.927718
0.0448241	0.419065	0.903073
0.203986	0.418263	0.901345
0.298242	0.463756	0.999381
0.367063	0.478306	1.03074
0.392951	0.496944	1.0709
0.456463	0.520955	1.12264
0.497665	0.517497	1.11519
0.579922	0.482243	1.03922
0.714347	0.523054	1.12717
0.753616	0.522103	1.12512
0.789514	0.52711	1.13591
0.793827	0.519216	1.11889
0.837008	0.544691	1.17379
0.915266	0.57808	1.24575
0.95189	0.578499	1.24665
1.05111	0.588758	1.26876
1.06721	0.582562	1.2554
1.11274	0.585079	1.26083
1.19829	0.622435	1.34133
1.30937	0.620066	1.33622
1.3538	0.63181	1.36153
1.3344	0.616051	1.32757
1.4052	0.630641	1.35901
1.4807	0.644305	1.38846
1.54908	0.637422	1.37363
1.56564	0.630134	1.35792
1.59687	0.6407	1.38069
-0.680146	0.311335	0.665992
-0.594743	0.32503	0.695288
-0.620921	0.343683	0.735189
-0.61444	0.344508	0.736954
-0.57335	0.374984	0.802147
-0.48564	0.339911	0.72712
-0.436964	0.35578	0.761066
-0.361867	0.368737	0.788784
-0.350093	0.374395	0.800887
-0.327159	0.358746	0.767413
0.00570797	0.419098	0.896514
0.0554379	0.428701	0.917056
0.120333	0.436201	0.9331
0.149986	0.424895	0.908915
0.261442	0.465821	0.996462
0.315718	0.477262	1.02093
0.489755	0.50488	1.08001
0.510176	0.513678	1.09884
0.515458	0.50336	1.07676
0.543501	0.519017	1.11026
0.585738	0.513927	1.09937
0.607417	0.518902	1.11001
0.739099	0.536031	1.14665
0.972595	0.568603	1.21633
1.06931	0.600762	1.28512
1.06296	0.574781	1.22954
1.2145	0.599238	1.28186
1.31283	0.624009	1.33485
1.39274	0.627482	1.34228
1.47005	0.631587	1.35106
1.52283	0.643601	1.37676
-0.687518	0.322717	0.68531
-0.632201	0.323493	0.686957
-0.52055	0.357373	0.758905
-0.512547	0.365322	0.775783
-0.439688	0.374746	0.795797
-0.436243	0.379234	0.805327
-0.428518	0.380109	0.807185
-0.24534	0.399352	0.848049
-0.209219	0.373108	0.792318
-0.160485	0.372719	0.791493
-0.100744	0.395897	0.840712
0.0593489	0.413041	0.877119
0.101047	0.428948	0.910897
0.165959	0.453765	0.963598
0.450375	0.499463	1.06064
0.597064	0.497413	1.05629
0.628657	0.517136	1.09817
0.702533	0.543664	1.1545
0.747349	0.542956	1.153
0.776784	0.534602	1.13526
0.863079	0.524848	1.11455
0.986036	0.572942	1.21668
1.2913	0.636964	1.35263
1.28398	0.626255	1.32989
1.42466	0.637712	1.35422
1.45457	0.635846	1.35026
1.5575	0.642151	1.36365
-0.654217	0.322056	0.678958
-0.680562	0.348049	0.733757
-0.595466	0.314304	0.662616
-0.616416	0.340386	0.717601
-0.485062	0.344491	0.726255
-0.434088	0.372669	0.785661
-0.435426	0.386427	0.814666
-0.352646	0.382662	0.806727
-0.340161	0.372185	0.784639
-0.249314	0.413939	0.872665
-0.152434	0.43373	0.914389
0.100197	0.442831	0.933576
0.241952	0.4697	0.990222
0.288478	0.46988	0.990601
0.412619	0.503698	1.0619
0.454064	0.502953	1.06032
0.495674	0.506404	1.0676
0.559621	0.526738	1.11047
0.690147	0.547707	1.15467
0.771448	0.540495	1.13947
0.795018	0.539761	1.13792
0.846692	0.549329	1.15809
0.848647	0.522264	1.10104
0.979728	0.573425	1.20889
1.22516	0.606449	1.27852
1.27764	0.630058	1.32829
1.27533	0.612835	1.29198
1.30301	0.621598	1.31045
1.30443	0.609022	1.28394
1.34527	0.619299	1.30561
1.41188	0.638789	1.34669
1.40477	0.624827	1.31726
1.50286	0.644487	1.35871
-0.688818	0.321115	0.672111
-0.602508	0.319042	0.667773
-0.651481	0.368539	0.771374
-0.573305	0.332841	0.696655
-0.528707	0.368263	0.770796
-0.508083	0.355768	0.744642
-0.446204	0.345283	0.722697
-0.516694	0.406959	0.851789
-0.450256	0.374676	0.784217
-0.421852	0.387547	0.811158
-0.191585	0.297838	0.623392
-0.165439	0.396882	0.830696
-0.148696	0.435578	0.911689
-0.0998917	0.437787	0.916312
-0.0561852	0.431979	0.904156
0.0117693	0.414123	0.866783
0.247865	0.477611	0.999666
0.326815	0.471904	0.987722
0.479554	0.482244	1.00937
0.697083	0.547309	1.14555
0.783481	0.54707	1.14505
0.804819	0.547543	1.14604
0.960069	0.568514	1.18993
1.03132	0.587093	1.22882
1.45395	0.615975	1.28927
-0.662325	0.318834	0.662579
-0.665734	0.327565	0.680722
-0.689427	0.340477	0.707556
-0.584663	0.3317	0.689316
-0.574119	0.332792	0.691585
-0.566508	0.33567	0.697565
-0.471465	0.43027	0.894157
-0.285596	0.391988	0.814602
-0.215292	0.381903	0.793644
-0.161575	0.420876	0.874635
-0.112368	0.425616	0.884486
-0.0737607	0.442735	0.92006
0.0277027	0.421767	0.876486
0.179455	0.462651	0.961449
0.185515	0.460483	0.956944
0.310686	0.48915	1.01652
0.35641	0.491551	1.02151
0.572451	0.520539	1.08175
0.710393	0.539392	1.12093
0.759508	0.560734	1.16528
0.801514	0.540879	1.12402
0.852115	0.558094	1.15979
0.929084	0.572011	1.18871
1.07734	0.5947	1.23586
1.0962	0.600149	1.24719
1.18385	0.625058	1.29895
1.18417	0.601432	1.24985
1.4075	0.626623	1.3022
1.53942	0.663228	1.37827
1.58334	0.662892	1.37758
-0.653983	0.336483	0.694304
-0.601649	0.339442	0.70041
-0.602277	0.341229	0.704097
-0.585782	0.360778	0.744434
-0.444843	0.343163	0.708087
-0.445064	0.353477	0.72937
-0.428632	0.368753	0.760889
-0.414952	0.37124	0.766023
-0.429808	0.392367	0.809616
-0.331188	0.367177	0.757639
-0.164951	0.432734	0.89291
-0.119918	0.444829	0.917867
-0.0742657	0.429622	0.886489
0.180852	0.460679	0.950572
0.219693	0.442272	0.912591
0.260504	0.494786	1.02095
0.351035	0.497881	1.02734
0.402322	0.497174	1.02588
0.485515	0.495252	1.02191
0.533351	0.498637	1.0289
0.556904	0.510014	1.05237
0.673702	0.542984	1.1204
0.76496	0.530626	1.0949
0.888741	0.558809	1.15306
0.925344	0.573772	1.18393
1.08221	0.619589	1.27847
1.0765	0.611116	1.26099
1.16868	0.639147	1.31883
1.1939	0.637377	1.31517
1.46192	0.651148	1.34359
-0.665793	0.320451	0.656575
-0.643012	0.324486	0.664841
-0.584635	0.337851	0.692226
-0.566362	0.340369	0.697385
-0.596143	0.366401	0.750722
-0.414519	0.347999	0.713017
-0.345258	0.391953	0.803076
-0.040265	0.411833	0.843807
0.20005	0.477027	0.977384
0.401433	0.481867	0.987301
0.510897	0.528847	1.08356
0.690738	0.531949	1.08991
0.799442	0.547175	1.12111
1.00263	0.566034	1.15975
1.09161	0.60616	1.24196
1.20128	0.621187	1.27275
1.23532	0.633946	1.2989
1.36045	0.642165	1.31574
1.45296	0.649586	1.33094
1.45569	0.634057	1.29912
1.51135	0.647873	1.32743
-0.666354	0.327637	0.66661
-0.690822	0.342135	0.696109
-0.689472	0.343966	0.699833
-0.537668	0.362404	0.737348
-0.522261	0.353769	0.719779
-0.491879	0.363933	0.740459
-0.492362	0.374453	0.761863
-0.419351	0.36355	0.73968
-0.39836	0.381774	0.776757
-0.282987	0.384844	0.783004
-0.286953	0.402278	0.818475
-0.278703	0.407474	0.829047
-0.217859	0.365569	0.743788
-0.225232	0.425031	0.864769
-0.152441	0.397813	0.809391
-0.11529	0.400553	0.814966
-0.0867025	0.433961	0.882937
-0.0548477	0.41002	0.834228
-0.032037	0.426709	0.868182
0.0381422	0.441895	0.89908
0.0818775	0.450657	0.916908
0.0943917	0.463402	0.942838
0.173669	0.432261	0.879479
0.247161	0.463006	0.942032
0.300702	0.489332	0.995596
0.326823	0.507599	1.03276
0.403599	0.47523	0.966904
0.491293	0.482605	0.981909
0.656901	0.533741	1.08595
0.733633	0.562555	1.14457
0.767688	0.531826	1.08205
0.821997	0.549886	1.1188
0.940855	0.568065	1.15579
1.14601	0.610771	1.24268
1.25067	0.627309	1.27632
1.14431	0.571856	1.1635
1.29828	0.630318	1.28244
1.332	0.630957	1.28375
1.35701	0.636171	1.29435
1.35984	0.626721	1.27513
1.46963	0.638462	1.29902
1.52638	0.650676	1.32387
-0.687197	0.335405	0.677683
-0.589008	0.337951	0.682828
-0.593218	0.346154	0.699402
-0.570703	0.340249	0.68747
-0.495616	0.350247	0.707673
-0.52069	0.37374	0.755139
-0.442159	0.365102	0.737686
-0.454161	0.377281	0.762295
-0.399816	0.388576	0.785115
-0.309061	0.358804	0.724961
-0.300859	0.396194	0.800508
-0.265443	0.378614	0.764987
-0.150352	0.419176	0.846943
-0.0980185	0.417394	0.843343
-0.0867601	0.407365	0.823079
-0.0300545	0.403098	0.814457
-0.0287956	0.428037	0.864846
0.0402938	0.433257	0.875394
0.0693391	0.458338	0.926068
0.178515	0.439403	0.887812
0.401929	0.489246	0.988518
0.555858	0.523437	1.0576
0.560378	0.513599	1.03772
0.631408	0.535771	1.08252
0.760766	0.559126	1.12971
1.06267	0.616078	1.24478
1.34799	0.636352	1.28575
1.35154	0.623032	1.25883
1.38189	0.6265	1.26584
1.56989	0.671796	1.35736
-0.624547	0.349151	0.700599
-0.603562	0.342968	0.688193
-0.601345	0.386162	0.774864
-0.520181	0.338763	0.679755
-0.478857	0.361207	0.72479
-0.444613	0.36312	0.72863
-0.328594	0.404661	0.811984
-0.312875	0.388766	0.780091
-0.233293	0.412157	0.827026
-0.215653	0.418431	0.839616
-0.164577	0.404507	0.811675
-0.163894	0.42553	0.85386
-0.141296	0.404884	0.812433
0.0653492	0.456965	0.916937
0.0841537	0.451426	0.905822
0.150439	0.444621	0.892167
0.316653	0.48219	0.967553
0.41528	0.500133	1.00356
0.528535	0.522672	1.04878
0.615	0.532044	1.06759
0.670416	0.549056	1.10172
0.68597	0.555214	1.11408
0.788467	0.553848	1.11134
0.848047	0.561458	1.12661
1.10593	0.586185	1.17623
1.34462	0.657248	1.31882
1.46444	0.657671	1.31967
1.44915	0.638358	1.28092
-0.679233	0.338522	0.674626
-0.634388	0.327915	0.653488
-0.601175	0.330381	0.658403
-0.62033	0.34226	0.682075
-0.537273	0.339506	0.676587
-0.536562	0.355184	0.707831
-0.499604	0.348979	0.695465
-0.46798	0.345992	0.689512
-0.472178	0.356674	0.710801
-0.45824	0.370263	0.737882
-0.364335	0.35399	0.705452
-0.303965	0.398195	0.793545
-0.270538	0.426705	0.850362
-0.262499	0.423628	0.84423
-0.177768	0.424828	0.846622
-0.117827	0.417941	0.832897
0.0157336	0.459441	0.9156
0.0904346	0.453275	0.903312
0.102592	0.464068	0.924823
0.118878	0.462563	0.921823
0.153969	0.448595	0.893986
0.183131	0.433685	0.864273
0.28176	0.4855	0.967533
0.288712	0.468477	0.933608
0.297698	0.472049	0.940727
0.322613	0.483984	0.964512
0.403059	0.476306	0.949211
0.497605	0.525556	1.04736
0.527328	0.500026	0.996481
0.568733	0.518106	1.03251
0.677372	0.5425	1.08112
0.743282	0.572235	1.14038
0.742042	0.565029	1.12602
0.846049	0.589401	1.17459
0.836715	0.579995	1.15585
0.857794	0.569096	1.13413
0.873236	0.558057	1.11213
0.911937	0.57487	1.14563
1.00316	0.604975	1.20563
1.0799	0.626804	1.24913
1.05852	0.596965	1.18967
1.10071	0.613305	1.22223
1.10646	0.599704	1.19512
1.13525	0.590027	1.17584
1.33605	0.650651	1.29665
1.33404	0.640707	1.27684
1.34623	0.633442	1.26236
1.36307	0.632808	1.2611
1.45811	0.655077	1.30548
1.42619	0.630562	1.25662
-0.69897	0.34949	0.691753
-0.630101	0.318464	0.630342
-0.612126	0.337368	0.66776
-0.609078	0.341054	0.675055
-0.550655	0.347188	0.687198
-0.520445	0.355321	0.703296
-0.517781	0.355234	0.703123
-0.460866	0.352423	0.697559
-0.435336	0.375993	0.74421
-0.444359	0.401092	0.79389
-0.371087	0.365568	0.723576
-0.321939	0.405538	0.80269
-0.267775	0.39816	0.788087
-0.229981	0.440023	0.870947
-0.164758	0.410527	0.812564
-0.0784067	0.435372	0.861741
-0.0221013	0.42808	0.847307
0.00575827	0.456932	0.904414
0.0567931	0.474645	0.939474
0.110919	0.434546	0.860106
0.23591	0.454272	0.899151
0.249769	0.468093	0.926506
0.271692	0.477263	0.944657
0.281838	0.465882	0.922131
0.301515	0.475948	0.942054
0.331008	0.479307	0.948702
0.34447	0.479	0.948095
0.421606	0.501631	0.99289
0.545077	0.538745	1.06635
0.542936	0.518347	1.02597
0.621251	0.531546	1.0521
0.690764	0.550671	1.08996
0.731059	0.557422	1.10332
0.786055	0.562617	1.1136
0.821753	0.570677	1.12955
0.850665	0.570947	1.13009
1.00232	0.585756	1.1594
1.08586	0.574658	1.13743
1.09831	0.576887	1.14185
1.3212	0.632333	1.25159
1.30854	0.615758	1.21878
1.45911	0.657885	1.30217
1.46466	0.658273	1.30293
-0.584302	0.375981	0.739166
-0.527158	0.357129	0.702105
-0.484355	0.357302	0.702443
-0.43694	0.424414	0.834384
-0.324056	0.400184	0.786749
-0.246899	0.413493	0.812913
-0.207209	0.410352	0.806739
-0.179265	0.412988	0.811922
-0.187738	0.439688	0.864412
-0.135686	0.414007	0.813925
0.0147433	0.436412	0.857973
0.0163146	0.399166	0.784747
0.0431021	0.441706	0.868381
0.0615722	0.488919	0.961199
0.103291	0.473623	0.931128
0.158934	0.45053	0.885727
0.312881	0.480989	0.94561
0.429908	0.498066	0.979183
0.672102	0.565156	1.11108
0.69252	0.546493	1.07439
0.819723	0.567509	1.1157
1.11461	0.629547	1.23767
1.20689	0.624188	1.22713
1.30885	0.628531	1.23567
-0.645112	0.33655	0.657212
-0.537411	0.356266	0.695714
-0.479928	0.349122	0.681763
-0.511268	0.383712	0.749311
-0.485547	0.374299	0.730928
-0.490156	0.390571	0.762704
-0.493853	0.395737	0.772793
-0.490184	0.399561	0.78026
-0.51517	0.437504	0.854355
-0.267689	0.440867	0.860923
-0.195338	0.431894	0.843399
-0.124324	0.390342	0.762256
-0.118157	0.406967	0.794723
0.114741	0.468731	0.915334
0.20684	0.475602	0.928752
0.252439	0.4439	0.866845
0.308623	0.472496	0.922687
0.444756	0.514519	1.00475
0.489688	0.519914	1.01529
0.63051	0.564017	1.10141
0.621868	0.532795	1.04044
0.741873	0.527431	1.02996
0.870957	0.573286	1.11951
1.04266	0.588173	1.14858
1.11967	0.612158	1.19542
1.17556	0.635379	1.24076
1.22947	0.626377	1.22318
1.29195	0.642087	1.25386
1.47593	0.657585	1.28413
-0.638385	0.330417	0.640941
-0.47542	0.385696	0.748171
-0.399794	0.401874	0.779552
-0.198646	0.404378	0.784411
-0.115693	0.373943	0.725372
-0.0614067	0.377873	0.732995
0.11047	0.467763	0.907364
0.39476	0.523732	1.01593
0.518705	0.508771	0.986911
0.580949	0.523165	1.01483
0.620979	0.532387	1.03272
0.67514	0.575371	1.1161
0.695463	0.559349	1.08502
0.771238	0.551982	1.07073
0.898637	0.627458	1.21714
0.877965	0.576428	1.11815
1.03358	0.60622	1.17594
1.16312	0.630466	1.22297
1.15532	0.614593	1.19218
1.25816	0.627285	1.2168
1.34353	0.660633	1.28149
1.46435	0.680272	1.31959
-0.658844	0.352202	0.678681
-0.628861	0.351856	0.678014
-0.52673	0.341127	0.65734
-0.52317	0.348223	0.671014
-0.523024	0.375943	0.72443
-0.471382	0.370259	0.713476
-0.467826	0.375666	0.723896
-0.490788	0.417393	0.804302
-0.318153	0.39395	0.759129
-0.161301	0.373032	0.718821
-0.158224	0.384449	0.74082
-0.125566	0.427904	0.824556
-0.117162	0.429793	0.828197
-0.00953426	0.424285	0.817583
0.220855	0.42515	0.81925
0.265106	0.490647	0.945461
0.330709	0.497021	0.957742
0.428434	0.506404	0.975824
0.447065	0.524121	1.00996
0.583162	0.532005	1.02516
0.66045	0.553404	1.06639
0.705668	0.546731	1.05353
1.07029	0.604645	1.16513
1.19157	0.628734	1.21155
1.21608	0.630116	1.21421
1.3139	0.637216	1.22789
1.40223	0.662205	1.27605
1.44839	0.675144	1.30098
1.39724	0.640923	1.23504
1.45368	0.656351	1.26477
-0.606135	0.345411	0.661223
-0.635644	0.369494	0.707326
-0.550831	0.354312	0.678262
-0.505111	0.376758	0.721231
-0.387067	0.373266	0.714546
-0.322816	0.413027	0.790661
-0.255628	0.419733	0.803497
-0.191651	0.419208	0.802494
-0.0626027	0.427128	0.817655
-0.0268001	0.471537	0.902667
0.049861	0.430863	0.824804
0.0615813	0.451374	0.864068
0.121102	0.464574	0.889338
0.128455	0.467996	0.895889
0.27928	0.488867	0.935842
0.288286	0.486979	0.932227
0.324139	0.475474	0.910203
0.414556	0.532608	1.01958
0.485624	0.538031	1.02996
0.521167	0.544122	1.04162
0.743276	0.550066	1.05299
0.824905	0.569732	1.09064
0.849104	0.575472	1.10163
0.849775	0.557665	1.06754
0.930855	0.581881	1.1139
1.04072	0.623647	1.19385
1.09007	0.60796	1.16382
1.09391	0.585315	1.12047
1.30841	0.668016	1.27879
1.38937	0.671485	1.28543
-0.630588	0.368963	0.701699
-0.488862	0.376731	0.716473
-0.472636	0.372092	0.707651
-0.383071	0.374331	0.711908
-0.110335	0.420828	0.800337
-0.0623407	0.449294	0.854474
-0.0465925	0.418534	0.795973
-0.00358751	0.423882	0.806146
0.054732	0.449264	0.854417
0.124137	0.46698	0.88811
0.237013	0.481616	0.915943
0.231146	0.444895	0.846107
0.254963	0.449232	0.854356
0.320642	0.478276	0.909592
0.32416	0.473831	0.901139
0.439895	0.51416	0.977837
0.509664	0.531775	1.01134
0.547091	0.55111	1.04811
0.606806	0.550429	1.04681
0.656336	0.55723	1.05975
0.83581	0.567528	1.07933
0.918183	0.595723	1.13295
0.954036	0.59771	1.13673
1.13147	0.607147	1.15468
1.25831	0.667834	1.2701
1.27904	0.6437	1.2242
1.36911	0.648731	1.23377
1.46864	0.680414	1.29402
1.52253	0.694352	1.32053
-0.61709	0.36197	0.683935
-0.549959	0.361609	0.683254
-0.552313	0.38198	0.721744
-0.462787	0.35521	0.671163
-0.415856	0.367192	0.693803
-0.327665	0.396712	0.74958
-0.300178	0.375832	0.710128
-0.261449	0.42063	0.794773
-0.0704122	0.426471	0.805809
0.0746716	0.481441	0.909674
0.121305	0.471468	0.89083
0.142598	0.467561	0.883449
0.236873	0.491318	0.928336
0.288437	0.487947	0.921968
0.35812	0.516532	0.975978
0.404775	0.496079	0.937333
0.45867	0.531091	1.00349
0.612972	0.552774	1.04446
0.704298	0.562551	1.06293
0.764524	0.550719	1.04057
0.830938	0.56527	1.06807
1.01408	0.615668	1.16329
1.02936	0.614772	1.1616
1.41053	0.666222	1.25882
-0.627982	0.3565	0.669262
-0.610286	0.356031	0.668381
-0.556945	0.395128	0.741778
-0.483255	0.361969	0.679528
-0.425514	0.380444	0.714212
-0.403467	0.371989	0.698338
-0.40197	0.37768	0.709022
-0.36461	0.368347	0.691502
-0.313899	0.388925	0.730133
-0.327356	0.430896	0.808925
-0.277508	0.404972	0.760258
-0.281266	0.422991	0.794086
-0.2602	0.403637	0.757752
-0.255594	0.418463	0.785584
-0.196927	0.414222	0.777623
-0.0914237	0.43242	0.811786
-0.086813	0.424192	0.796341
-0.0465839	0.451745	0.848066
-0.0335907	0.484889	0.910287
-0.0261048	0.417636	0.784032
0.00817725	0.436781	0.819974
0.074413	0.462566	0.86838
0.127029	0.449323	0.843519
0.254773	0.477852	0.897076
0.547467	0.532919	1.00045
0.88814	0.573545	1.07672
0.945995	0.59784	1.12233
1.12038	0.649681	1.21965
1.33721	0.670194	1.25816
1.4145	0.694786	1.30433
1.42347	0.653562	1.22694
-0.62197	0.352652	0.657799
-0.619851	0.352796	0.658068
-0.531696	0.349439	0.651805
-0.477791	0.360182	0.671845
-0.476846	0.363152	0.677385
-0.48793	0.43123	0.804371
-0.42797	0.385105	0.718334
-0.39716	0.368533	0.687422
-0.396762	0.370476	0.691046
-0.382812	0.373886	0.697408
-0.360294	0.363843	0.678674
-0.331692	0.403468	0.752586
-0.306406	0.39535	0.737444
-0.203596	0.335477	0.625763
-0.113026	0.45134	0.841881
-0.0899305	0.414817	0.773754
-0.0698194	0.428364	0.799025
0.00868503	0.466893	0.870892
0.114929	0.477779	0.891198
0.260088	0.497276	0.927566
0.267351	0.463484	0.864533
0.29796	0.499089	0.930947
0.296271	0.490732	0.915358
0.328061	0.488921	0.911981
0.401839	0.516105	0.962687
0.551065	0.536343	1.00044
0.609954	0.550422	1.0267
0.625877	0.544947	1.01649
0.818495	0.585744	1.09258
0.99152	0.602306	1.12348
1.00697	0.599444	1.11814
1.10772	0.643951	1.20116
1.50785	0.787295	1.46854
1.31903	0.652068	1.2163
1.39038	0.660968	1.2329
-0.609599	0.343916	0.637423
-0.60731	0.35328	0.654779
-0.486732	0.344797	0.639056
-0.402273	0.390281	0.723358
-0.380269	0.400059	0.741481
-0.331869	0.399726	0.740864
-0.303601	0.42365	0.785205
-0.281031	0.40735	0.754994
-0.257829	0.405112	0.750847
-0.207077	0.423112	0.784208
-0.169867	0.421991	0.78213
-0.106571	0.465818	0.863361
-0.0584424	0.432194	0.801042
-0.0473751	0.436672	0.809341
-0.0336512	0.492021	0.911926
-0.0238878	0.387091	0.717446
-0.00363933	0.441231	0.817791
-0.000714415	0.456443	0.845984
0.0761883	0.460334	0.853197
0.101457	0.463339	0.858766
0.332177	0.488432	0.905275
0.667145	0.537393	0.996019
0.734258	0.552769	1.02452
0.89522	0.583018	1.08058
0.946012	0.602975	1.11757
0.986395	0.600574	1.11312
1.01776	0.604906	1.12115
1.18199	0.639056	1.18444
1.31502	0.633192	1.17358
-0.635897	0.342933	0.631584
-0.618976	0.343653	0.63291
-0.601424	0.356235	0.656084
-0.613172	0.366074	0.674204
-0.530418	0.359416	0.661942
-0.48911	0.383148	0.70565
-0.320408	0.404663	0.745274
-0.3219	0.424341	0.781516
-0.289891	0.399638	0.73602
-0.266537	0.404471	0.744921
-0.246669	0.407143	0.749841
-0.0828281	0.441767	0.813608
-0.0376018	0.42786	0.787996
0.0510731	0.458733	0.844855
0.0555539	0.470891	0.867248
0.0660788	0.457171	0.841978
0.0993732	0.471086	0.867606
0.131938	0.499631	0.920178
0.191253	0.490087	0.902601
0.196935	0.488038	0.898827
0.221721	0.492704	0.907421
0.405743	0.505938	0.931794
0.470759	0.533953	0.98339
0.457007	0.506901	0.933567
0.513027	0.526388	0.969456
0.562533	0.530219	0.976512
0.612259	0.562993	1.03687
0.677293	0.561119	1.03342
0.787391	0.562576	1.0361
1.14869	0.643607	1.18534
1.12741	0.617889	1.13798
1.35795	0.689064	1.26906
1.39418	0.664883	1.22453
-0.633736	0.340271	0.622747
-0.535251	0.349267	0.639211
-0.545753	0.360781	0.660283
-0.47791	0.365338	0.668622
-0.270556	0.40104	0.733963
-0.260819	0.433221	0.792858
-0.217502	0.432354	0.791272
-0.0820289	0.425209	0.778195
-0.0316116	0.426413	0.780398
0.0697665	0.464399	0.849919
0.104179	0.513144	0.939129
0.111285	0.446544	0.817241
0.183571	0.473375	0.866347
0.22973	0.471942	0.863724
0.272798	0.465717	0.852331
0.311492	0.508846	0.931263
0.34622	0.53665	0.98215
0.361859	0.51361	0.939983
0.402029	0.508688	0.930974
0.508595	0.528741	0.967675
0.588504	0.551302	1.00896
0.601036	0.533368	0.976142
0.778048	0.564773	1.03362
0.830961	0.591842	1.08316
0.850727	0.597495	1.09351
0.932696	0.604625	1.10655
1.02123	0.612252	1.12051
1.11288	0.632187	1.157
1.19208	0.652711	1.19456
1.19099	0.647435	1.1849
1.25134	0.661266	1.21021
-0.62742	0.350162	0.636849
-0.620153	0.36621	0.666036
-0.698931	0.425925	0.774641
-0.485655	0.355649	0.646828
-0.427832	0.368105	0.669482
-0.339402	0.366454	0.66648
-0.340286	0.404656	0.735959
-0.310463	0.421824	0.767181
-0.11515	0.415764	0.756161
0.0110512	0.44751	0.813897
0.027341	0.47563	0.865041
0.10169	0.473263	0.860736
0.126381	0.46143	0.839215
0.159881	0.437196	0.795139
0.195989	0.491834	0.894511
0.211956	0.499052	0.907638
0.217853	0.505137	0.918706
0.393881	0.557352	1.01367
0.474192	0.536563	0.975861
0.466314	0.516159	0.938751
0.502374	0.536598	0.975925
0.497269	0.516669	0.939679
0.560902	0.542151	0.986024
0.990886	0.632845	1.15097
1.25336	0.664173	1.20795
1.24486	0.641826	1.1673
1.23507	0.628283	1.14267
1.39492	0.673645	1.22518
-0.55901	0.358546	0.648052
-0.487838	0.366518	0.662461
-0.484092	0.369126	0.667175
-0.253291	0.445533	0.805277
-0.229698	0.428601	0.774673
-0.158011	0.416349	0.752529
-0.145555	0.444605	0.803599
-0.126395	0.428757	0.774954
-0.0233581	0.435276	0.786737
0.0170215	0.452988	0.818751
0.0367384	0.479124	0.86599
0.147277	0.483231	0.873414
0.157972	0.468257	0.846349
0.240497	0.487062	0.880338
0.253602	0.487847	0.881757
0.255433	0.485286	0.877127
0.365406	0.497218	0.898694
0.596464	0.548814	0.991952
0.61111	0.558939	1.01025
0.600017	0.529844	0.957663
0.659435	0.550625	0.995224
0.757724	0.590894	1.06801
0.732909	0.562959	1.01752
0.735831	0.554109	1.00152
0.957453	0.612743	1.1075
1.07876	0.639683	1.15619
1.31023	0.675181	1.22035
1.26757	0.642414	1.16113
1.31304	0.646248	1.16806
-0.585023	0.341835	0.61404
-0.555016	0.355222	0.638086
-0.545881	0.35083	0.630197
-0.50154	0.351604	0.631588
-0.51289	0.361201	0.648827
-0.464155	0.361508	0.649378
-0.415831	0.381624	0.685513
-0.194276	0.466967	0.838813
-0.17792	0.434416	0.780343
-0.161808	0.428997	0.770609
-0.142161	0.436931	0.784861
0.020309	0.463451	0.832498
0.135124	0.476684	0.856269
0.224171	0.496101	0.891147
0.247095	0.496969	0.892708
0.25758	0.4924	0.8845
0.297742	0.495548	0.890154
0.356714	0.50175	0.901294
0.48023	0.538197	0.966764
0.572804	0.567763	1.01987
0.546889	0.525217	0.94345
0.60496	0.531405	0.954565
0.681582	0.557479	1.0014
0.721937	0.544347	0.977812
0.843302	0.60625	1.08901
0.851826	0.598445	1.07499
0.909752	0.611324	1.09812
0.996147	0.620748	1.11505
1.02972	0.619179	1.11223
1.15048	0.651213	1.16978
1.16835	0.635693	1.1419
1.32079	0.658314	1.18253
-0.628526	0.354751	0.633336
-0.630201	0.358299	0.639671
-0.616273	0.355587	0.634828
-0.606241	0.367545	0.656177
-0.572134	0.355184	0.634109
-0.566478	0.353084	0.630359
-0.565818	0.356969	0.637297
-0.517456	0.373478	0.666769
-0.503288	0.370131	0.660793
-0.475074	0.370424	0.661318
-0.439141	0.398397	0.711257
-0.283961	0.393039	0.701692
-0.305857	0.438992	0.783732
-0.239167	0.411748	0.735094
-0.185253	0.36785	0.656722
-0.153909	0.440852	0.787052
-0.131186	0.450528	0.804326
-0.116266	0.527586	0.941898
-0.0269396	0.453203	0.809103
0.140915	0.478319	0.853942
0.14913	0.485009	0.865886
0.364359	0.511007	0.912299
0.647606	0.650037	1.16051
0.595435	0.554664	0.99024
0.644706	0.557131	0.994645
0.679175	0.571035	1.01947
0.827024	0.57933	1.03428
0.95709	0.627966	1.12111
1.19543	0.649856	1.16019
1.2502	0.643595	1.14901
1.26023	0.644488	1.1506
1.33381	0.664613	1.18653
1.41419	0.687033	1.22656
-0.562065	0.37666	0.668355
-0.585881	0.401221	0.711938
-0.509621	0.382517	0.678748
-0.436598	0.376528	0.668121
-0.435077	0.419158	0.743766
-0.307896	0.343167	0.608925
-0.322761	0.370297	0.657065
-0.275591	0.394332	0.699713
-0.226802	0.420836	0.746743
-0.21414	0.450868	0.800033
-0.159175	0.450425	0.799245
-0.140505	0.455295	0.807888
-0.125304	0.474964	0.84279
-0.10223	0.480781	0.85311
-0.0322159	0.448211	0.795317
0.0149425	0.490054	0.869565
0.0812432	0.457332	0.811503
0.0907217	0.460891	0.817818
0.102361	0.488278	0.866413
0.247426	0.484824	0.860286
0.449064	0.558086	0.990282
0.472766	0.540286	0.958698
0.598218	0.547537	0.971565
0.631146	0.551823	0.97917
0.692791	0.553121	0.981473
0.72642	0.549116	0.974367
0.808951	0.599897	1.06447
0.902505	0.606018	1.07533
0.914761	0.61162	1.08527
0.948542	0.605705	1.07478
1.01107	0.632707	1.12269
1.09359	0.655478	1.1631
1.22305	0.657441	1.16658
1.28613	0.657431	1.16656
1.36662	0.676455	1.20032
-0.562473	0.366652	0.64666
-0.562804	0.376225	0.663544
-0.563623	0.378382	0.667347
-0.568015	0.386278	0.681273
-0.559058	0.386878	0.682332
-0.494233	0.386208	0.681151
-0.461115	0.393578	0.694148
-0.446584	0.389635	0.687194
-0.435245	0.402048	0.709087
-0.410987	0.400833	0.706943
-0.24078	0.503265	0.887602
-0.167282	0.429584	0.757651
-0.165799	0.447709	0.789618
-0.140359	0.430797	0.759791
-0.00362417	0.461751	0.814383
0.0109808	0.458533	0.808709
0.144169	0.484769	0.854982
0.213044	0.52538	0.926606
0.250207	0.487151	0.859182
0.275749	0.511546	0.902208
0.262224	0.469827	0.828628
0.35736	0.498334	0.878905
0.430698	0.525973	0.927652
0.614307	0.537365	0.947744
0.685628	0.565171	0.996784
0.736144	0.579473	1.02201
0.742437	0.559232	0.98631
0.807514	0.575188	1.01445
0.859312	0.598528	1.05562
0.867066	0.593415	1.0466
0.878565	0.598679	1.05588
0.904992	0.60618	1.06911
0.936346	0.609022	1.07412
0.934025	0.597625	1.05402
1.1002	0.653434	1.15245
1.10429	0.638972	1.12695
1.20759	0.655334	1.1558
1.27617	0.652049	1.15001
-0.586435	0.364921	0.639734
-0.572406	0.359015	0.629381
-0.540544	0.384797	0.674579
-0.514214	0.379724	0.665685
-0.516315	0.383063	0.671539
-0.451242	0.363787	0.637747
-0.508044	0.411678	0.721703
-0.462916	0.382956	0.671351
-0.432153	0.377233	0.661319
-0.282581	0.398318	0.698282
-0.287998	0.424883	0.744852
-0.24955	0.504631	0.884657
-0.150756	0.439758	0.77093
-0.0950038	0.426569	0.747807
0.0054063	0.484367	0.849133
0.0289358	0.468749	0.821752
0.0922596	0.459477	0.805499
0.212642	0.496421	0.870264
0.304751	0.49314	0.864513
0.385809	0.518281	0.908587
0.446661	0.536275	0.940132
0.444129	0.521365	0.913993
0.481782	0.533874	0.935921
0.483743	0.528641	0.926748
0.527837	0.532673	0.933817
0.99656	0.623731	1.09345
1.09953	0.63308	1.10984
1.09374	0.616288	1.0804
1.17004	0.630105	1.10462
1.23623	0.643831	1.12869
1.31521	0.671696	1.17753
1.34289	0.664385	1.16472
-0.605145	0.367272	0.640005
-0.619412	0.37737	0.657602
-0.583561	0.362465	0.63163
-0.42425	0.40618	0.707806
-0.361162	0.409888	0.714268
-0.347399	0.41812	0.728614
-0.270797	0.387457	0.675179
-0.271373	0.489494	0.852989
-0.210501	0.422822	0.736807
-0.0889763	0.468374	0.816185
-0.0273102	0.470697	0.820234
0.0174903	0.482787	0.841301
0.0414293	0.478987	0.834679
0.0444881	0.479518	0.835604
0.146999	0.479752	0.836013
0.151078	0.473638	0.825359
0.177177	0.471815	0.822182
0.21277	0.492442	0.858127
0.305756	0.492703	0.858581
0.371355	0.510536	0.889656
0.41872	0.538444	0.938289
0.469595	0.542499	0.945355
0.50041	0.542648	0.945615
0.551073	0.55242	0.962643
0.610094	0.565297	0.985083
0.637279	0.554947	0.967047
0.690332	0.567019	0.988084
0.796557	0.595843	1.03831
0.835952	0.616617	1.07451
0.888901	0.592514	1.03251
0.993131	0.632835	1.10277
1.08551	0.626486	1.09171
1.31325	0.664012	1.1571
1.34296	0.666336	1.16115
-0.596325	0.364083	0.630677
-0.589614	0.365561	0.633238
-0.575419	0.365247	0.632694
-0.569954	0.403356	0.698707
-0.478785	0.384754	0.666484
-0.451634	0.38827	0.672575
-0.452541	0.395419	0.684958
-0.451481	0.427128	0.739886
-0.412249	0.399454	0.691948
-0.270932	0.491621	0.851603
-0.156709	0.416541	0.721547
-0.0858299	0.401407	0.695331
-0.0204378	0.452326	0.783534
0.00227789	0.476236	0.824952
0.0142267	0.477943	0.827909
0.0204987	0.485082	0.840275
0.190336	0.456428	0.790641
0.244441	0.472856	0.819098
0.259922	0.49094	0.850423
0.303501	0.487063	0.843708
0.387303	0.509251	0.882142
0.428987	0.529286	0.916847
0.440995	0.535843	0.928205
0.480053	0.530921	0.91968
0.504768	0.54692	0.947394
0.563894	0.572257	0.991283
0.62087	0.575373	0.996681
0.617156	0.565386	0.979381
0.784662	0.587693	1.01802
0.891597	0.623999	1.08091
0.988376	0.623585	1.0802
1.02668	0.618503	1.07139
1.19478	0.648959	1.12415
1.23284	0.64979	1.12559
1.36579	0.696921	1.20723
1.29242	0.649138	1.12446
1.33805	0.665791	1.15331
-0.687758	0.409898	0.705843
-0.416715	0.403738	0.695235
-0.359205	0.358811	0.617871
-0.347624	0.426622	0.734642
-0.324463	0.431043	0.742255
-0.16495	0.464171	0.799302
-0.0885791	0.47186	0.812542
-0.00689681	0.497172	0.856129
0.0455008	0.464819	0.800418
0.168401	0.48636	0.837511
0.27474	0.49849	0.8584
0.339954	0.52765	0.908613
0.366504	0.505527	0.870516
0.552394	0.556859	0.958911
0.679922	0.583208	1.00428
0.686154	0.561633	0.967131
0.775609	0.601242	1.03534
0.806821	0.588608	1.01358
0.904875	0.610375	1.05106
1.0198	0.627454	1.08047
1.02506	0.61887	1.06569
1.07238	0.628591	1.08243
1.06353	0.612258	1.05431
1.23055	0.65895	1.13471
1.2903	0.67087	1.15524
-0.536294	0.375743	0.643227
-0.474476	0.391723	0.670584
-0.37332	0.422253	0.722848
-0.375124	0.430303	0.736628
-0.355178	0.422376	0.723058
-0.354119	0.427391	0.731643
-0.327379	0.413606	0.708045
-0.334955	0.429882	0.735907
-0.301677	0.41337	0.70764
-0.293371	0.447396	0.765889
-0.130571	0.421103	0.720878
-0.0894313	0.449481	0.769459
0.0321218	0.483385	0.827498
0.0888422	0.467833	0.800875
0.123899	0.492391	0.842915
0.123864	0.480466	0.822501
0.145082	0.472304	0.808528
0.206435	0.486352	0.832578
0.219574	0.495683	0.84855
0.339567	0.475209	0.813502
0.433738	0.558733	0.956485
0.472353	0.559537	0.957861
0.493399	0.533734	0.913689
0.571794	0.562227	0.962466
0.629989	0.574148	0.982874
0.623333	0.561762	0.96167
0.675216	0.579507	0.992048
0.807988	0.590268	1.01047
0.911764	0.634604	1.08637
0.911226	0.613156	1.04965
1.08169	0.630906	1.08004
1.20412	0.673228	1.15249
1.24687	0.67613	1.15745
-0.588528	0.36713	0.624813
-0.538522	0.405847	0.690705
-0.455092	0.377927	0.643188
-0.470207	0.404923	0.689132
-0.387171	0.419969	0.714738
-0.369936	0.41225	0.701602
-0.361742	0.408708	0.695574
-0.354754	0.433904	0.738455
-0.297254	0.413197	0.703213
-0.296518	0.422997	0.719892
-0.318171	0.474663	0.807822
-0.286593	0.439627	0.748193
-0.158805	0.436893	0.743542
-0.0927113	0.468704	0.797679
0.0939999	0.482226	0.820693
0.117749	0.494983	0.842404
0.133139	0.46394	0.789572
0.141963	0.48433	0.824273
0.222097	0.497392	0.846504
0.35181	0.495235	0.842832
0.401437	0.537249	0.914335
0.471449	0.557669	0.949087
0.490733	0.537558	0.914861
0.502725	0.529345	0.900883
0.544361	0.548383	0.933284
0.556206	0.543515	0.925
0.603882	0.559887	0.952864
0.633777	0.571352	0.972374
0.666489	0.578442	0.984441
0.73331	0.598204	1.01807
0.703349	0.568076	0.966799
0.887861	0.618938	1.05336
0.940056	0.610898	1.03968
1.11127	0.651965	1.10957
1.1913	0.667667	1.13629
1.22879	0.665784	1.13309
1.29481	0.674639	1.14816
-0.603506	0.374373	0.63344
-0.538197	0.38652	0.653993
-0.455223	0.372648	0.630521
-0.370371	0.360857	0.61057
-0.39909	0.398309	0.673939
-0.389894	0.393927	0.666526
-0.318333	0.426875	0.722274
-0.238276	0.42809	0.724329
-0.206622	0.402068	0.6803
-0.0824403	0.462233	0.782098
-0.0192775	0.383743	0.649295
0.0459716	0.449447	0.760466
0.0972278	0.486387	0.822968
0.150081	0.466213	0.788833
0.20144	0.473278	0.800787
0.247362	0.495876	0.839024
0.340225	0.517485	0.875586
0.461663	0.553299	0.936184
0.634758	0.585291	0.990314
0.665275	0.577683	0.977442
0.751793	0.579174	0.979963
0.827702	0.603609	1.02131
0.96193	0.614071	1.03901
1.01717	0.629715	1.06548
1.23784	0.670144	1.13389
1.30417	0.67914	1.14911
-0.593836	0.369116	0.62094
-0.547417	0.388614	0.653741
-0.449969	0.38996	0.656004
-0.403276	0.425552	0.715878
-0.364397	0.434596	0.731092
-0.320678	0.418811	0.704539
-0.269186	0.421718	0.709428
-0.259132	0.439367	0.739119
-0.258635	0.443082	0.745367
-0.231739	0.433001	0.728409
-0.216028	0.449494	0.756155
-0.151571	0.444366	0.747528
-0.144094	0.446253	0.750703
0.0414487	0.496405	0.835069
0.0515574	0.478446	0.804858
0.0813948	0.483296	0.813018
0.233783	0.508706	0.855763
0.243582	0.50984	0.85767
0.26114	0.485014	0.815907
0.561516	0.551804	0.928265
0.613608	0.550494	0.926061
0.675754	0.572009	0.962253
0.893836	0.617181	1.03824
0.971739	0.619112	1.04149
1.02013	0.621137	1.0449
1.0686	0.612212	1.02988
1.24612	0.665359	1.11929
-0.588569	0.367955	0.615433
-0.599475	0.37906	0.634008
-0.591797	0.375638	0.628284
-0.449857	0.37068	0.619992
-0.399126	0.40297	0.673999
-0.382435	0.416555	0.69672
-0.374041	0.418405	0.699816
-0.368304	0.414786	0.693763
-0.345766	0.397503	0.664856
-0.324438	0.416275	0.696252
-0.299135	0.449964	0.7526
-0.259559	0.429386	0.718181
-0.258455	0.436263	0.729684
-0.240507	0.47913	0.801382
-0.154203	0.44675	0.747225
-0.085591	0.440289	0.736417
0.123542	0.490479	0.820365
0.212924	0.498915	0.834476
0.264101	0.504717	0.844178
0.327192	0.51296	0.857966
0.363836	0.539788	0.902837
0.386058	0.513079	0.858164
0.408435	0.538502	0.900686
0.455606	0.540524	0.904068
0.56215	0.552325	0.923807
0.665441	0.563637	0.942727
0.757653	0.57957	0.969377
0.757474	0.574136	0.960288
0.799667	0.589937	0.986715
0.877881	0.612228	1.024
0.971757	0.640011	1.07047
0.9757	0.620429	1.03772
1.03638	0.61868	1.03479
1.06336	0.628003	1.05039
1.14708	0.656407	1.09789
1.16458	0.657349	1.09947
-0.558076	0.406	0.675192
-0.454459	0.384259	0.639036
-0.354465	0.44368	0.737855
-0.289252	0.411466	0.684281
-0.231654	0.437839	0.728142
-0.227004	0.43397	0.721706
-0.142752	0.455763	0.757949
0.158817	0.458499	0.762499
0.25862	0.475173	0.790229
0.442004	0.72433	1.20458
0.554275	0.589638	0.980588
0.631506	0.543516	0.903885
0.656454	0.550776	0.915959
0.811399	0.588927	0.979405
0.887303	0.614595	1.02209
0.87443	0.588567	0.978807
1.06507	0.628149	1.04463
1.12025	0.642515	1.06852
1.17333	0.65494	1.08919
1.18227	0.657731	1.09383
1.30971	0.689521	1.1467
1.35254	0.701005	1.1658
-0.367848	0.364556	0.602828
-0.262182	0.456938	0.755591
-0.215477	0.456111	0.754224
-0.208757	0.447537	0.740045
-0.163541	0.455372	0.753001
-0.0733464	0.468915	0.775397
-0.0655105	0.453383	0.749712
-0.0348837	0.478224	0.790789
-0.009204	0.4773	0.789262
0.0463097	0.463267	0.766057
0.0576435	0.489125	0.808815
0.0625333	0.460694	0.761802
0.0893707	0.503572	0.832705
0.108665	0.49571	0.819704
0.226769	0.508703	0.841189
0.25628	0.532194	0.880035
0.290384	0.525012	0.868157
0.30953	0.515197	0.851927
0.365948	0.5395	0.892115
0.411568	0.536075	0.886451
0.499991	0.54184	0.895985
0.60955	0.562446	0.930058
0.647461	0.587727	0.971863
0.625412	0.564656	0.933713
0.698916	0.572468	0.946631
0.769487	0.581956	0.962321
0.964874	0.61353	1.01453
1.08778	0.678817	1.12249
1.02239	0.635641	1.05109
1.05204	0.646885	1.06969
1.12814	0.664447	1.09873
1.20671	0.65975	1.09096
1.32856	0.696838	1.15229
-0.540362	0.387459	0.637085
-0.521886	0.375808	0.617928
-0.514374	0.380137	0.625046
-0.460731	0.384268	0.631838
-0.351072	0.47284	0.777475
-0.183777	0.447726	0.736181
-0.168254	0.441814	0.72646
-0.15797	0.435133	0.715474
-0.159274	0.453538	0.745737
-0.140541	0.437091	0.718693
-0.00619439	0.467647	0.768935
0.056322	0.480624	0.790274
0.0981956	0.450494	0.740732
0.159328	0.481909	0.792386
0.228553	0.508809	0.836617
0.251795	0.525848	0.864634
0.270838	0.49245	0.809719
0.484166	0.818566	1.34594
0.407466	0.533743	0.877615
0.432195	0.510618	0.839592
0.498065	0.539331	0.886803
0.655392	0.561814	0.923772
0.774066	0.568242	0.934342
0.837081	0.588872	0.968262
0.871458	0.60548	0.99557
0.93451	0.623601	1.02537
1.00175	0.626347	1.02988
1.08025	0.663136	1.09037
1.11966	0.665527	1.0943
-0.600186	0.383832	0.62758
-0.578144	0.371135	0.60682
-0.480143	0.410844	0.671746
-0.410097	0.428775	0.701064
-0.314392	0.4882	0.798227
-0.274482	0.45541	0.744614
-0.245156	0.42767	0.699258
-0.193118	0.441269	0.721492
-0.128225	0.432968	0.707921
-0.0111671	0.447352	0.731438
0.0468408	0.473899	0.774844
0.0742448	0.508509	0.831433
0.168364	0.503092	0.822576
0.29068	0.514861	0.841818
0.294059	0.490136	0.801392
0.320373	0.504267	0.824496
0.342731	0.52015	0.850467
0.635013	0.576727	0.942971
0.771252	0.566904	0.926911
0.856006	0.590799	0.965981
1.10216	0.656513	1.07343
1.25877	0.70059	1.14549
-0.626843	0.387076	0.629353
-0.596138	0.377687	0.614087
-0.543446	0.404382	0.657492
-0.473773	0.405622	0.659508
-0.377585	0.37834	0.615149
-0.330746	0.4111	0.668414
-0.307319	0.390518	0.63495
-0.281184	0.464602	0.755405
-0.242799	0.43488	0.707079
-0.229084	0.442866	0.720063
-0.101767	0.454016	0.738192
-0.0935226	0.465984	0.757651
-0.0673691	0.494593	0.804167
-0.0525989	0.466463	0.75843
-0.0474475	0.498536	0.810578
0.0614173	0.504495	0.820267
0.114197	0.466388	0.758309
0.247482	0.529227	0.860479
0.326923	0.527249	0.857262
0.38852	0.582527	0.947141
0.360557	0.481365	0.782659
0.464291	0.53961	0.877361
0.508608	0.536304	0.871985
0.578193	0.564328	0.91755
0.600289	0.554184	0.901057
0.638465	0.576937	0.938051
0.728341	0.615747	1.00115
0.71691	0.580202	0.943361
0.872242	0.636459	1.03483
1.10249	0.633686	1.03032
1.26022	0.7171	1.16594
1.24502	0.687797	1.1183
-0.530953	0.39729	0.642376
-0.425527	0.444422	0.718583
-0.305532	0.396319	0.640806
-0.254481	0.435482	0.70413
-0.203753	0.441085	0.713189
-0.16537	0.409702	0.662446
-0.13229	0.451708	0.730365
-0.130376	0.463633	0.749645
-0.103294	0.451588	0.730171
-0.0455907	0.51332	0.829984
0.273182	0.494461	0.799492
0.323263	0.555783	0.898643
0.311549	0.505257	0.816948
0.353982	0.529054	0.855425
0.36704	0.488927	0.790543
0.521254	0.552706	0.893668
0.58667	0.57911	0.93636
0.594822	0.549227	0.888043
0.607044	0.521231	0.842776
0.704764	0.596184	0.963967
0.761472	0.588966	0.952297
0.869084	0.634977	1.02669
0.941292	0.65429	1.05792
0.888032	0.600243	0.97053
0.992838	0.66067	1.06823
1.0825	0.66607	1.07697
1.14522	0.697158	1.12723
1.18291	0.70022	1.13218
1.12583	0.648528	1.0486
1.12652	0.644595	1.04224
1.35186	0.722897	1.16885
-0.606661	0.391551	0.629604
-0.386891	0.399023	0.641618
-0.362266	0.442406	0.711378
-0.3057	0.389892	0.626935
-0.237524	0.375046	0.603063
-0.136624	0.451133	0.72541
-0.0953211	0.494696	0.795458
0.112903	0.455348	0.732187
0.162945	0.478245	0.769005
0.274922	0.495146	0.796182
0.306077	0.513708	0.826029
0.448655	0.557654	0.896692
0.44568	0.538436	0.86579
0.434058	0.513602	0.825858
0.463023	0.536826	0.863203
0.528487	0.596681	0.959447
0.728038	0.587422	0.944558
0.732128	0.574594	0.923932
0.857779	0.617053	0.992205
1.23652	0.688495	1.10708
1.17738	0.651361	1.04737
-0.583888	0.36926	0.590502
-0.599559	0.387652	0.619913
-0.532338	0.390813	0.624969
-0.253483	0.41775	0.668044
-0.120578	0.483686	0.773486
-0.119107	0.489099	0.782141
-0.0767189	0.488553	0.781269
0.462333	0.535385	0.85616
0.566154	0.568331	0.908846
0.610116	0.591905	0.946544
0.637641	0.576673	0.922185
0.745407	0.59915	0.958129
0.805717	0.602917	0.964154
1.06917	0.65115	1.04129
1.09214	0.644764	1.03107
1.28899	0.699106	1.11797
-0.569115	0.355412	0.565255
-0.570931	0.360419	0.573218
-0.606378	0.394213	0.626964
-0.519696	0.38856	0.617974
-0.463962	0.396146	0.630039
-0.318824	0.411117	0.653849
-0.236588	0.392046	0.623518
-0.154584	0.479365	0.762392
-0.117542	0.453136	0.720677
-0.114091	0.482495	0.76737
-0.116819	0.547106	0.870129
-0.100978	0.49976	0.794829
0.00217531	0.495341	0.787802
0.0405293	0.478645	0.761247
0.225977	0.494025	0.785708
0.287255	0.512368	0.814881
0.330329	0.497586	0.791371
0.374887	0.559868	0.890426
0.394802	0.514678	0.818554
0.405389	0.520694	0.828123
0.442113	0.547692	0.871061
0.458049	0.536921	0.85393
0.52789	0.56211	0.893991
0.610502	0.585701	0.931511
0.666196	0.59041	0.939
0.669346	0.590201	0.938669
0.674614	0.57172	0.909275
1.07658	0.656957	1.04484
1.30324	0.708496	1.12681
-0.532906	0.366081	0.579062
-0.499153	0.388566	0.614628
-0.420173	0.432759	0.684533
-0.384463	0.407962	0.645309
-0.354241	0.452586	0.715895
-0.324183	0.520351	0.823084
-0.123272	0.467484	0.73946
-0.07468	0.463761	0.733571
-0.00308994	0.438958	0.694338
0.0302373	0.450596	0.712748
0.0504757	0.498153	0.787973
0.113333	0.487444	0.771033
0.16751	0.475508	0.752153
0.24721	0.523696	0.828376
0.656957	0.597546	0.945192
0.739201	0.595166	0.941426
0.814451	0.621504	0.983088
0.883141	0.640472	1.01309
0.9317	0.64121	1.01426
1.0132	0.658527	1.04165
1.05308	0.628531	0.994203
-0.513797	0.381795	0.600659
-0.495282	0.380881	0.59922
-0.488126	0.380355	0.598393
-0.470227	0.374689	0.589479
-0.483895	0.390881	0.614953
-0.476452	0.390233	0.613934
-0.475308	0.392947	0.618203
-0.353245	0.374603	0.589344
-0.340389	0.430969	0.678021
-0.351015	0.471514	0.741809
-0.223592	0.485214	0.763361
-0.19339	0.453141	0.712904
-0.133445	0.433757	0.682407
-0.0607852	0.442166	0.695636
0.00740667	0.472083	0.742704
0.0207546	0.471133	0.741209
0.0263355	0.47539	0.747906
0.188728	0.49831	0.783965
0.252601	0.531599	0.836336
0.297337	0.515066	0.810326
0.315203	0.53038	0.83442
0.512099	0.579559	0.91179
0.561138	0.58614	0.922144
0.5012	0.505557	0.795367
0.584477	0.576367	0.906768
0.721036	0.611785	0.96249
0.707173	0.594302	0.934984
0.760881	0.59943	0.943053
0.939449	0.652614	1.02672
1.01241	0.671541	1.0565
1.01139	0.64188	1.00984
1.21292	0.67715	1.06532
-0.538029	0.372154	0.582347
-0.533299	0.373252	0.584065
-0.472303	0.380093	0.59477
-0.473667	0.397432	0.621902
-0.460947	0.392331	0.61392
-0.451722	0.386335	0.604537
-0.408437	0.422755	0.661527
-0.38126	0.485322	0.759432
-0.24452	0.407948	0.638357
-0.242906	0.523528	0.819217
-0.192312	0.453049	0.708931
-0.143895	0.488253	0.764018
0.00740669	0.474633	0.742706
0.132965	0.551057	0.862294
0.182007	0.505888	0.791613
0.305229	0.526418	0.823739
0.396607	0.577283	0.903333
0.587875	0.621064	0.97184
0.541498	0.558746	0.874326
0.586557	0.571943	0.894976
0.638096	0.574766	0.899394
0.668507	0.593115	0.928106
0.759372	0.609645	0.953973
0.946183	0.655672	1.026
1.02449	0.653705	1.02292
1.08938	0.678022	1.06097
1.14586	0.659878	1.03258
1.2059	0.674725	1.05581
-0.556655	0.37397	0.582062
-0.545636	0.370761	0.577068
-0.546909	0.373048	0.580628
-0.528174	0.376106	0.585387
-0.531016	0.379647	0.590899
-0.527284	0.383128	0.596317
-0.516101	0.378085	0.588468
-0.521945	0.387142	0.602564
-0.421062	0.418606	0.651536
-0.418008	0.432459	0.673098
-0.258299	0.417529	0.649859
-0.137894	0.479585	0.746446
-0.0701758	0.459148	0.714637
0.00456381	0.460543	0.716809
0.0232175	0.47196	0.734578
0.038026	0.49222	0.766111
0.0618966	0.484467	0.754045
0.0975478	0.499972	0.778177
0.109344	0.477945	0.743894
0.200393	0.526929	0.820135
0.216316	0.502114	0.781511
0.243367	0.557639	0.867933
0.285008	0.519457	0.808505
0.474094	0.552992	0.8607
0.526704	0.602524	0.937794
0.716797	0.600308	0.934345
0.710746	0.584257	0.909362
0.80612	0.609255	0.94827
0.975638	0.649253	1.01052
1.26357	0.70412	1.09592
-0.495514	0.388928	0.602127
-0.439768	0.399425	0.618379
-0.433566	0.399874	0.619074
-0.389638	0.42243	0.653995
-0.354712	0.463028	0.716848
-0.335563	0.447821	0.693304
-0.167959	0.468416	0.725189
-0.150813	0.463933	0.718249
-0.152145	0.476206	0.737249
0.0199556	0.460335	0.712677
0.0718126	0.499288	0.772984
0.0863707	0.48708	0.754084
0.201073	0.523812	0.810951
0.211521	0.520739	0.806194
0.254162	0.524755	0.812411
0.297701	0.562759	0.871248
0.387031	0.564758	0.874342
0.416031	0.533235	0.825539
0.435724	0.554509	0.858476
0.594732	0.579763	0.897573
0.734645	0.590776	0.914624
0.767959	0.604009	0.93511
0.784525	0.593583	0.918969
0.922898	0.638911	0.989145
0.936566	0.621935	0.962863
1.06827	0.647036	1.00172
-0.545164	0.381675	0.587776
-0.539323	0.388147	0.597744
-0.538301	0.388967	0.599005
-0.513195	0.384718	0.592463
-0.493887	0.409444	0.63054
-0.447827	0.387305	0.596447
-0.415509	0.410625	0.632359
-0.343293	0.457165	0.704031
-0.254514	0.431461	0.664446
-0.270039	0.466563	0.718503
-0.154009	0.484603	0.746284
-0.134857	0.464959	0.716033
-0.0695369	0.477356	0.735124
-0.0555977	0.450329	0.693502
0.0189723	0.592592	0.912586
0.0483805	0.519686	0.800312
0.0615097	0.508937	0.783759
0.0703025	0.491385	0.756729
0.0747402	0.502886	0.774439
0.0903786	0.496752	0.764994
0.124161	0.51091	0.786797
0.128359	0.505105	0.777856
0.167898	0.542215	0.835006
0.177997	0.502713	0.774173
0.209058	0.524619	0.807909
0.296518	0.575649	0.886495
0.299173	0.519234	0.799615
0.469872	0.546764	0.842011
0.547803	0.577721	0.889686
0.595076	0.580024	0.893232
0.586808	0.56584	0.871388
0.67849	0.614747	0.946706
0.695754	0.591691	0.911198
0.75884	0.605323	0.932192
0.792976	0.610906	0.94079
0.91761	0.636167	0.979691
-0.583202	0.387847	0.594141
-0.556585	0.385732	0.5909
-0.507174	0.41132	0.6301
-0.425367	0.373411	0.572026
-0.446155	0.403396	0.617961
-0.429001	0.399868	0.612556
-0.413694	0.389613	0.596846
-0.425187	0.406784	0.623151
-0.411	0.399546	0.612062
-0.407173	0.418285	0.64077
-0.414519	0.43072	0.659818
-0.413032	0.436694	0.66897
-0.286366	0.442233	0.677455
-0.269513	0.427137	0.654329
-0.204634	0.415174	0.636003
-0.21089	0.494346	0.757286
-0.205625	0.494817	0.758007
0.014891	0.565683	0.866567
0.0269331	0.556263	0.852137
0.187925	0.502063	0.769109
0.20162	0.523208	0.801501
0.274617	0.498344	0.763411
0.316138	0.526222	0.806116
0.348386	0.517988	0.793503
0.403849	0.523121	0.801367
0.431205	0.546819	0.83767
0.487162	0.562608	0.861857
0.481951	0.549579	0.841897
0.790682	0.614988	0.942098
0.795842	0.598433	0.916737
0.926245	0.640615	0.981354
1.03275	0.658896	1.00936
1.06233	0.666034	1.02029
1.06033	0.649051	0.994279
1.10225	0.642142	0.983694
1.1794	0.676206	1.03588
-0.557994	0.366306	0.558208
-0.590048	0.388751	0.592411
-0.495965	0.387008	0.589755
-0.512246	0.41208	0.627962
-0.44049	0.392526	0.598164
-0.401799	0.405726	0.61828
-0.345804	0.452007	0.688806
-0.294331	0.438233	0.667816
-0.181947	0.464856	0.708387
-0.115409	0.444675	0.677634
0.082757	0.489551	0.746019
0.255435	0.535788	0.816478
0.305743	0.526105	0.801724
0.355731	0.527358	0.803632
0.415005	0.568889	0.866922
0.427245	0.540857	0.824204
0.535029	0.557162	0.849051
0.602439	0.580833	0.885122
0.708998	0.600816	0.915574
0.69896	0.576211	0.878079
0.765154	0.58568	0.892509
0.835514	0.603974	0.920386
0.967056	0.662237	1.00917
0.910571	0.607554	0.925842
0.973526	0.642493	0.979085
1.02768	0.652215	0.9939
1.05147	0.644828	0.982644
1.14115	0.666154	1.01514
1.1793	0.675424	1.02927
-0.56057	0.388121	0.588375
-0.520515	0.391503	0.593501
-0.513045	0.414881	0.628941
-0.484088	0.396725	0.601418
-0.465521	0.425332	0.644784
-0.446373	0.41615	0.630865
-0.451214	0.422818	0.640973
-0.421763	0.409917	0.621416
-0.403137	0.39816	0.603593
-0.410777	0.426425	0.646441
-0.348071	0.454088	0.688378
-0.300344	0.431858	0.654679
-0.261707	0.434335	0.658433
-0.255092	0.465594	0.70582
-0.178276	0.41689	0.631987
-0.14176	0.374592	0.567865
0.0270442	0.564429	0.85565
0.0661215	0.531357	0.805514
0.0744152	0.490318	0.743301
0.088239	0.508191	0.770396
0.112531	0.449838	0.681936
0.157534	0.536037	0.812608
0.20489	0.561426	0.851097
0.3167	0.5327	0.80755
0.4254	0.552874	0.838133
0.488763	0.566777	0.859209
0.604944	0.58942	0.893536
0.607668	0.588938	0.892805
0.703443	0.58294	0.883711
0.75122	0.598147	0.906765
0.777503	0.595739	0.903115
0.792017	0.601819	0.912332
0.82019	0.615557	0.933158
0.965446	0.642823	0.974492
1.03992	0.663436	1.00574
1.01974	0.643824	0.976009
1.17683	0.669115	1.01435
-0.583744	0.38862	0.586082
-0.520449	0.391878	0.590996
-0.519046	0.397329	0.599216
-0.421255	0.425104	0.641104
-0.244056	0.42248	0.637146
-0.256535	0.4483	0.676087
-0.222176	0.457873	0.690523
-0.185775	0.425802	0.642157
-0.1448	0.37914	0.571785
0.0681239	0.505857	0.762888
0.157384	0.501036	0.755618
0.164376	0.505785	0.762779
0.213769	0.540253	0.814761
0.261982	0.536711	0.809419
0.374345	0.538812	0.812588
0.541728	0.573319	0.864629
0.538162	0.55988	0.844361
0.950076	0.657414	0.991454
0.940593	0.645991	0.974226
0.948623	0.632606	0.95404
1.11945	0.705587	1.0641
1.11311	0.678338	1.02301
1.16892	0.693956	1.04656
-0.590504	0.390909	0.586499
-0.585604	0.396178	0.594405
-0.498571	0.395145	0.592854
-0.393906	0.420321	0.630626
-0.354104	0.424396	0.636741
-0.35636	0.429888	0.644981
-0.344987	0.433127	0.649841
-0.32595	0.44554	0.668464
-0.325648	0.455226	0.682996
-0.29276	0.432126	0.648339
-0.28841	0.439751	0.659778
-0.239377	0.445905	0.669011
-0.210736	0.451731	0.677753
-0.207802	0.461498	0.692406
0.160496	0.562256	0.843578
0.292011	0.58188	0.873021
0.319206	0.532706	0.799243
0.33809	0.52182	0.782911
0.373387	0.515984	0.774155
0.435608	0.556227	0.834532
0.441171	0.555653	0.833671
0.615896	0.58756	0.881543
0.657701	0.590849	0.886478
0.650473	0.58153	0.872497
0.718245	0.598687	0.898238
0.867875	0.622377	0.933781
0.986358	0.693884	1.04107
0.98484	0.6484	0.972825
1.03073	0.648583	0.973099
1.09002	0.66331	0.995194
1.16381	0.683465	1.02543
-0.553093	0.370683	0.553304
-0.603965	0.409206	0.610806
-0.524422	0.402251	0.600425
-0.396619	0.422953	0.631326
-0.361213	0.418852	0.625204
-0.35644	0.423899	0.632737
-0.341846	0.431394	0.643925
-0.33097	0.432351	0.645354
-0.301476	0.433438	0.646976
-0.290965	0.44964	0.67116
-0.320688	0.545476	0.814211
-0.243827	0.456534	0.68145
-0.139886	0.5073	0.757227
-0.105574	0.415292	0.61989
0.0180046	0.494445	0.738039
0.0661617	0.496371	0.740914
0.136165	0.518801	0.774394
0.148799	0.544605	0.812911
0.148987	0.496402	0.740959
0.194103	0.516941	0.771617
0.336874	0.52702	0.786663
0.384856	0.534571	0.797933
0.434477	0.553813	0.826655
0.589831	0.574485	0.857512
0.618889	0.590407	0.881278
0.643661	0.581214	0.867555
0.767676	0.612789	0.914686
0.86965	0.629303	0.939335
0.900237	0.643913	0.961143
0.927865	0.618439	0.92312
1.01709	0.668317	0.997571
1.16448	0.685203	1.02278
-0.499442	0.396511	0.58884
-0.386369	0.411769	0.611499
-0.372724	0.418733	0.621842
-0.302373	0.417568	0.620111
-0.248415	0.436702	0.648526
-0.217599	0.460566	0.683965
-0.193898	0.494458	0.734298
-0.133314	0.467689	0.694544
-0.0756496	0.518755	0.770379
-0.0559138	0.491761	0.730291
0.0126771	0.496769	0.737728
0.307665	0.523458	0.777363
0.372604	0.57147	0.848663
0.342988	0.513398	0.762424
0.387124	0.565856	0.840327
0.476767	0.553838	0.82248
0.456368	0.526865	0.782423
0.523028	0.552584	0.820616
0.537936	0.558849	0.829921
0.598863	0.583213	0.866103
0.661222	0.591505	0.878418
0.719531	0.608679	0.903921
1.05595	0.664507	0.986829
-0.518493	0.396863	0.586375
-0.58113	0.457876	0.676523
-0.347149	0.425245	0.62831
-0.326763	0.434282	0.641663
-0.303549	0.418236	0.617954
-0.257483	0.459272	0.678586
-0.143853	0.471783	0.697071
-0.0910507	0.471675	0.696912
-0.0783299	0.470734	0.695521
0.0736626	0.497985	0.735784
0.0782164	0.493241	0.728776
0.201106	0.504895	0.745994
0.270767	0.553851	0.818328
0.273458	0.541648	0.800298
0.384826	0.560974	0.828852
0.421178	0.538665	0.795891
0.459972	0.576498	0.851789
0.453011	0.553003	0.817076
0.500542	0.566792	0.837449
0.509745	0.55705	0.823055
0.505842	0.546423	0.807353
0.607533	0.57663	0.851985
0.612897	0.570188	0.842467
0.665828	0.595807	0.88032
0.741005	0.616087	0.910283
0.740156	0.591789	0.874382
0.748118	0.593102	0.876323
0.819081	0.620531	0.91685
1.05802	0.671469	0.992112
-0.519069	0.399318	0.587026
-0.364474	0.431822	0.634809
-0.351422	0.429856	0.631918
-0.370042	0.474152	0.697037
-0.32433	0.439456	0.646031
-0.187415	0.496354	0.729675
-0.119769	0.488717	0.718448
-0.0978375	0.470452	0.691598
-0.086693	0.492123	0.723456
-0.00311134	0.475587	0.699146
0.139466	0.489372	0.719411
0.207715	0.52413	0.770508
0.255117	0.524485	0.77103
0.275679	0.543085	0.798374
0.342228	0.543624	0.799166
0.349251	0.550148	0.808756
0.386834	0.549685	0.808076
0.428544	0.547138	0.804331
0.439642	0.546513	0.803412
0.497388	0.562683	0.827183
0.508229	0.545507	0.801934
0.56344	0.594618	0.87413
0.554081	0.581489	0.854829
0.719693	0.715492	1.05182
0.600625	0.584792	0.859685
0.647458	0.593627	0.872673
0.733938	0.6106	0.897624
0.867581	0.622897	0.915703
0.923052	0.657718	0.966891
0.986387	0.655786	0.964052
1.04769	0.694094	1.02037
1.10722	0.683154	1.00428
1.21086	0.718886	1.05681
-0.7179	0.489231	0.715593
-0.366069	0.400673	0.586061
-0.384058	0.430297	0.629392
-0.377995	0.433757	0.634453
-0.362064	0.42844	0.626676
-0.36925	0.472316	0.690852
-0.32489	0.433105	0.633499
-0.244877	0.42506	0.621731
-0.245549	0.478827	0.700376
-0.229663	0.467064	0.68317
-0.220181	0.462668	0.676741
-0.202547	0.461406	0.674895
-0.147567	0.488869	0.715065
-0.102999	0.462414	0.676368
-0.0261174	0.483878	0.707764
-0.0233331	0.479107	0.700786
-0.0111786	0.500582	0.732197
-0.000616746	0.499304	0.730328
0.0100843	0.507751	0.742684
0.0191303	0.467085	0.683201
0.0667022	0.490859	0.717975
0.375588	0.5446	0.796582
0.472169	0.571093	0.835332
0.57369	0.579323	0.847371
0.746341	0.618596	0.904815
0.842521	0.639599	0.935536
1.0369	0.660274	0.965778
-0.488476	0.390728	0.56866
-0.47066	0.426618	0.620894
-0.453748	0.419265	0.610193
-0.321528	0.446469	0.649785
-0.246035	0.449802	0.654636
-0.236985	0.450548	0.655721
-0.228685	0.499558	0.72705
-0.195449	0.464204	0.675596
-0.184248	0.460562	0.670295
-0.166949	0.503114	0.732225
-0.141494	0.506503	0.737157
-0.0576076	0.493734	0.718574
-0.041804	0.490706	0.714166
0.0699455	0.497983	0.724758
0.133659	0.492028	0.716091
0.198422	0.519634	0.756268
0.265311	0.539196	0.784738
0.377415	0.533672	0.776699
0.439027	0.544085	0.791853
0.650384	0.59367	0.864019
0.819688	0.617967	0.899381
0.956123	0.682996	0.994023
1.00697	0.659945	0.960475
1.10526	0.697959	1.0158
1.09588	0.676343	0.984341
-0.524085	0.417797	0.605035
-0.462549	0.419365	0.607305
-0.443848	0.404324	0.585523
-0.265685	0.419701	0.607792
-0.231958	0.434521	0.629254
-0.210688	0.428183	0.620075
-0.227307	0.477149	0.690985
-0.211734	0.449385	0.650779
-0.180926	0.460557	0.666957
-0.171283	0.46705	0.676359
-0.166098	0.459455	0.665361
-0.100276	0.465734	0.674454
-0.0897906	0.461835	0.668808
-0.0914342	0.483268	0.699847
-0.0813513	0.498807	0.722349
-0.0615045	0.486045	0.703867
-0.0405893	0.478827	0.693415
0.0764281	0.491739	0.712113
0.274168	0.554068	0.802376
0.493554	0.566796	0.820807
0.569437	0.642383	0.93027
0.570012	0.594043	0.860265
0.613534	0.597156	0.864773
0.693837	0.6019	0.871643
0.806841	0.639134	0.925563
1.09481	0.676865	0.980204
-0.524689	0.413473	0.595811
-0.518951	0.414037	0.596623
-0.2716	0.453627	0.653673
-0.243593	0.472449	0.680795
-0.185957	0.463398	0.667753
-0.104839	0.466709	0.672524
-0.0718803	0.50798	0.731995
-0.0110775	0.503524	0.725574
-0.00585936	0.504754	0.727346
-0.000611943	0.502876	0.72464
0.00766907	0.533671	0.769016
0.440171	0.558212	0.804379
0.735203	0.626759	0.903154
0.723476	0.600795	0.86574
0.784614	0.622043	0.896359
0.818391	0.618261	0.890909
0.925157	0.667478	0.96183
1.13549	0.700979	1.0101
-0.520585	0.405625	0.581626
-0.407172	0.444349	0.637152
-0.38688	0.429474	0.615824
-0.309984	0.424515	0.608713
-0.120068	0.502294	0.72024
-0.0218667	0.513637	0.736504
0.0178418	0.510051	0.731363
0.067873	0.472804	0.677954
0.117565	0.507957	0.728361
0.137801	0.505121	0.724293
0.146161	0.525797	0.753941
0.254761	0.514536	0.737794
0.321021	0.545777	0.782591
0.344999	0.571474	0.819437
0.3859	0.549767	0.788311
0.536139	0.603718	0.865672
0.615814	0.596242	0.854952
0.673576	0.606618	0.869831
0.757885	0.637987	0.914811
1.02653	0.655778	0.940321
1.05881	0.669765	0.960377
1.11087	0.680441	0.975685
-0.371337	0.421506	0.601438
-0.0577285	0.52842	0.753992
-0.036362	0.496523	0.708478
0.0201823	0.505139	0.720773
0.0780556	0.49313	0.703638
0.326665	0.553243	0.789411
0.332286	0.553123	0.789241
0.489468	0.560402	0.799626
0.531647	0.598125	0.853452
0.568986	0.592147	0.844923
0.665376	0.599391	0.855258
0.723016	0.611629	0.872722
0.749161	0.631	0.900361
0.738446	0.613993	0.876095
0.784238	0.620229	0.884992
0.817013	0.623324	0.889408
0.83468	0.629391	0.898065
0.873499	0.631705	0.901367
1.03136	0.659926	0.941636
1.04333	0.658913	0.94019
-0.520551	0.407946	0.579254
-0.493685	0.391605	0.556051
-0.331471	0.433834	0.616013
-0.286146	0.395727	0.561903
-0.256343	0.475786	0.675581
-0.175898	0.462812	0.65716
-0.104601	0.432541	0.614176
0.0101937	0.528719	0.750742
0.0249016	0.498044	0.707186
0.369646	0.535738	0.76071
0.411753	0.583771	0.828913
0.52565	0.590853	0.838969
0.876606	0.634695	0.90122
1.06104	0.698338	0.991589
1.07273	0.661455	0.939218
-0.538797	0.438374	0.619441
-0.353449	0.398154	0.562608
-0.29864	0.4121	0.582314
-0.257166	0.475124	0.67137
-0.203972	0.51172	0.723081
-0.142163	0.55545	0.784874
-0.0594831	0.481751	0.680735
0.0722033	0.49265	0.696135
0.149764	0.51782	0.731702
0.184599	0.559424	0.79049
0.177253	0.528994	0.747491
0.198804	0.515003	0.727721
0.225652	0.541658	0.765385
0.278133	0.547178	0.773185
0.439048	0.556795	0.786774
0.638608	0.606197	0.856582
0.698981	0.618627	0.874146
0.858055	0.645837	0.912594
0.903041	0.645064	0.911503
1.00873	0.690409	0.975577
1.04996	0.660999	0.93402
1.11315	0.685394	0.968491
-0.513101	0.404404	0.568682
-0.416715	0.479962	0.674934
-0.114575	0.44983	0.632561
-0.10348	0.423117	0.594997
0.0270613	0.495749	0.697134
0.0297844	0.49926	0.702071
0.0508464	0.507347	0.713443
0.0881714	0.530721	0.746312
0.149863	0.53969	0.758924
0.173577	0.545417	0.766978
0.180263	0.53249	0.7488
0.192931	0.545405	0.766961
0.200464	0.528802	0.743614
0.220004	0.524251	0.737213
0.272062	0.543275	0.763965
0.43568	0.555202	0.780738
0.483239	0.55165	0.775742
0.615782	0.596012	0.838126
0.680583	0.613565	0.862809
0.741164	0.625305	0.879319
0.868756	0.630466	0.886576
0.891679	0.640036	0.900034
0.988905	0.677757	0.953078
1.01742	0.667162	0.938179
-0.503515	0.411933	0.576488
-0.444961	0.419438	0.586991
-0.314866	0.435641	0.609666
-0.323474	0.457125	0.639732
-0.23183	0.428436	0.599582
-0.232871	0.47462	0.664217
-0.184711	0.461987	0.646537
-0.143102	0.504308	0.705764
-0.115203	0.540564	0.756503
-0.0617038	0.484587	0.678165
0.052535	0.478327	0.669404
0.0968153	0.508037	0.710982
0.152139	0.531133	0.743304
0.218301	0.549247	0.768655
0.304848	0.540535	0.756462
0.315482	0.540063	0.755801
0.33706	0.557729	0.780526
0.458084	0.575416	0.805278
0.518024	0.590793	0.826797
0.566224	0.591317	0.82753
0.843492	0.624275	0.873653
0.888966	0.616488	0.862756
-0.456431	0.424245	0.59088
-0.448066	0.422384	0.588289
-0.395981	0.43993	0.612726
-0.447588	0.514488	0.716569
-0.31876	0.459175	0.63953
-0.176264	0.466529	0.649772
-0.0636019	0.522603	0.727871
-0.0414059	0.478411	0.666321
0.0377418	0.508975	0.708891
0.0628379	0.505242	0.703692
0.0692112	0.514904	0.717148
0.106746	0.521417	0.72622
0.112883	0.525611	0.73206
0.121571	0.528957	0.736722
0.136593	0.546548	0.761221
0.135793	0.532645	0.741858
0.164083	0.528989	0.736765
0.272348	0.560444	0.780576
0.280558	0.548973	0.7646
0.31323	0.595353	0.829197
0.312125	0.566228	0.788632
0.313452	0.534547	0.744507
0.389015	0.583459	0.81263
0.384004	0.559099	0.778702
0.396861	0.553534	0.770951
0.396227	0.53395	0.743675
0.453504	0.568793	0.792204
0.519722	0.582174	0.810841
0.55531	0.576627	0.803115
0.575575	0.588463	0.8196
0.678733	0.603998	0.841237
0.808376	0.631833	0.880005
0.871204	0.673015	0.937363
0.935255	0.66331	0.923845
0.973537	0.68801	0.958247
1.01198	0.665575	0.927
1.0582	0.675877	0.941349
-0.463383	0.432766	0.59988
-0.408117	0.453052	0.628001
-0.194544	0.497534	0.689659
-0.112781	0.534287	0.740604
