-0.325424	-0.583106	0.720675
-0.301657	-0.61407	0.758944
-0.416775	-1.18035	1.45882
-0.370688	-1.21907	1.50667
-0.166777	-1.28017	1.58219
-0.157477	-1.29755	1.60367
0.772808	-1.1278	1.39388
1.49004	-1.14208	1.41153
1.51235	-1.13591	1.40389
-0.372514	-1.13659	1.41072
-0.237091	-1.07603	1.33555
-0.232691	-1.12458	1.39582
0.906845	-1.21507	1.50813
1.03285	-0.954595	1.18483
0.991138	-0.912268	1.1323
1.0097	-0.868535	1.07801
1.30134	-1.06605	1.32316
1.5122	-1.14245	1.418
1.53887	-1.14327	1.41901
1.4649	-1.07403	1.33307
1.49634	-1.0935	1.35723
-0.381555	-0.677886	0.844982
-0.374829	-1.10851	1.38176
-0.275194	-1.12898	1.40727
1.24701	-1.14762	1.4305
1.29646	-1.04602	1.30386
1.47556	-1.08078	1.34719
-0.476329	-1.196	1.49721
-0.4123	-1.07167	1.34157
-0.238916	-1.07507	1.34583
-0.152533	-1.1177	1.3992
-0.129821	-1.09632	1.37243
0.339884	-1.11117	1.39102
-0.279594	-0.549533	0.690902
-0.435144	-1.13955	1.43271
-0.422834	-1.16252	1.46158
-0.439319	-1.27122	1.59824
0.714845	-1.18773	1.49327
1.37314	-1.23753	1.55589
1.44488	-1.23173	1.54859
1.60436	-1.18458	1.48931
1.52857	-1.11739	1.40484
1.51581	-1.08295	1.36154
-0.384937	-1.0807	1.3646
-0.381068	-1.14288	1.44312
-0.29015	-1.04074	1.31414
-0.323364	-1.17913	1.48888
0.632983	-1.20095	1.51644
1.101	-1.33042	1.67992
1.03925	-1.00218	1.26545
1.51307	-1.36332	1.72147
1.56079	-1.12854	1.42501
-0.348532	-0.603798	0.765735
-0.394645	-1.08923	1.38136
-0.370049	-1.15222	1.46125
-0.242015	-1.09727	1.39155
1.51661	-1.06043	1.34483
-0.344834	-0.590118	0.751656
-0.39015	-0.756901	0.964094
-0.491611	-0.998208	1.27146
-0.25466	-0.986037	1.25595
-0.257393	-1.05278	1.34097
0.719173	-0.90116	1.14784
0.967843	-1.18547	1.50997
1.61573	-1.14682	1.46075
-0.346111	-1.1681	1.49438
-0.284561	-1.05932	1.35522
-0.17582	-1.18244	1.51274
1.81444	-1.47449	1.88636
1.57096	-1.12113	1.4343
1.66343	-1.1717	1.49899
1.52837	-1.05598	1.35094
1.54846	-1.05972	1.35573
1.57084	-1.07165	1.371
-0.343059	-0.586559	0.753712
-0.453353	-1.09654	1.40902
-0.384806	-1.16593	1.49819
0.755493	-0.938395	1.20581
1.31924	-1.10893	1.42495
-0.555355	-1.134	1.46361
-0.431534	-0.731324	0.948093
-0.312088	-0.60022	0.778128
-0.501022	-1.46357	1.89739
-0.325368	-1.08363	1.40482
1.06803	-1.26397	1.63862
1.6325	-1.10601	1.43384
1.5986	-1.0695	1.38651
-0.285823	-1.12243	1.46163
-0.165204	-1.09154	1.4214
0.5074	-1.23129	1.60339
-1.57845	-1.08931	1.42487
-0.507215	-0.845237	1.10561
-0.289312	-1.11058	1.45269
1.20315	-1.42701	1.86659
1.24654	-1.1258	1.4726
1.16913	-1.00863	1.31933
1.40168	-1.16654	1.52588
1.35405	-1.01892	1.33279
-1.58787	-1.09089	1.43337
-0.271957	-0.511459	0.672028
-0.335688	-1.10308	1.44938
-0.343851	-1.14777	1.5081
-0.249736	-1.11599	1.46635
0.702631	-0.848609	1.11502
1.3538	-1.01776	1.33728
-1.55538	-1.08135	1.42727
-0.276785	-1.11342	1.4696
-0.185121	-1.04469	1.37888
-0.151389	-1.16803	1.54168
1.043	-1.33012	1.75562
1.55251	-1.28551	1.69674
1.69164	-1.1047	1.45808
-1.55002	-1.0835	1.43661
-1.47312	-1.03667	1.37452
-0.378181	-1.08016	1.43218
-0.361661	-1.12516	1.49185
-0.466449	-1.61981	2.1477
0.347151	-1.04083	1.38003
0.569722	-1.34252	1.78004
1.33578	-1.1851	1.57132
-1.50304	-1.04939	1.39774
-0.790727	-1.28394	1.71016
-0.456685	-1.60533	2.13824
0.376697	-1.04909	1.39734
0.608427	-1.11357	1.48324
2.49614	-1.95565	2.60485
-1.55724	-1.05056	1.40572
-1.49963	-1.05281	1.40874
-0.418178	-1.19991	1.60558
-0.225606	-1.29052	1.72681
0.82038	-1.00754	1.34817
1.24766	-1.09685	1.46767
-1.61136	-1.08561	1.45932
-1.45523	-1.03446	1.39058
-1.42774	-1.02196	1.37377
-0.420422	-0.766023	1.02973
-0.389754	-1.06883	1.43677
-0.203766	-1.07152	1.44039
-0.138798	-0.97955	1.31676
0.829531	-0.990623	1.33164
1.10259	-1.13307	1.52313
-1.43594	-1.01956	1.37689
-0.256967	-0.411528	0.555759
-0.279228	-1.03819	1.40205
-0.200269	-1.07569	1.45269
-0.120483	-1.02099	1.37883
0.330381	-0.98666	1.33246
-1.63699	-1.11826	1.51722
-0.401553	-0.724892	0.98351
-0.380035	-1.03256	1.40095
-0.398253	-1.14282	1.55054
-0.273041	-1.06852	1.44973
-0.163073	-0.946077	1.28361
-0.173375	-1.09945	1.4917
-0.139097	-1.12678	1.52877
0.333457	-1.02093	1.38516
-1.70337	-1.16598	1.58936
-1.44457	-1.04882	1.42965
-1.43261	-1.0476	1.428
-0.243313	-1.14504	1.56081
-0.232019	-1.14484	1.56055
0.184744	-0.995296	1.3567
0.831816	-1.10785	1.51013
1.00731	-1.20725	1.64561
1.29614	-1.12811	1.53774
1.80714	-1.39397	1.90014
-0.332339	-0.594358	0.813985
-0.567135	-1.33184	1.82398
-0.344739	-1.08685	1.48846
-0.167823	-1.05434	1.44393
0.363802	-1.12024	1.53419
1.66582	-1.28382	1.75822
-1.52478	-1.05891	1.45704
-0.315006	-0.495123	0.681283
0.388496	-1.00692	1.38551
1.79484	-1.52794	2.10242
-1.57195	-1.09405	1.51254
-1.34958	-1.00932	1.3954
-0.316832	-0.551557	0.762536
-0.403675	-1.10576	1.52873
-0.31927	-1.06331	1.47004
-0.316121	-1.108	1.53183
-0.221039	-1.19088	1.64642
-0.1445	-1.10495	1.52761
1.11399	-1.27142	1.75776
1.72553	-1.48076	2.04718
-1.59124	-1.11382	1.54721
-1.35665	-0.998626	1.3872
-0.426096	-0.751291	1.04362
-0.393353	-1.05793	1.46957
-0.22639	-1.18218	1.64217
1.23732	-1.10895	1.54045
1.23823	-1.06209	1.47536
-1.66787	-1.13019	1.57747
-1.35848	-1.01771	1.42048
-1.3391	-1.01082	1.41086
0.242521	-0.968324	1.35155
0.616867	-1.15891	1.61756
-1.37754	-1.04277	1.46247
-0.482808	-1.08207	1.51758
-0.345712	-1.06431	1.49266
-1.59413	-1.13162	1.59474
-1.3193	-1.00155	1.41145
-0.430477	-0.741612	1.04512
-0.429472	-0.9579	1.34993
-0.180315	-1.1737	1.65404
0.451648	-1.07392	1.51343
0.510995	-1.07249	1.51142
1.26166	-1.07596	1.5163
1.71927	-1.19658	1.68629
-1.33473	-1.01621	1.43906
-0.386673	-1.03406	1.46434
-0.337628	-0.98348	1.39271
0.357147	-0.988417	1.3997
-1.30966	-1.02412	1.45735
-0.480912	-0.813364	1.15744
-0.343523	-0.953253	1.3565
-0.179382	-1.11931	1.5928
0.380858	-1.0343	1.47183
0.907549	-1.08006	1.53695
0.968914	-1.09939	1.56445
1.29449	-1.10767	1.57625
1.04721	-0.785692	1.11806
1.31712	-0.962269	1.36933
1.43011	-0.936042	1.33201
-1.61216	-1.16132	1.6607
-1.29744	-0.993669	1.42095
-1.29307	-1.00219	1.43314
-1.31677	-1.02878	1.47117
-0.441007	-1.05289	1.50564
-0.403228	-1.19881	1.7143
-0.160178	-0.791797	1.13227
-0.163478	-0.926137	1.32438
0.380546	-1.04294	1.49141
1.24502	-1.06482	1.52269
1.35951	-0.992108	1.41872
-1.59216	-1.12871	1.62202
-1.40426	-1.03743	1.49084
-1.2664	-1.00481	1.44397
-0.527026	-0.882651	1.26842
-0.31968	-0.540081	0.776127
-0.473637	-1.02436	1.47207
-0.381595	-1.04856	1.50684
-0.375066	-1.0455	1.50245
1.06446	-1.26213	1.81376
0.774299	-0.890726	1.28003
1.27786	-1.19273	1.71403
1.8173	-1.24474	1.78876
-1.68134	-1.1481	1.65806
-1.27961	-1.0229	1.47725
-0.300312	-0.446259	0.644479
-0.396534	-0.985968	1.42392
-0.258626	-1.00878	1.45686
-0.23565	-1.00044	1.44482
-1.25266	-0.99227	1.44015
-1.2806	-1.02717	1.49081
-0.299528	-0.501043	0.7272
-0.472366	-1.01154	1.46812
-0.40958	-1.00041	1.45196
-0.267334	-1.03758	1.50591
0.245061	-1.04607	1.51824
-1.26208	-1.0158	1.48169
-0.308993	-0.509838	0.743669
-0.328757	-0.95822	1.3977
-0.254717	-1.02534	1.4956
-0.211614	-1.00003	1.45868
-0.197745	-0.983376	1.43439
0.555259	-1.17612	1.71553
0.573253	-1.03054	1.50319
0.584476	-0.951736	1.38824
2.47432	-2.01252	2.93554
-1.27224	-1.02755	1.50637
-1.19805	-0.980185	1.43693
-1.15364	-0.96047	1.40803
-0.312609	-0.454112	0.665718
-0.312045	-0.852673	1.25
-0.252666	-1.05673	1.54915
-0.173937	-0.933928	1.36912
-0.155466	-0.941653	1.38044
0.368222	-1.29566	1.8994
0.880961	-1.03669	1.51976
0.924817	-1.04914	1.53802
2.07733	-1.3516	1.98141
-1.43441	-1.10551	1.62885
-1.25484	-1.02592	1.51158
-0.500445	-1.03251	1.52129
-0.296595	-1.06882	1.57479
-0.249448	-1.06149	1.56399
-0.231855	-1.08472	1.59821
-0.215347	-1.15046	1.69507
0.5689	-0.909311	1.33977
-1.17912	-0.971806	1.43912
-0.399065	-0.980365	1.4518
-0.319073	-0.930289	1.37764
-0.302838	-0.990945	1.46747
0.610421	-1.08088	1.60065
0.797153	-0.934442	1.38379
1.01435	-1.11245	1.6474
1.48756	-0.988735	1.46419
-1.24777	-1.03684	1.54328
-1.24051	-1.04009	1.54811
-0.388749	-0.639696	0.952149
-0.331138	-0.842513	1.25403
-0.304676	-0.927099	1.37993
-0.236487	-1.18344	1.76148
0.343124	-0.943458	1.40428
0.465886	-1.10211	1.64042
0.620495	-0.941765	1.40176
0.777507	-0.868718	1.29303
1.29575	-1.04173	1.55055
1.58091	-1.0201	1.51836
-1.17576	-0.976375	1.46074
-0.157239	-0.904275	1.35287
0.393603	-0.926357	1.38591
0.669531	-0.744255	1.11347
1.28153	-1.10104	1.64725
1.06823	-0.86943	1.30074
1.32703	-1.06602	1.59485
1.36118	-0.925087	1.38401
2.07649	-1.33767	2.00126
-0.357323	-1.02593	1.54279
-0.353323	-1.04705	1.57455
-0.262195	-0.925746	1.39214
0.586289	-1.12908	1.69791
0.762311	-0.998751	1.50192
0.78481	-0.852583	1.28212
1.72035	-1.16746	1.75564
-1.15854	-0.983021	1.48594
-0.457253	-0.721768	1.09103
-0.337443	-1.06316	1.60707
-0.246054	-1.02058	1.54271
-0.242937	-1.05537	1.5953
-0.192634	-1.0324	1.56058
0.329729	-1.02946	1.55613
0.364562	-0.958749	1.44925
0.449634	-0.961879	1.45398
0.695406	-1.0145	1.53352
1.12254	-1.06843	1.61504
1.1972	-1.05722	1.5981
1.10468	-0.818034	1.23654
-1.17426	-0.982106	1.4923
-1.12774	-0.969859	1.47369
-1.13723	-0.987325	1.50023
-0.367147	-1.05975	1.61028
-0.33673	-1.02036	1.55043
-0.197931	-0.920799	1.39914
-0.182179	-0.971301	1.47588
0.599755	-1.16747	1.77396
0.94285	-1.04446	1.58704
1.00188	-1.00055	1.52032
1.26061	-1.19985	1.82315
1.5219	-1.20374	1.82906
-1.1217	-0.982789	1.50116
-0.363282	-0.562647	0.859415
-0.320177	-0.905045	1.38241
-0.258208	-0.952245	1.45451
-0.12983	-0.754727	1.15281
0.650142	-1.0197	1.55755
1.02551	-1.13701	1.73672
0.885377	-0.894268	1.36595
1.29604	-1.13264	1.73005
1.14712	-0.76924	1.17498
-1.04986	-0.942311	1.44692
-0.367431	-0.987073	1.51565
-0.202393	-0.886546	1.36129
0.361449	-0.949376	1.45777
0.562915	-0.821497	1.26141
1.39642	-1.09772	1.68555
-1.04504	-0.928426	1.43315
-0.389396	-0.601904	0.929118
-0.364846	-0.960675	1.48293
-0.320045	-1.00467	1.55084
-1.00479	-0.896804	1.39171
-0.858008	-0.975229	1.51341
-0.358924	-1.03071	1.59951
-0.315788	-1.17005	1.81574
-0.195492	-1.08386	1.682
0.389208	-0.93034	1.44375
1.58535	-1.23851	1.92198
-1.3119	-1.0354	1.6154
-1.09014	-0.997701	1.55658
-1.10991	-1.02636	1.60129
-0.834834	-0.968473	1.51098
-0.273821	-0.897506	1.40025
-0.286588	-1.15171	1.79686
0.622747	-1.07723	1.68065
1.06598	-1.09051	1.70137
1.08581	-0.99614	1.55414
1.02213	-0.932902	1.45548
-1.40874	-1.11082	1.74238
-1.18336	-1.01948	1.59912
-1.07244	-0.981298	1.53923
-1.08737	-1.00536	1.57697
-0.864036	-1.00353	1.5741
-0.417749	-0.90926	1.42623
-0.325815	-0.869763	1.36428
-0.307147	-0.916825	1.43809
-0.226585	-0.971595	1.52401
-0.180988	-0.962887	1.51035
0.54105	-0.940043	1.47451
0.687929	-1.16101	1.82111
1.01943	-0.944863	1.48207
0.985529	-0.908679	1.42532
1.2005	-0.948592	1.48792
1.15427	-0.903986	1.41796
-1.07692	-1.00612	1.58671
-0.387838	-0.931332	1.46876
-0.380123	-0.965543	1.52271
0.736071	-0.932836	1.47113
0.871146	-0.977255	1.54118
0.86698	-0.954318	1.50501
0.908383	-0.930037	1.46671
1.11533	-0.986802	1.55623
1.582	-1.22148	1.92633
-1.60538	-0.916926	1.45391
-1.03401	-0.97113	1.53985
-0.996581	-0.9513	1.50841
-1.09311	-1.2083	1.91592
-0.876014	-0.980723	1.55506
-0.355498	-0.525903	0.833888
-0.494732	-0.94847	1.50392
-0.27984	-0.855195	1.35602
-0.282096	-1.00217	1.58907
-0.19637	-0.974814	1.54569
0.886389	-0.85295	1.35246
1.02854	-0.914284	1.44972
1.39177	-1.04583	1.6583
-0.968578	-0.914547	1.45807
-0.939895	-1.04651	1.66846
-0.407737	-0.520638	0.830056
-0.418782	-0.555114	0.885021
-0.278232	-0.983064	1.5673
-0.267965	-0.966415	1.54076
1.29282	-0.970357	1.54704
-1.60158	-0.91982	1.47454
-1.60193	-0.923087	1.47978
-0.458583	-0.964772	1.5466
-0.392342	-0.939682	1.50638
-0.375791	-1.01214	1.62253
0.325774	-0.927506	1.48686
0.707719	-0.756891	1.21335
0.921287	-0.922563	1.47894
1.07693	-0.961541	1.54142
-1.65384	-0.929189	1.4978
-1.21242	-1.03661	1.67095
-0.953368	-0.9255	1.49185
-0.923007	-0.911454	1.46921
-0.472737	-0.687923	1.10889
-0.32458	-0.476354	0.767856
-0.609443	-1.0896	1.75637
-0.317627	-0.954827	1.53913
-0.236776	-0.920964	1.48454
0.193159	-1.01428	1.63496
1.05908	-1.13343	1.82703
-1.66106	-0.934182	1.51422
-1.63444	-0.925295	1.49982
-0.968871	-0.914703	1.48265
-0.234142	-0.971575	1.57484
-0.190717	-0.926144	1.5012
0.770514	-1.12907	1.83011
0.920773	-0.917213	1.48672
1.06279	-0.938475	1.52118
1.31876	-0.81824	1.32629
-1.5749	-0.907647	1.47944
-0.945068	-0.897169	1.46236
-0.933634	-0.938686	1.53004
-0.308029	-0.966385	1.57518
-0.225659	-0.830463	1.35363
0.664728	-0.858367	1.39912
1.06162	-0.951885	1.55155
1.25087	-0.959734	1.56434
1.75347	-1.26546	2.06267
-1.61414	-0.928206	1.52146
-1.55718	-0.904676	1.4829
-1.2101	-1.03285	1.693
-0.891609	-0.912998	1.49654
-0.383858	-0.49116	0.805082
-0.479119	-0.68564	1.12386
-0.357875	-0.516502	0.846622
-0.322165	-0.92024	1.50841
-0.295592	-0.905482	1.48422
-0.287973	-0.951014	1.55885
0.38685	-1.02648	1.68255
0.497714	-0.819458	1.34321
0.671893	-0.869364	1.42501
1.12567	-1.04211	1.70816
1.14484	-0.994549	1.63021
-1.68341	-0.94968	1.56547
-1.60902	-0.916941	1.5115
-1.62024	-0.932812	1.53766
-1.59291	-0.920227	1.51692
-0.891667	-0.90246	1.48763
-0.38368	-0.480897	0.792719
-0.575823	-0.819391	1.3507
-0.501541	-0.914871	1.50809
-0.258772	-0.849774	1.40078
0.442799	-1.22601	2.02098
0.545661	-0.968763	1.59693
1.25068	-1.29279	2.13106
-1.5838	-0.92246	1.52925
-0.846195	-0.878002	1.45555
-0.879392	-0.923907	1.53165
-0.48989	-0.908258	1.50571
-0.382421	-0.91091	1.5101
-0.324921	-0.984129	1.63148
-0.261206	-0.836585	1.38689
-0.249974	-0.924507	1.53264
0.362559	-1.08766	1.80312
0.527246	-0.921054	1.52692
1.01095	-0.935609	1.55105
-1.18036	-0.643261	1.0725
-1.57748	-0.919954	1.53382
-1.46667	-0.883201	1.47254
-0.194918	-0.894825	1.49192
0.965456	-1.01153	1.68651
1.17576	-0.936835	1.56197
1.23376	-0.964567	1.6082
1.15755	-0.876159	1.4608
1.22647	-0.915823	1.52693
1.35458	-0.939768	1.56686
-1.23141	-0.67164	1.12626
-1.03399	-0.573417	0.961548
-1.55398	-0.897919	1.5057
-1.56588	-0.914378	1.5333
-1.50778	-0.889876	1.49221
-0.459225	-0.647863	1.08639
0.543996	-0.850673	1.42647
1.20023	-0.937391	1.57189
1.14287	-0.860097	1.44227
1.21667	-0.899274	1.50797
1.21873	-0.896789	1.5038
1.38109	-0.956668	1.60421
1.35173	-0.790635	1.3258
-1.05537	-0.587818	0.991402
-0.974861	-0.546681	0.922022
-0.442371	-0.78022	1.3159
0.365552	-1.00578	1.69633
1.0445	-1.06837	1.80189
1.40759	-0.961365	1.62142
-0.95184	-0.534327	0.906431
-1.4917	-0.889291	1.50859
-1.48085	-0.886056	1.50311
-1.4648	-0.88618	1.50332
-1.3949	-0.85337	1.44766
-0.824626	-0.915658	1.55332
-0.450471	-0.622886	1.05666
-0.485296	-0.889119	1.5083
-0.20368	-0.894318	1.51712
-0.196256	-0.965437	1.63777
0.940909	-0.832551	1.41234
1.18226	-0.891675	1.51264
1.21844	-0.848504	1.4394
1.37328	-0.921027	1.56243
-1.21673	-0.672127	1.14687
-1.56187	-0.915685	1.56246
-1.51831	-0.899888	1.53551
-1.46899	-0.880286	1.50206
-0.770409	-0.856291	1.46112
-0.480616	-0.938526	1.60144
-0.243807	-0.857103	1.4625
-0.222997	-0.947975	1.61756
0.982676	-0.869151	1.48306
1.24838	-0.92751	1.58264
-2.38826	-1.28108	2.19882
-1.12248	-0.633658	1.0876
-0.999941	-0.568456	0.975689
-1.4589	-0.885444	1.51976
-0.797375	-0.912266	1.5658
-0.514647	-0.891934	1.5309
1.45617	-0.945849	1.62344
1.72172	-1.03511	1.77665
-1.4021	-0.737867	1.27397
-2.13827	-1.1517	1.98847
-1.03994	-0.591878	1.02191
-1.47247	-0.901969	1.5573
-0.755361	-0.884149	1.52653
-0.470414	-0.639103	1.10344
-0.69431	-1.13534	1.96022
0.422104	-0.919173	1.587
0.630565	-0.948704	1.63799
0.809763	-0.904764	1.56212
0.954788	-0.795628	1.37369
-1.47498	-0.779283	1.35349
-1.13104	-0.642189	1.11538
-1.03373	-0.593263	1.0304
-0.935581	-0.544769	0.946178
-1.46076	-0.88949	1.5449
-1.4526	-0.901714	1.56614
-0.745592	-0.848985	1.47455
-0.717089	-0.840503	1.45982
-0.259262	-0.858295	1.49072
-0.215009	-0.79411	1.37924
0.681566	-1.60602	2.7894
0.439443	-1.0058	1.74692
1.43634	-0.903808	1.56977
-1.40141	-0.745873	1.30323
-1.43102	-0.764192	1.33524
-1.92079	-1.05048	1.83546
-0.270197	-0.853764	1.49175
-0.214269	-0.866864	1.51463
0.431857	-0.955167	1.66892
0.518785	-0.859871	1.50242
0.912715	-0.912504	1.59438
-1.34532	-0.721403	1.26808
-0.999896	-0.585961	1.03
-1.44026	-0.897351	1.57736
-1.4496	-0.906754	1.59389
-0.415477	-0.78757	1.38439
1.16369	-1.06273	1.86807
1.48911	-0.907955	1.596
1.12864	-0.63424	1.11487
-2.27023	-1.17025	2.06955
-1.4086	-0.758511	1.3414
-1.89643	-1.05751	1.87017
-1.06273	-0.621335	1.09881
-1.01602	-0.600746	1.0624
-1.40836	-0.882642	1.56092
-1.39483	-0.877671	1.55213
-0.750672	-0.864133	1.52819
-0.810135	-0.939479	1.66144
-0.46947	-0.617481	1.09199
-0.281946	-0.936109	1.65548
1.19061	-0.802172	1.41861
1.49964	-0.905362	1.6011
-1.39555	-0.757326	1.34748
-1.0363	-0.611321	1.0877
-1.39068	-0.883931	1.57275
-0.481106	-0.859661	1.52956
0.594331	-0.99865	1.77686
0.996876	-0.737249	1.31176
1.55337	-0.921465	1.63953
-2.508	-1.30282	2.33229
-2.24479	-1.17396	2.10162
-1.86187	-1.05182	1.88296
-1.4223	-0.905899	1.62173
-1.34773	-0.869122	1.5559
-0.926424	-0.912801	1.63409
-0.277776	-0.874059	1.56474
-0.244007	-0.835695	1.49606
0.567364	-0.855315	1.53118
0.845741	-0.825266	1.47739
0.936165	-0.839475	1.50282
1.81141	-1.18027	2.11291
1.53872	-0.903764	1.61791
-2.31155	-1.20961	2.17883
-1.32213	-0.726426	1.30848
-1.31322	-0.724114	1.30432
-0.984125	-0.591358	1.06519
-1.41264	-0.890559	1.60413
-1.37519	-0.874108	1.5745
-1.3721	-0.879403	1.58403
-0.968854	-0.942746	1.69813
-0.774314	-0.881591	1.58797
0.660181	-0.69734	1.25609
0.869338	-0.848424	1.52823
1.13991	-0.929785	1.67478
1.71363	-1.10505	1.99048
1.68775	-1.08382	1.95225
1.55269	-0.909814	1.63881
1.53728	-0.890618	1.60423
-1.29034	-0.662049	1.19994
-2.07568	-1.09813	1.99033
-1.37066	-0.759268	1.37615
-1.64832	-0.933353	1.69167
-0.965394	-0.585659	1.06148
-1.35459	-0.877423	1.5903
-1.33606	-0.872813	1.58194
-0.239525	-0.828584	1.50178
-0.213002	-0.830736	1.50568
1.25752	-0.891816	1.61638
1.51691	-0.870107	1.57704
-1.23748	-0.635241	1.15856
-2.11851	-1.1255	2.05269
-0.962803	-0.587441	1.07138
-1.30629	-0.859054	1.56675
-1.28815	-0.858263	1.56531
-0.767524	-0.931973	1.69974
-0.585169	-0.733991	1.33866
0.0422229	-0.826793	1.50791
0.840346	-0.831061	1.51569
1.18565	-0.843439	1.53827
1.1865	-0.785265	1.43217
1.24337	-0.819338	1.49431
1.9044	-1.17834	2.14907
1.5585	-0.872061	1.59047
1.54153	-0.8594	1.56738
1.42943	-0.732457	1.33586
-1.34878	-0.69508	1.27568
-1.35262	-0.759197	1.39335
-1.00103	-0.61185	1.12292
-1.32153	-0.859921	1.57821
-1.32392	-0.872752	1.60176
-1.26748	-0.846624	1.5538
-0.732265	-0.876594	1.60881
-0.241602	-0.825372	1.5148
0.86803	-0.842113	1.54552
1.15169	-0.81036	1.48725
1.25967	-0.824881	1.5139
2.00589	-1.22341	2.24532
1.57567	-0.876152	1.608
-1.39406	-0.721268	1.33213
-1.27523	-0.664364	1.22703
-2.04072	-1.09352	2.01965
-1.31783	-0.746092	1.37798
-1.89725	-1.10754	2.04554
-0.955304	-0.594657	1.09829
-1.09391	-0.792655	1.46398
-0.845854	-0.782919	1.44599
-1.82005	-1.99152	3.67819
-0.698651	-0.872562	1.61156
1.44597	-0.767882	1.41822
-1.72138	-0.852658	1.58484
-2.09801	-1.12918	2.09881
-1.93652	-1.05367	1.95846
-1.3125	-0.749673	1.39342
-0.900546	-0.56641	1.05279
-1.2673	-0.858614	1.59591
-0.970195	-0.803201	1.49291
-0.177751	-0.659203	1.22526
0.777722	-0.759628	1.41192
1.69577	-1.15136	2.14003
1.78688	-1.05482	1.9606
1.61178	-0.865825	1.60931
1.67181	-0.89485	1.66326
-1.52186	-0.746545	1.39651
-1.71038	-0.850276	1.59056
-1.24147	-0.652156	1.21995
-1.23675	-0.710051	1.32825
-0.949462	-0.598412	1.11941
-1.232	-0.833158	1.55854
-0.698872	-0.827367	1.5477
-0.706846	-0.878916	1.64413
-0.342113	-0.842072	1.57521
-0.305303	-0.790857	1.47941
-0.185658	-0.667544	1.24873
0.508717	-0.706428	1.32147
0.800635	-0.867921	1.62357
0.787627	-0.841515	1.57417
0.940279	-0.840979	1.57317
1.32489	-0.851202	1.59229
1.73322	-1.01261	1.89423
1.66025	-0.886171	1.65771
-1.289	-0.680004	1.28026
-2.09223	-1.14901	2.16326
-1.35779	-0.78673	1.4812
-1.0565	-0.664427	1.25093
-0.872136	-0.558008	1.05058
-1.01388	-0.955952	1.79979
1.35489	-0.938057	1.7661
1.19064	-0.766684	1.44345
1.64699	-0.85198	1.60404
2.38149	-1.18212	2.2256
1.55056	-0.751927	1.41567
-1.53106	-0.758992	1.43827
-1.46753	-0.729968	1.38327
-1.31021	-0.696708	1.32024
-1.30177	-0.697286	1.32133
-2.17501	-1.19567	2.26575
-1.26454	-0.736655	1.39594
-1.5105	-0.897809	1.70132
-1.20203	-0.821179	1.55611
-1.18494	-0.817134	1.54844
-1.20546	-0.843198	1.59783
-1.13964	-0.804851	1.52517
-0.744736	-0.777248	1.47286
-0.742349	-0.791693	1.50023
-0.706887	-0.853367	1.6171
-0.299848	-0.909823	1.72409
-0.230107	-0.778956	1.4761
0.659147	-0.840584	1.59288
1.37681	-1.20111	2.27607
1.16257	-0.951799	1.80363
1.64424	-0.84804	1.60701
-1.29674	-0.695164	1.32593
-1.76381	-0.9706	1.85129
-1.27971	-0.75263	1.43554
-1.38924	-0.83048	1.58403
-1.09118	-0.692139	1.32017
-0.957407	-0.618073	1.17889
-1.0602	-0.855319	1.63141
-0.614125	-0.742688	1.41658
-0.557585	-0.84248	1.60692
-0.518168	-0.808116	1.54138
-0.209473	-0.738667	1.40891
0.45471	-0.828887	1.581
0.847406	-0.887947	1.69364
1.19761	-0.744925	1.42085
1.71413	-0.955811	1.82309
1.69466	-0.862282	1.64469
1.50998	-0.711084	1.3563
-1.50832	-0.753304	1.4463
-1.45181	-0.727597	1.39694
-1.24431	-0.675135	1.29622
-1.84777	-1.02175	1.96169
-1.29346	-0.765017	1.46879
-0.958782	-0.623211	1.19653
-1.21484	-0.850911	1.6337
-0.799968	-0.730295	1.40212
-0.647836	-0.753268	1.44623
-0.528408	-0.845911	1.6241
-0.275277	-0.841858	1.61631
0.32876	-0.808128	1.55156
1.19113	-0.926235	1.77831
1.3095	-0.792248	1.52107
1.30047	-0.761272	1.4616
-1.5291	-0.771996	1.49201
-1.63091	-0.838139	1.61985
-1.85703	-1.03596	2.00218
-1.95649	-1.20895	2.3365
-0.889898	-0.587851	1.13612
-0.852935	-0.566039	1.09397
-1.17633	-0.843034	1.62931
-1.15558	-0.836519	1.61672
-0.863852	-0.9033	1.74578
-0.225668	-0.749026	1.44762
1.18548	-1.11359	2.1522
1.03402	-0.922974	1.78381
0.905445	-0.77913	1.5058
1.42577	-0.853329	1.64921
1.4536	-0.859237	1.66062
1.77882	-0.956881	1.84934
1.70148	-0.836847	1.61735
1.44025	-0.646341	1.24916
-1.45565	-0.682049	1.32698
-1.43032	-0.724989	1.41052
-1.4612	-0.745943	1.45129
-1.29955	-0.711858	1.38497
-1.23971	-0.744915	1.44929
-1.1689	-0.733275	1.42664
-0.900446	-0.599148	1.16569
-1.13626	-0.800919	1.55825
-1.18069	-0.844765	1.64355
-0.529086	-0.835835	1.62618
-0.25171	-0.728784	1.4179
-0.215993	-0.665948	1.29565
-0.245169	-0.772615	1.50318
0.657674	-0.831378	1.61751
1.34752	-0.843358	1.64082
1.86628	-0.989845	1.92582
1.70568	-0.830506	1.61581
1.56912	-0.703905	1.3695
-1.33292	-0.736586	1.44272
-1.73645	-0.990502	1.94005
-1.18494	-0.719382	1.40902
-0.846051	-0.569835	1.11611
-1.1076	-0.807445	1.5815
-0.849403	-0.769828	1.50782
0.68598	-0.824799	1.61549
0.834709	-0.82212	1.61025
0.955643	-0.885779	1.73493
1.36098	-0.810507	1.5875
1.49836	-0.877563	1.71884
1.57056	-0.912297	1.78687
1.84794	-0.966385	1.89281
-1.45571	-0.686506	1.35373
-1.43832	-0.685198	1.35115
-1.3901	-0.664478	1.31029
-1.26506	-0.702612	1.38548
-1.73775	-0.996629	1.96526
-1.16186	-0.709759	1.39958
-1.75612	-1.11643	2.20149
-0.840932	-0.573491	1.13087
-1.09185	-0.815813	1.60871
-0.71858	-0.84762	1.67143
-0.530889	-0.809541	1.59634
0.417675	-0.999632	1.97118
1.55913	-0.88505	1.74524
1.57596	-0.891009	1.75699
1.81196	-0.930884	1.83562
1.77642	-0.839071	1.65457
1.75868	-0.82515	1.62712
-1.42029	-0.672032	1.33421
-1.21989	-0.686497	1.36293
-1.18513	-0.722211	1.43383
-1.17471	-0.722162	1.43374
-0.578835	-0.666972	1.32417
-0.562587	-0.664698	1.31965
-0.511867	-0.743028	1.47516
-0.475999	-0.720929	1.43129
0.546291	-0.869515	1.72628
0.754648	-0.748902	1.48683
1.02573	-0.864406	1.71614
0.867479	-0.628647	1.24808
1.57138	-0.878874	1.74487
1.8213	-0.922612	1.8317
1.77227	-0.828664	1.64518
-1.71349	-0.842326	1.68378
-1.18186	-0.671382	1.34207
-1.18381	-0.675252	1.3498
-1.59464	-0.936546	1.87212
-0.885551	-0.610549	1.22046
-1.05451	-0.785597	1.57038
-1.02488	-0.780284	1.55976
-0.997832	-0.799159	1.59749
-0.49183	-0.582063	1.16352
-0.614986	-0.746927	1.49308
-0.47282	-0.743478	1.48618
-0.400806	-0.69308	1.38544
0.669254	-0.624162	1.24767
2.13533	-1.25128	2.50126
1.60957	-0.886999	1.77307
1.81143	-0.830088	1.65931
-1.44313	-0.657934	1.32427
-1.46635	-0.705889	1.42079
-1.44054	-0.695892	1.40067
-1.25171	-0.660226	1.32888
-1.69562	-0.908278	1.82815
-1.71404	-1.0083	2.02948
-1.12161	-0.704945	1.41889
-1.56194	-1.02372	2.0605
-1.03017	-0.787572	1.5852
-1.03102	-0.801565	1.61336
-0.652345	-0.650251	1.3088
-0.558561	-0.791537	1.59318
-0.432421	-0.68303	1.37478
-0.605147	-1.01398	2.0409
-0.181645	-0.592622	1.19281
1.12127	-0.754523	1.51868
1.53368	-0.829493	1.66958
1.35953	-0.715641	1.44042
1.56279	-0.810255	1.63085
1.68445	-0.870057	1.75122
2.52258	-1.1149	2.24403
-1.44852	-0.699824	1.41838
-1.45651	-0.706174	1.43125
-1.28438	-0.680595	1.37941
-1.20433	-0.697611	1.41389
-1.14477	-0.724442	1.46827
-0.818483	-0.579609	1.17473
-1.04491	-0.788944	1.59901
-1.02052	-0.792391	1.60599
-0.599121	-0.730464	1.48048
-0.536916	-0.779664	1.5802
-0.517259	-0.759176	1.53867
-0.499227	-0.801482	1.62442
-0.565434	-0.91855	1.86169
0.476998	-0.963198	1.95218
0.536465	-0.48691	0.986852
2.10868	-1.28378	2.60192
1.65995	-0.851478	1.72575
1.87452	-0.836164	1.69471
-1.42818	-0.664095	1.35539
-1.36827	-0.668251	1.36387
-1.31911	-0.70506	1.439
-1.2566	-0.735272	1.50066
-1.02706	-0.660709	1.34848
-1.03179	-0.80935	1.65185
-0.233491	-0.717281	1.46394
2.00481	-1.1555	2.35834
1.97514	-0.939216	1.9169
1.8688	-0.8198	1.67318
-0.769993	-0.344912	0.708918
-0.778832	-0.350033	0.719444
-1.36259	-0.670457	1.37803
-1.39176	-0.689841	1.41787
-1.19621	-0.645038	1.32578
-1.16419	-0.682305	1.40238
-1.0722	-0.691464	1.42121
-0.728776	-0.533764	1.09708
-1.01319	-0.812648	1.67028
-0.943076	-0.770145	1.58292
-0.852374	-0.826057	1.69784
1.67248	-0.852365	1.75191
1.6955	-0.844946	1.73667
1.69844	-0.840206	1.72692
1.77387	-0.867977	1.784
2.08929	-0.979684	2.0136
1.87802	-0.805078	1.65472
-0.679276	-0.29915	0.619229
-0.778798	-0.352242	0.729126
-1.30557	-0.644923	1.33496
-1.13157	-0.670153	1.38719
-1.05041	-0.68574	1.41945
-0.754897	-0.551992	1.1426
-0.978616	-0.774776	1.60375
-0.986755	-0.785862	1.6267
-0.522726	-0.572972	1.18603
-0.51697	-0.842296	1.74352
0.758706	-0.754303	1.56138
0.919536	-0.734373	1.52012
2.34313	-1.33725	2.76805
1.11593	-0.586877	1.21481
1.40688	-0.711946	1.4737
2.04694	-0.943221	1.95243
1.85638	-0.800359	1.65671
1.87301	-0.799809	1.65557
-0.698255	-0.309392	0.645011
-1.32937	-0.631075	1.31564
-1.27338	-0.631536	1.31661
-1.18007	-0.706403	1.47269
-1.05925	-0.70025	1.45986
-1.27092	-0.874966	1.8241
-0.961124	-0.788121	1.64305
-0.79142	-0.761635	1.58783
-0.588201	-0.796561	1.66064
-0.49652	-0.708463	1.47698
-0.300498	-0.723752	1.50885
0.846369	-0.848065	1.76802
1.23739	-0.819922	1.70935
1.22931	-0.644441	1.34351
1.7791	-0.855153	1.78279
1.81237	-0.864895	1.8031
1.85827	-0.780416	1.62698
1.82274	-0.753598	1.57108
-0.845504	-0.386103	0.810735
-0.8869	-0.410687	0.862355
-1.32262	-0.627857	1.31837
-1.33106	-0.636443	1.3364
-1.21472	-0.60719	1.27497
-1.1991	-0.662015	1.39009
-1.03993	-0.6964	1.46229
-0.709179	-0.537601	1.12885
-0.958499	-0.80516	1.69067
-0.951196	-0.804139	1.68852
-0.751562	-0.712945	1.49703
-0.664087	-0.788541	1.65577
-0.305055	-0.691891	1.45282
0.535658	-0.770981	1.6189
2.63431	-1.50777	3.16599
1.76786	-0.828699	1.74009
2.17179	-0.973145	2.0434
-0.658035	-0.292266	0.618152
-0.677622	-0.304056	0.643087
-0.794902	-0.362889	0.767521
-0.968426	-0.446773	0.944938
-1.29138	-0.619751	1.31079
-1.2925	-0.653787	1.38278
-1.04975	-0.639545	1.35266
-1.21896	-0.853695	1.80559
-0.693706	-0.531229	1.12356
-0.929632	-0.760769	1.60905
-0.986943	-0.823079	1.74084
-0.941315	-0.800296	1.69265
-0.765201	-0.715514	1.51333
-0.766129	-0.726747	1.53709
-0.662154	-0.698899	1.47819
-0.578837	-0.620955	1.31334
-0.293851	-0.697615	1.47548
0.449101	-0.787659	1.66592
0.562024	-0.811951	1.7173
0.826561	-0.738493	1.56194
2.93224	-1.659	3.50884
3.1883	-1.75099	3.70339
1.40091	-0.699096	1.47861
1.27461	-0.633657	1.3402
1.76725	-0.822445	1.7395
-1.28863	-0.652129	1.38936
-1.33979	-0.683331	1.45583
-1.14729	-0.707034	1.50633
-0.822019	-0.621292	1.32366
-0.882177	-0.759345	1.61778
-0.574427	-0.672248	1.43222
-0.322298	-0.720464	1.53494
0.47284	-1.08433	2.31015
0.743761	-0.795135	1.69403
1.13809	-0.982664	2.09356
0.828299	-0.62052	1.32201
2.68885	-1.55729	3.31779
2.93282	-1.59232	3.39243
1.65944	-0.838047	1.78545
2.406	-1.04136	2.2186
-0.923585	-0.433631	0.930653
-1.24755	-0.644256	1.38269
-1.26007	-0.658614	1.41351
-1.25168	-0.659564	1.41555
-1.21765	-0.689426	1.47964
-1.06195	-0.659018	1.41437
-1.07941	-0.673084	1.44456
-1.26149	-0.909517	1.95199
-0.732085	-0.569098	1.22139
-0.918219	-0.800468	1.71795
-0.842972	-0.760523	1.63222
-0.238854	-0.807284	1.73258
0.762714	-0.802842	1.72305
0.929191	-0.82375	1.76792
0.897194	-0.671081	1.44026
2.82951	-1.49998	3.21923
2.0028	-1.03208	2.21504
1.58613	-0.814122	1.74726
1.75123	-0.786414	1.68779
1.98153	-0.808368	1.73491
1.53681	-0.624971	1.3413
-0.642179	-0.290835	0.628816
-0.658191	-0.300206	0.649078
-1.19757	-0.68507	1.4812
-1.32658	-0.769162	1.66301
-1.03367	-0.649218	1.40368
-0.716019	-0.562664	1.21654
-0.615189	-0.49248	1.0648
-0.897165	-0.771151	1.66731
-0.885644	-0.776866	1.67967
-0.852138	-0.75784	1.63853
-0.307321	-0.701015	1.51567
-0.225027	-0.652548	1.41088
2.34835	-1.35833	2.93685
3.10808	-1.62884	3.52172
3.26088	-1.70196	3.67982
1.7572	-0.895284	1.9357
1.49167	-0.660328	1.4277
2.94288	-1.23863	2.67805
-0.65443	-0.299471	0.652328
-0.667673	-0.312264	0.680196
-1.22602	-0.623812	1.35883
-1.20689	-0.62916	1.37048
-1.23505	-0.651847	1.4199
-1.34293	-0.875786	1.9077
-0.976685	-0.686145	1.49461
-1.12674	-0.842707	1.83564
-0.648445	-0.518487	1.12941
-0.858341	-0.784901	1.70973
-0.590558	-0.6821	1.4858
-0.562522	-0.736583	1.60448
-0.279639	-0.611393	1.33178
0.292797	-0.706504	1.53896
1.91752	-1.10588	2.40891
1.41086	-0.567084	1.23526
-0.635273	-0.300408	0.659297
-1.2363	-0.616944	1.35399
-1.22193	-0.645455	1.41656
-1.2995	-0.766535	1.6823
-1.39818	-0.828607	1.81852
-1.06606	-0.683032	1.49903
-1.31055	-0.86152	1.89076
-0.858388	-0.612039	1.34323
-1.07931	-0.810728	1.77929
-0.671816	-0.543396	1.19258
-0.833389	-0.847714	1.86046
-0.525497	-0.625099	1.37189
-0.227086	-0.695945	1.52737
0.733751	-0.80096	1.75785
0.716438	-0.629747	1.38209
2.59611	-1.39151	3.05391
3.25992	-1.73992	3.81857
3.0075	-1.36826	3.00289
1.45853	-0.627417	1.37698
3.06939	-1.26441	2.77497
-0.620742	-0.289161	0.639431
-1.23646	-0.650929	1.43942
-1.14144	-0.671363	1.48461
-0.851124	-0.61266	1.35479
-0.643432	-0.732058	1.61882
-0.223254	-0.713664	1.57815
0.325681	-0.759707	1.67996
0.684468	-0.761264	1.68341
0.874209	-0.76264	1.68645
3.20031	-1.67404	3.70185
2.11646	-1.06276	2.35012
1.41852	-0.682253	1.50869
3.63527	-1.63553	3.61669
-0.623962	-0.290614	0.647558
-0.612247	-0.291708	0.649995
-1.20033	-0.66331	1.47801
-1.20215	-0.711716	1.58587
-1.26944	-0.766131	1.70712
-1.03062	-0.677876	1.51047
-1.21906	-0.935264	2.08399
-0.719266	-0.591958	1.31902
-0.655114	-0.550073	1.22569
-0.625713	-0.528953	1.17863
-0.869025	-0.77685	1.73101
-0.288611	-0.687717	1.5324
1.21282	-0.751893	1.6754
3.4288	-1.6686	3.71803
1.37237	-0.593587	1.32265
1.02478	-0.43419	0.967479
3.8151	-1.55299	3.46043
-0.615402	-0.272212	0.611228
-0.617004	-0.288414	0.647608
-0.618036	-0.297916	0.668944
-1.27601	-0.653328	1.46699
-1.13911	-0.613765	1.37815
-1.14015	-0.619735	1.39156
-1.16955	-0.650018	1.45956
-1.42735	-0.871753	1.95744
-0.638675	-0.546927	1.22807
-0.631235	-0.564018	1.26645
-0.683153	-0.701791	1.57581
-0.62447	-0.675201	1.5161
-0.351636	-0.709278	1.59262
-0.318453	-0.653009	1.46627
0.830229	-0.718276	1.61282
0.850403	-0.715678	1.60699
1.36037	-0.845344	1.89814
2.90241	-1.47063	3.30217
3.66217	-1.62846	3.65656
-0.608796	-0.284538	0.643866
-0.595011	-0.280233	0.634123
-0.617608	-0.29774	0.673739
-0.614982	-0.298825	0.676194
-1.09152	-0.591333	1.3381
-1.04694	-0.572241	1.29489
-1.14037	-0.691114	1.56389
-0.914254	-0.611531	1.3838
-0.835806	-0.631424	1.42882
-0.608233	-0.535405	1.21154
-0.668142	-0.681081	1.54118
-0.349133	-0.698802	1.58128
0.835565	-0.702559	1.58978
1.35586	-0.836051	1.89185
2.3501	-1.24278	2.81222
2.38907	-1.14933	2.60077
1.02713	-0.425633	0.963141
1.26495	-0.481827	1.0903
-0.931473	-0.635553	1.44941
-1.10548	-0.789729	1.80102
-1.03418	-0.842757	1.92195
-0.384818	-0.81766	1.86472
0.825281	-0.702992	1.60321
1.12727	-0.700264	1.59699
1.46998	-0.690839	1.5755
2.46628	-1.09157	2.48939
3.59004	-1.57746	3.59749
1.09219	-0.463175	1.0563
0.973975	-0.397782	0.907164
4.66185	-1.86634	4.2563
-0.61242	-0.298883	0.686996
-1.21082	-0.631812	1.45225
-1.08545	-0.597395	1.37314
-1.1126	-0.620834	1.42701
-1.1357	-0.648726	1.49112
-1.00486	-0.621026	1.42745
-1.21043	-0.763718	1.75544
-0.985921	-0.675013	1.55155
-1.23802	-0.89323	2.05313
-1.17889	-0.972715	2.23583
-0.730402	-0.709383	1.63055
-0.685626	-0.916804	2.10731
0.41542	-0.728912	1.67544
0.85652	-0.655066	1.5057
1.41124	-0.82754	1.90214
1.32386	-0.644706	1.48189
3.76137	-1.78844	4.1108
-0.570305	-0.272824	0.632083
-0.612964	-0.30417	0.704708
-1.06374	-0.594383	1.37708
-1.09038	-0.615013	1.42487
-1.03147	-0.645673	1.49591
-0.895689	-0.622528	1.44228
-0.870378	-0.608469	1.40971
-0.812906	-0.639218	1.48095
-0.657579	-0.63876	1.47989
-0.665198	-0.662283	1.53439
-0.556285	-0.657796	1.52399
0.435036	-0.768486	1.78044
0.381842	-0.655182	1.51794
0.886921	-0.733399	1.69915
1.36879	-0.752436	1.74326
1.32867	-0.639361	1.48128
1.34951	-0.62672	1.452
3.39666	-1.47983	3.42849
3.8945	-1.69056	3.91673
1.28429	-0.537988	1.24642
2.11882	-0.837738	1.94089
-0.582574	-0.283269	0.661543
-1.09825	-0.600379	1.40212
-0.891387	-0.629225	1.46948
-0.992036	-0.721723	1.6855
-1.13151	-0.838603	1.95846
-0.739085	-0.58814	1.37353
-0.694052	-0.721523	1.68503
-0.548314	-0.68374	1.5968
-0.531554	-0.677059	1.58119
-0.368038	-0.791297	1.84798
-0.265334	-0.64	1.49465
0.438481	-0.62915	1.46931
1.33146	-0.768437	1.7946
3.28103	-1.44974	3.38571
3.34699	-1.46256	3.41565
-0.583083	-0.292005	0.687453
-0.598718	-0.302405	0.711939
-0.626843	-0.31935	0.751831
-0.661514	-0.344461	0.810949
-1.05355	-0.596021	1.40318
-1.05465	-0.599521	1.41143
-1.02004	-0.648718	1.52725
-1.19307	-0.89388	2.10442
-0.791711	-0.63779	1.50152
-0.771768	-0.630345	1.48399
-0.742248	-0.623526	1.46794
-1.37127	-1.26964	2.98905
-0.732219	-0.748547	1.76227
0.148783	-0.631254	1.48613
1.33801	-0.613879	1.44523
1.04622	-0.415307	0.977738
3.20243	-1.25017	2.94322
-0.560342	-0.274844	0.652322
-0.582037	-0.297994	0.707267
-0.631323	-0.330467	0.78434
-1.04176	-0.593135	1.40776
-1.02225	-0.584876	1.38816
-0.9949	-0.645029	1.53093
-1.07966	-0.711827	1.68947
-0.829495	-0.601165	1.42682
-1.08133	-0.824589	1.9571
-0.769026	-0.631791	1.49951
-0.680274	-0.566848	1.34537
-0.656253	-0.677221	1.60734
-0.515535	-0.607062	1.44082
-0.57765	-0.756433	1.79534
-0.253802	-0.602371	1.42969
0.836964	-0.619914	1.47132
1.281	-0.582974	1.38365
1.36338	-0.618055	1.46691
2.38358	-0.967892	2.29722
1.08276	-0.426338	1.01188
1.78835	-0.672446	1.596
1.06694	-0.391114	0.928281
-0.554994	-0.275792	0.659947
-1.09915	-0.600243	1.43633
-0.996093	-0.573698	1.37281
-0.857653	-0.628197	1.50323
-0.591888	-0.616717	1.47575
-0.344554	-0.710135	1.6993
-0.224821	-0.64763	1.54973
1.33205	-1.07387	2.56968
3.70987	-1.55921	3.73105
2.00504	-0.818931	1.95964
1.17808	-0.476139	1.13936
1.11238	-0.435905	1.04309
1.99519	-0.768847	1.83979
-0.613008	-0.319952	0.771959
-0.648815	-0.343318	0.828335
-1.19152	-0.657738	1.58695
-0.997244	-0.587151	1.41664
-0.969067	-0.585557	1.41279
-1.01383	-0.615842	1.48586
-1.03701	-0.700228	1.68946
-0.952635	-0.753983	1.81916
-0.431018	-0.395618	0.954521
-0.45965	-0.67536	1.62946
-0.375917	-0.6624	1.59819
0.570037	-0.581072	1.40197
0.861478	-0.708513	1.70945
0.987586	-0.738277	1.78126
1.15169	-0.625152	1.50832
1.76959	-0.942747	2.27459
1.46831	-0.689557	1.66372
3.15818	-1.293	3.11965
-0.592031	-0.313564	0.762863
-0.987046	-0.5823	1.41666
-0.960912	-0.643472	1.56549
-1.03426	-0.709257	1.72553
-0.615805	-0.619953	1.50827
-0.255139	-0.629082	1.53048
0.264941	-0.674677	1.6414
0.92836	-0.731044	1.77854
1.06864	-0.597852	1.4545
1.36841	-0.722982	1.75892
1.54942	-0.721626	1.75563
1.45451	-0.674667	1.64138
1.51183	-0.673835	1.63936
2.08182	-0.830474	2.02044
1.08538	-0.404656	0.984477
1.12576	-0.403862	0.982545
-0.581017	-0.31094	0.762847
-1.00365	-0.596411	1.46321
-0.995734	-0.594834	1.45934
-1.10587	-0.775349	1.90221
-0.810438	-0.622247	1.5266
-0.351274	-0.608728	1.49343
0.951891	-0.70439	1.72812
0.953598	-0.687648	1.68705
1.21336	-0.63867	1.56689
7.20732	-3.24906	7.9711
2.15392	-0.864158	2.12009
2.20807	-0.83269	2.04289
1.21619	-0.434024	1.06482
-0.542641	-0.296376	0.733291
-0.546732	-0.300072	0.742436
-0.979058	-0.598939	1.48189
-1.00478	-0.631919	1.56349
-1.12411	-0.710952	1.75903
-1.09633	-0.77664	1.92155
-0.757476	-0.592792	1.46668
-0.503677	-0.450826	1.11543
-0.286736	-0.77948	1.92858
0.454615	-0.672591	1.66412
0.751738	-0.602901	1.49169
2.40725	-0.961077	2.37789
2.26818	-0.850994	2.10552
-0.519939	-0.266012	0.6638
-0.517973	-0.268717	0.67055
-0.515628	-0.275208	0.686748
-1.05523	-0.603805	1.50672
-0.859229	-0.599722	1.49653
-0.345269	-0.579366	1.44574
0.964675	-0.756287	1.88722
1.54577	-0.677002	1.68937
3.48898	-1.45907	3.64093
3.10414	-1.23759	3.08826
1.1452	-0.43327	1.08117
2.11325	-0.786136	1.96171
1.33937	-0.471426	1.17638
-0.508319	-0.262677	0.661139
-0.983626	-0.615009	1.54794
-0.868073	-0.612241	1.54097
-1.02889	-0.759701	1.91211
-0.369437	-0.643769	1.62032
-0.282716	-0.60804	1.53039
0.383012	-0.622793	1.56753
0.272347	-0.406828	1.02396
2.34932	-1.46449	3.68601
4.52757	-1.99744	5.02743
3.3446	-1.38152	3.47718
-0.495094	-0.262242	0.665795
-0.515632	-0.278522	0.707128
-0.528754	-0.287029	0.728727
-0.564363	-0.310996	0.789575
-0.901046	-0.571482	1.45091
-0.875545	-0.558551	1.41808
-0.988711	-0.645831	1.63967
-0.841576	-0.603887	1.53318
-0.926822	-0.692344	1.75776
-0.886177	-0.675847	1.71588
-0.54996	-0.472174	1.19878
-0.566639	-0.494263	1.25486
-0.648589	-0.574928	1.45966
-0.282974	-0.654432	1.66151
-0.345242	-0.833741	2.11675
0.135196	-0.678521	1.72267
0.415952	-0.660763	1.67758
0.551951	-0.657043	1.66814
1.38095	-0.858261	2.179
1.35154	-0.731739	1.85778
2.34994	-0.90463	2.29673
1.27987	-0.477551	1.21244
-0.491219	-0.237218	0.607556
-0.504023	-0.268552	0.687808
-0.881512	-0.554221	1.41946
-0.845365	-0.537739	1.37724
-0.835771	-0.640799	1.6412
-0.673419	-0.596577	1.52794
-0.331082	-0.775436	1.98603
2.28255	-1.42243	3.64308
2.03007	-1.0332	2.6462
2.66554	-1.1603	2.97172
1.4738	-0.628899	1.61072
3.57384	-1.44529	3.70163
1.30745	-0.500695	1.28237
-0.4815	-0.256823	0.663601
-1.18999	-0.712626	1.84134
-0.853669	-0.5512	1.42424
-1.00874	-0.679957	1.75693
-0.813924	-0.605697	1.56505
-0.45075	-0.518921	1.34083
0.616279	-0.669747	1.73055
0.714196	-0.556437	1.43777
0.906316	-0.686196	1.77305
1.67726	-1.06045	2.74008
1.14267	-0.505212	1.30541
3.61385	-1.43257	3.7016
-0.753221	-0.265125	0.691182
-0.474902	-0.257455	0.671185
-0.490051	-0.267028	0.696143
-0.47699	-0.268153	0.699074
-1.00041	-0.60734	1.58333
-0.848598	-0.556457	1.45068
-0.643737	-0.538241	1.40319
-0.564401	-0.554748	1.44623
-0.310765	-0.548859	1.43087
-0.257378	-0.54506	1.42097
0.142832	-0.639359	1.66681
0.482538	-0.686596	1.78996
0.578778	-0.726379	1.89367
0.578103	-0.629058	1.63995
1.25908	-0.667168	1.73931
1.28626	-0.565985	1.47552
58.2027	-24.9904	65.1501
1.56095	-0.561455	1.46371
1.84706	-0.662125	1.72616
1.50053	-0.508757	1.32633
-0.748557	-0.264629	0.696114
-0.508937	-0.261447	0.687745
-0.467135	-0.254875	0.670458
-0.46307	-0.253972	0.66808
-0.462876	-0.260645	0.685635
-0.494142	-0.279745	0.735877
-0.980565	-0.600242	1.57896
-0.929369	-0.572225	1.50526
-0.72268	-0.598841	1.57527
-0.335754	-0.542644	1.42744
-0.301929	-0.519853	1.36749
0.504777	-0.635335	1.67127
1.50692	-0.750246	1.97355
1.22958	-0.536206	1.41051
1.28706	-0.558961	1.47037
4.1116	-1.75669	4.62103
1.83457	-0.693849	1.82519
1.48901	-0.500335	1.31615
-0.478298	-0.272724	0.723944
-0.890003	-0.556029	1.47598
-0.84436	-0.59917	1.59049
-0.263809	-0.527675	1.40071
-0.266947	-0.566486	1.50373
-0.143348	-0.549929	1.45978
0.402571	-0.60288	1.60034
0.540907	-0.615847	1.63476
1.02246	-0.447411	1.18765
1.89149	-0.711469	1.88859
0.9343	-0.335718	0.891161
-0.729816	-0.260328	0.697393
-0.744419	-0.26738	0.716283
-0.47126	-0.273732	0.733301
-0.476235	-0.278183	0.745223
-0.78671	-0.531515	1.42388
-0.953874	-0.689447	1.84696
-0.873171	-0.716109	1.91838
-0.64576	-0.595666	1.59573
-0.621895	-0.683228	1.8303
-0.183615	-0.472465	1.26569
1.0134	-0.750651	2.01092
1.21764	-0.631038	1.69049
1.52703	-0.630428	1.68885
1.53753	-0.632244	1.69372
1.76109	-0.614362	1.64581
-0.731845	-0.259546	0.70175
-0.461334	-0.258259	0.698268
-0.862262	-0.551988	1.49244
-0.860532	-0.55434	1.4988
-0.793188	-0.545197	1.47408
-0.298968	-0.598563	1.61837
-0.171241	-0.622124	1.68207
0.431809	-0.625913	1.69231
0.773334	-0.58001	1.5682
1.34351	-0.696845	1.8841
1.19477	-0.587045	1.58722
1.47561	-0.718153	1.94171
2.30992	-0.964098	2.60668
1.56805	-0.638865	1.72733
1.63575	-0.601898	1.62738
1.0615	-0.375767	1.01598
1.5133	-0.497901	1.3462
-0.703356	-0.252364	0.68872
-0.703955	-0.253474	0.691749
-0.456576	-0.267841	0.730958
-0.756774	-0.529535	1.44514
-0.731378	-0.518911	1.41615
-0.68424	-0.546515	1.49148
-0.522488	-0.595035	1.6239
-0.648652	-0.980435	2.67568
0.450455	-0.546489	1.49141
0.534807	-0.585877	1.5989
1.0494	-0.763023	2.08235
1.97644	-0.681401	1.8596
-0.442559	-0.263266	0.725264
-0.858669	-0.564132	1.55411
-0.683816	-0.545348	1.50237
-0.501765	-0.579061	1.59524
-0.340104	-0.516941	1.42411
0.465461	-0.57309	1.57879
1.18169	-0.496165	1.36687
2.33024	-0.958433	2.64036
1.59398	-0.642482	1.76996
1.60254	-0.585033	1.61169
1.10872	-0.359169	0.989466
-0.419211	-0.242717	0.675036
-0.421954	-0.247175	0.687435
-0.423015	-0.256849	0.71434
-0.800393	-0.534836	1.48747
-1.41944	-1.1125	3.09404
-0.548202	-0.592699	1.6484
-0.312168	-0.632277	1.75847
-0.297307	-0.627674	1.74567
-0.30778	-0.693854	1.92973
0.439836	-0.628686	1.74848
0.993198	-0.342985	0.9539
-0.708022	-0.255937	0.718662
-0.445787	-0.274785	0.771588
-0.586326	-0.434654	1.2205
-0.987416	-0.772581	2.16938
-0.484123	-0.529914	1.48798
-0.461618	-0.614185	1.72461
-0.331266	-0.552364	1.55102
-0.00131947	-0.556441	1.56247
0.615057	-0.608912	1.70981
0.704004	-0.627756	1.76272
5.6381	-2.65472	7.45438
1.6412	-0.651616	1.82972
1.55457	-0.556791	1.56345
-0.724739	-0.264291	0.749342
-0.447339	-0.278295	0.789046
-0.416798	-0.260954	0.739881
-0.841682	-0.578842	1.64118
-0.580909	-0.436314	1.23708
-0.489759	-0.682102	1.93396
-0.19948	-0.569974	1.61604
0.788901	-0.678307	1.9232
0.731139	-0.530684	1.50464
0.843856	-0.547496	1.55231
0.967109	-0.619249	1.75575
1.3198	-0.65279	1.85085
3.93815	-1.84522	5.23174
1.75199	-0.623712	1.7684
1.75367	-0.585927	1.66127
-0.681516	-0.24796	0.709946
-0.682752	-0.252199	0.722082
-0.380513	-0.225802	0.646504
-0.391247	-0.236519	0.677188
-0.410079	-0.259228	0.742207
-0.777501	-0.54091	1.5487
-0.78067	-0.547043	1.56626
-0.581386	-0.442619	1.26728
-0.2856	-0.550716	1.57678
-0.251462	-0.504994	1.44587
0.316482	-0.570181	1.63251
0.412806	-0.557183	1.5953
0.520915	-0.581551	1.66507
0.876367	-0.654177	1.873
0.799501	-0.562143	1.6095
0.73959	-0.448412	1.28387
1.2806	-0.627235	1.79587
1.71345	-0.669882	1.91797
1.7204	-0.669896	1.91801
1.83162	-0.648075	1.85553
1.69306	-0.594704	1.70272
1.08957	-0.366763	1.0501
1.74933	-0.576818	1.65152
-0.394625	-0.240724	0.696067
-0.386171	-0.238601	0.68993
-0.384933	-0.245752	0.710607
-0.716774	-0.647141	1.87125
-0.589169	-0.569455	1.64661
-0.54027	-0.580712	1.67916
-0.421781	-0.592879	1.71434
-0.298562	-0.460136	1.33051
0.641415	-0.610531	1.76539
0.825782	-0.696202	2.01311
1.23528	-0.498307	1.44089
-0.649569	-0.242628	0.708605
-0.492751	-0.324421	0.947484
-0.63146	-0.494619	1.44455
-0.635019	-0.50575	1.47706
-0.600846	-0.661658	1.9324
0.584576	-0.545493	1.59313
0.689077	-0.489185	1.42868
0.876461	-0.527558	1.54075
1.91845	-0.876852	2.56088
4.1195	-1.61141	4.70619
1.91714	-0.669899	1.95647
1.17529	-0.389196	1.13666
1.53513	-0.499645	1.45923
1.3736	-0.423827	1.2378
1.35972	-0.418187	1.22133
-0.636032	-0.237999	0.702123
-0.364	-0.230849	0.68103
-0.74029	-0.546983	1.61366
-0.696462	-0.518676	1.53015
-0.640642	-0.496782	1.46556
-0.64749	-0.510514	1.50607
-0.637374	-0.511111	1.50783
-0.470123	-0.500899	1.4777
-0.336031	-0.507605	1.49749
-0.294409	-0.483583	1.42662
0.685357	-0.597876	1.7638
0.79652	-0.506755	1.49498
0.80734	-0.478052	1.4103
1.19235	-0.680316	2.007
1.09343	-0.601955	1.77583
8.74882	-3.38796	9.99483
1.34625	-0.411227	1.21316
-0.372053	-0.246892	0.735807
-0.394696	-0.515621	1.53669
-0.307991	-0.582141	1.73494
0.0337143	-0.321265	0.957458
0.859506	-0.506982	1.51095
0.980512	-0.557168	1.66052
2.39715	-0.808932	2.41084
-0.61178	-0.234559	0.706274
-0.364621	-0.246517	0.742281
-0.372152	-0.25347	0.763216
-0.586836	-0.485926	1.46316
-0.563375	-0.479429	1.4436
-0.535163	-0.540282	1.62683
0.0770016	-0.423027	1.27376
0.114831	-0.563616	1.69709
0.947789	-0.424258	1.27747
1.1623	-0.517762	1.55902
1.24802	-0.487565	1.4681
1.3813	-0.537355	1.61802
5.68867	-2.16724	6.52573
1.69762	-0.575356	1.73244
1.63983	-0.521247	1.56951
-0.352073	-0.230498	0.701293
-0.356661	-0.235191	0.715573
-0.549126	-0.454084	1.38156
-0.518266	-0.535423	1.62903
-0.226134	-0.705107	2.1453
0.65129	-0.447166	1.36051
0.902103	-0.397702	1.21001
1.26636	-0.48755	1.48338
1.62737	-0.603594	1.83644
1.11077	-0.355562	1.0818
1.31105	-0.389577	1.18529
-0.607578	-0.232983	0.716333
-0.344682	-0.231621	0.712144
-0.362422	-0.258977	0.796253
-0.622079	-0.495553	1.52363
-0.538504	-0.45298	1.39274
-0.342589	-0.539934	1.66009
0.712839	-0.395049	1.21462
0.99126	-0.434547	1.33606
2.74979	-1.03021	3.16751
1.5352	-0.51144	1.57248
1.84235	-0.57352	1.76335
-0.335933	-0.23022	0.715387
-0.34012	-0.234893	0.729908
-0.328653	-0.239972	0.74569
-0.534405	-0.480646	1.49356
-0.563783	-0.551531	1.71383
-0.517443	-0.529409	1.64509
-0.417645	-0.608736	1.89159
-0.298902	-0.553083	1.71865
1.29946	-0.494021	1.53512
1.71736	-0.626218	1.94591
1.32329	-0.416209	1.29333
-0.32329	-0.224362	0.704696
-0.32558	-0.227741	0.715309
-0.324038	-0.237973	0.747447
-0.515494	-0.454116	1.42633
-0.589057	-0.54049	1.69762
-0.450845	-0.508851	1.59825
-0.376737	-0.526073	1.65234
-0.28579	-0.502351	1.57783
1.51307	-0.495257	1.55555
1.33994	-0.386952	1.21538
-0.298524	-0.224336	0.712293
2.17681	-1.44301	4.58174
0.928213	-0.52051	1.65268
3.42199	-1.45974	4.63484
6.1401	-2.23688	7.10234
1.61214	-0.523939	1.66357
1.09495	-0.338237	1.07394
1.98684	-0.600993	1.90822
1.22206	-0.350252	1.11209
-0.716479	-0.210381	0.675342
-0.297926	-0.225324	0.723311
-0.339555	-0.263734	0.846612
-0.395698	-0.460528	1.47834
0.322666	-0.583622	1.87348
1.64527	-0.61068	1.96034
3.47093	-1.25594	4.03169
1.7247	-0.611273	1.96224
1.88452	-0.596906	1.91612
-0.583733	-0.231733	0.75217
-0.29721	-0.230373	0.747757
-0.53854	-0.488308	1.58497
-0.540259	-0.495121	1.60709
-0.527825	-0.529128	1.71747
-0.293369	-0.489259	1.58806
1.57522	-0.575766	1.86885
1.37647	-0.38718	1.25673
-0.28129	-0.209892	0.688953
-0.477432	-0.54341	1.78369
0.172979	-0.491018	1.61172
0.175601	-0.45282	1.48634
0.196657	-0.451946	1.48347
1.04094	-0.672593	2.20773
1.27181	-0.563301	1.84899
1.63427	-0.593234	1.94724
5.12807	-1.82232	5.98161
1.879	-0.653972	2.1466
1.76029	-0.553387	1.81644
1.59724	-0.500268	1.64209
1.71608	-0.505626	1.65967
2.39307	-0.702647	2.30638
-0.71372	-0.204732	0.679671
-0.27338	-0.21101	0.700511
-0.284373	-0.227918	0.756643
-0.309144	-0.260255	0.863996
-0.487578	-0.514081	1.70665
-0.408438	-0.447586	1.4859
-0.442287	-0.511519	1.69814
2.2917	-0.944197	3.13455
1.84707	-0.638247	2.11886
-0.270189	-0.210052	0.705368
-0.274533	-0.217524	0.730461
-0.392422	-0.425136	1.42763
-0.393174	-0.437427	1.46891
0.172215	-0.494445	1.66038
1.15385	-0.502177	1.68634
0.997128	-0.406144	1.36386
3.99764	-1.53019	5.13847
1.65462	-0.562903	1.89027
1.24442	-0.339457	1.13992
-0.261595	-0.224247	0.761815
-0.388603	-0.451698	1.53451
0.0490645	-0.456948	1.55235
0.235946	-0.496884	1.68802
1.06995	-0.673122	2.28674
1.1282	-0.461057	1.56631
1.30958	-0.46129	1.5671
1.17724	-0.343527	1.16703
1.33964	-0.362416	1.2312
-0.72181	-0.193982	0.66677
-0.720073	-0.195468	0.671879
-0.710618	-0.203876	0.700779
-0.69068	-0.201742	0.693446
-0.622933	-0.19094	0.656314
-0.256845	-0.213133	0.732598
-0.365991	-0.426528	1.4661
-0.331976	-0.423596	1.45602
-0.301605	-0.448707	1.54233
1.25065	-0.546151	1.87728
1.23842	-0.53217	1.82922
8.8512	-3.01634	10.368
1.44017	-0.437231	1.50289
1.57599	-0.476675	1.63847
1.607	-0.478871	1.64602
2.11191	-0.600499	2.06409
1.92748	-0.546135	1.87722
-0.719518	-0.191085	0.664653
-0.707311	-0.190379	0.662199
-0.703539	-0.200176	0.696274
-0.23813	-0.199373	0.693481
-0.244119	-0.211034	0.734044
-0.242254	-0.221426	0.77019
-0.335686	-0.4103	1.42715
-0.317527	-0.400381	1.39265
-0.303602	-0.535158	1.86145
-0.162863	-0.415753	1.44612
1.01586	-0.629042	2.18801
0.988319	-0.512486	1.78259
4.24243	-1.4287	4.96946
1.9619	-0.549331	1.91075
-0.687228	-0.195291	0.687491
-0.236822	-0.221494	0.779733
0.228931	-0.465249	1.63783
-0.696114	-0.187319	0.667488
-0.693431	-0.188553	0.671885
-0.689685	-0.188191	0.670598
-0.699942	-0.197929	0.705298
-0.493634	-0.208538	0.743101
-0.22352	-0.21956	0.782378
-0.303878	-0.413233	1.47251
-0.281309	-0.403702	1.43854
0.220741	-0.45492	1.62105
0.399165	-0.494971	1.76377
1.14696	-0.483147	1.72164
1.21951	-0.475134	1.69308
1.07548	-0.416932	1.48569
1.19459	-0.404653	1.44193
1.32312	-0.446249	1.59016
1.8173	-0.498446	1.77615
1.33073	-0.345509	1.23118
-0.217451	-0.196135	0.707557
0.692774	-0.416854	1.5038
1.63356	-0.628667	2.26791
1.3055	-0.436815	1.57581
1.20401	-0.401112	1.44701
1.5216	-0.48789	1.76006
1.26721	-0.324993	1.17241
-0.679588	-0.184129	0.67257
-0.674266	-0.189447	0.691996
-0.210179	-0.203981	0.745086
-0.199519	-0.209719	0.766044
-0.261432	-0.380015	1.38809
0.463831	-0.504794	1.84387
0.908791	-0.369457	1.34952
15.0369	-5.60303	20.4663
2.76011	-0.892666	3.26065
1.48417	-0.471965	1.72395
1.57586	-0.451912	1.65071
1.16323	-0.31797	1.16145
1.87015	-0.502166	1.83427
2.04462	-0.483975	1.76782
-0.66992	-0.180522	0.667768
-0.670021	-0.181857	0.672704
-0.666739	-0.182953	0.676759
-0.66893	-0.189806	0.702109
-0.651821	-0.188519	0.697347
-0.645095	-0.187296	0.692824
-0.596598	-0.181657	0.671964
-0.195017	-0.194346	0.718902
-0.179525	-0.197262	0.729688
-0.245682	-0.398409	1.47375
-0.247365	-0.410006	1.51665
1.00113	-0.642826	2.37787
1.16674	-0.554473	2.05104
1.22256	-0.485585	1.79622
1.23663	-0.352851	1.30523
-0.662931	-0.177008	0.663185
-0.663426	-0.179078	0.67094
-0.664772	-0.180759	0.677241
-0.645401	-0.18645	0.698563
-0.433682	-0.164432	0.616068
-0.463789	-0.202863	0.760055
-0.191605	-0.193671	0.725616
-0.177486	-0.195409	0.732126
-0.178815	-0.199844	0.748746
-0.265983	-0.391945	1.46848
-0.158179	-0.446325	1.67222
0.144801	-0.416005	1.55862
0.194529	-0.439476	1.64656
0.282093	-0.47712	1.7876
1.14781	-0.371406	1.39153
1.88306	-0.583799	2.18729
1.13965	-0.30481	1.14201
-0.659203	-0.18161	0.689292
-0.607568	-0.183278	0.69562
-0.164086	-0.195807	0.743174
-0.215994	-0.412801	1.56676
0.308935	-0.50428	1.91397
0.806059	-0.317067	1.20341
1.72702	-0.447877	1.69989
-0.658655	-0.179774	0.691325
-0.617038	-0.180726	0.694987
-0.165641	-0.198327	0.762673
-0.161727	-0.203791	0.783684
-0.17182	-0.409857	1.57612
0.0450411	-0.418293	1.60856
0.0746288	-0.421614	1.62133
0.08494	-0.36538	1.40508
0.110995	-0.40499	1.5574
0.11639	-0.404227	1.55447
0.160732	-0.417493	1.60548
1.39055	-0.507099	1.95006
5.86671	-2.07645	7.98503
4.36571	-1.35267	5.20174
1.55647	-0.427198	1.6428
2.02355	-0.547066	2.10376
1.72387	-0.442809	1.70284
-0.647001	-0.175591	0.684272
-0.645141	-0.177113	0.690201
-0.638723	-0.17603	0.68598
-0.634858	-0.185755	0.723878
-0.615074	-0.183743	0.716038
-0.423172	-0.191539	0.746419
-0.160723	-0.189899	0.740029
-0.208876	-0.369471	1.43981
-0.209522	-0.380061	1.48108
-0.180845	-0.387266	1.50916
0.109994	-0.359651	1.40154
0.95351	-0.511124	1.99183
1.32113	-0.475423	1.8527
1.22547	-0.317416	1.23696
1.00587	-0.25959	1.01161
-0.621336	-0.171606	0.677806
-0.431779	-0.197855	0.781482
-0.151117	-0.185395	0.73227
-0.143917	-0.197238	0.779047
-0.158727	-0.381241	1.50582
-0.142517	-0.412931	1.63099
1.70379	-0.505285	1.99576
1.3474	-0.318803	1.2592
-0.578147	-0.175457	0.702539
-0.537632	-0.173016	0.692766
-0.130564	-0.199926	0.800514
0.166692	-0.401377	1.60713
0.174536	-0.406145	1.62622
0.35244	-0.629724	2.52145
1.12925	-0.440002	1.76179
1.39055	-0.489496	1.95997
1.29421	-0.395313	1.58285
1.89123	-0.55562	2.22473
1.2092	-0.319962	1.28114
2.57364	-0.670753	2.68573
1.41942	-0.332412	1.33099
-0.61094	-0.166785	0.677119
-0.610555	-0.168702	0.684903
-0.602726	-0.167215	0.678867
-0.581404	-0.173262	0.703416
-0.577426	-0.172831	0.701664
-0.392104	-0.184432	0.748766
-0.141951	-0.175564	0.712759
-0.142472	-0.186329	0.756464
-0.131605	-0.175476	0.712402
-0.153275	-0.370852	1.5056
-0.149117	-0.374038	1.51853
-0.123984	-0.380932	1.54652
-0.105843	-0.375919	1.52617
0.389644	-0.410986	1.66854
0.907039	-0.559404	2.27109
0.956482	-0.495883	2.0132
-0.5978	-0.166239	0.684438
-0.540099	-0.168252	0.692726
-0.385906	-0.184058	0.757801
-0.113735	-0.190419	0.783991
-0.110946	-0.190485	0.784262
-0.0953052	-0.372509	1.53369
-0.0361217	-0.390299	1.60694
0.0109416	-0.417402	1.71853
0.151228	-0.395366	1.6278
0.296636	-0.401518	1.65313
1.3839	-0.471373	1.94074
-0.584279	-0.162872	0.680188
-0.583915	-0.163457	0.68263
-0.572266	-0.171009	0.714167
-0.559267	-0.169411	0.707496
-0.115265	-0.177052	0.739404
-0.102946	-0.188679	0.78796
-0.0701294	-0.380677	1.58978
0.144956	-0.574175	2.39787
1.27998	-0.480879	2.00825
8.58236	-2.46983	10.3145
2.0424	-0.575297	2.40256
3.58596	-0.92747	3.8733
1.32171	-0.336603	1.40572
1.83776	-0.439382	1.83495
1.52837	-0.344337	1.43802
1.2257	-0.254556	1.06308
-0.582249	-0.15998	0.677825
-0.582029	-0.162651	0.68914
-0.560885	-0.168234	0.712794
-0.0906387	-0.18406	0.779848
-0.0954611	-0.362575	1.5362
-0.0625101	-0.364225	1.54319
-0.0514534	-0.364734	1.54535
-0.0258725	-0.323557	1.37089
-0.572491	-0.160399	0.689623
-0.556516	-0.167568	0.720447
-0.533308	-0.16286	0.700208
-0.0967026	-0.172156	0.740172
-0.0815888	-0.186405	0.801435
-0.0732448	-0.331928	1.42711
-0.00676957	-0.35381	1.52118
0.00430837	-0.362908	1.5603
0.138543	-0.476233	2.04753
0.144767	-0.392933	1.68939
0.293215	-0.413283	1.77688
1.26398	-0.418629	1.79987
2.4864	-0.60807	2.61436
1.024	-0.242166	1.04118
-0.533682	-0.162105	0.707396
-0.518822	-0.161449	0.704536
-0.516305	-0.163061	0.71157
-0.505618	-0.162103	0.707387
-0.338088	-0.168878	0.736952
-0.333388	-0.167849	0.732463
-0.0713714	-0.179755	0.784418
0.0204795	-0.345629	1.50826
0.140835	-0.393164	1.7157
0.196636	-0.370112	1.6151
0.33322	-0.37976	1.65721
0.349074	-0.35346	1.54244
0.752782	-0.38346	1.67335
3.44403	-1.0957	4.78144
6.0726	-1.92235	8.38877
1.24601	-0.353895	1.54433
1.55248	-0.422075	1.84186
3.43724	-0.854108	3.72718
1.45237	-0.315285	1.37585
-0.561712	-0.155435	0.688603
-0.333628	-0.172278	0.763221
-0.0735812	-0.16914	0.749316
-0.058679	-0.172998	0.766408
-0.039983	-0.346002	1.53284
-0.0281247	-0.33638	1.49022
0.0103747	-0.367815	1.62948
0.129422	-0.483256	2.1409
0.123487	-0.39111	1.73268
0.205638	-0.463646	2.05403
0.19433	-0.360294	1.59616
0.58957	-0.673937	2.98565
1.12612	-0.535027	2.37026
1.04579	-0.44914	1.98976
1.60068	-0.514499	2.27931
1.35404	-0.378819	1.67823
1.24667	-0.347227	1.53827
1.44533	-0.397258	1.75992
3.41369	-0.842141	3.73082
4.77898	-1.17432	5.20244
-0.549764	-0.147213	0.662246
-0.551499	-0.157239	0.707348
-0.514598	-0.16004	0.719951
-0.0589973	-0.163587	0.735907
0.214793	-0.370248	1.66558
1.14939	-0.385606	1.73467
2.79539	-0.655864	2.95044
-0.524155	-0.150619	0.688191
-0.523956	-0.151278	0.691202
-0.514972	-0.160931	0.73531
-0.501033	-0.158204	0.72285
-0.308912	-0.165592	0.756607
-0.0447864	-0.167455	0.765118
-0.037733	-0.173064	0.790744
0.0639381	-0.329854	1.50713
0.165243	-0.404998	1.85047
1.14533	-0.358788	1.63933
1.79622	-0.468409	2.1402
2.94359	-0.712513	3.25553
1.21273	-0.271864	1.24217
2.0826	-0.460073	2.10212
2.03473	-0.447867	2.04635
1.53197	-0.318712	1.45623
1.16389	-0.234113	1.06968
-0.536546	-0.149637	0.694594
-0.526118	-0.148812	0.690767
-0.0503536	-0.156414	0.726054
0.0361007	-0.318799	1.47983
0.975235	-0.435596	2.02198
1.16004	-0.357698	1.66039
1.70947	-0.524406	2.43422
3.33899	-0.798734	3.70762
1.97801	-0.428556	1.9893
-0.516088	-0.148574	0.700823
-0.446185	-0.150566	0.710223
-0.0352505	-0.156608	0.738721
-0.033179	-0.159453	0.752143
-0.0199661	-0.162274	0.765448
-0.0174109	-0.164205	0.774555
0.0876758	-0.349116	1.64678
0.180647	-0.396823	1.87182
0.414566	-0.239518	1.12981
1.3955	-0.369983	1.74522
1.30895	-0.286349	1.35071
1.30236	-0.283851	1.33893
1.98829	-0.425464	2.00692
-0.493674	-0.15011	0.719722
-0.477651	-0.149968	0.719041
-0.480255	-0.15244	0.730894
-0.470297	-0.150936	0.723682
-0.466254	-0.152171	0.729605
-0.261431	-0.15714	0.753426
-0.00632548	-0.163768	0.785207
0.102151	-0.314872	1.50969
0.105786	-0.29467	1.41283
0.164152	-0.36852	1.76691
1.41466	-0.450193	2.1585
1.31619	-0.344862	1.65348
2.23995	-0.559046	2.68042
3.04744	-0.711464	3.4112
2.26829	-0.505096	2.42175
1.36078	-0.270709	1.29795
-0.517511	-0.143457	0.699331
-0.508072	-0.14293	0.696761
-0.498769	-0.142426	0.694302
-0.478941	-0.148706	0.724918
-0.267724	-0.155052	0.755854
-0.0181578	-0.1428	0.696125
-0.00346237	-0.1596	0.778026
0.102432	-0.294832	1.43726
0.121552	-0.290981	1.41848
1.17022	-0.366277	1.78554
-0.492806	-0.140484	0.696489
-0.264933	-0.155622	0.771536
0.579171	-0.614017	3.04416
1.53862	-0.451189	2.23689
16.9388	-4.19711	20.8083
2.76714	-0.595904	2.95436
2.09703	-0.430073	2.1322
-0.476944	-0.137865	0.695332
-0.474882	-0.139468	0.703418
-0.461021	-0.143037	0.721416
-0.449103	-0.145926	0.735988
-0.441624	-0.144348	0.728033
-0.249399	-0.151984	0.766545
0.0224747	-0.159141	0.802642
0.170473	-0.262097	1.32191
0.34581	-0.153642	0.774908
1.99886	-0.478377	2.41273
3.27038	-0.728764	3.67558
3.27913	-0.72484	3.65579
5.0744	-1.10393	5.56775
4.6516	-1.00008	5.04398
1.15519	-0.237232	1.1965
1.72481	-0.348996	1.76019
-0.473965	-0.134632	0.690988
-0.468473	-0.138156	0.709074
-0.455952	-0.141409	0.72577
0.0130584	-0.148063	0.759923
0.283418	-0.301681	1.54835
0.39928	-0.328072	1.6838
0.592879	-0.39182	2.01098
2.64137	-0.744302	3.82007
3.18835	-0.698189	3.58339
1.78485	-0.353593	1.81479
1.14723	-0.198208	1.01729
-0.454539	-0.134625	0.703336
-0.443578	-0.138324	0.722663
-0.419592	-0.13901	0.726248
0.0211369	-0.144487	0.754863
0.0395706	-0.152597	0.797231
0.161749	-0.288469	1.50709
0.174269	-0.258658	1.35134
0.411053	-0.391295	2.04429
2.83951	-0.790164	4.12815
1.82367	-0.421343	2.20128
3.12401	-0.640885	3.34826
-0.435543	-0.136593	0.726648
-0.413399	-0.137069	0.729181
-0.404703	-0.137689	0.732476
-0.382702	-0.135509	0.720883
0.0493403	-0.153425	0.81619
0.0630439	-0.158275	0.841992
0.196736	-0.251597	1.33845
0.690744	-0.516169	2.74592
0.270506	-0.139952	0.74452
0.280881	-0.139772	0.743559
2.90805	-0.49101	2.61208
-0.446191	-0.130322	0.706179
-0.409146	-0.134898	0.730978
-0.210678	-0.141444	0.766446
0.0291305	-0.13849	0.750439
0.0438536	-0.142366	0.77144
0.058764	-0.138182	0.748773
0.284669	-0.139071	0.753587
0.335971	-0.143577	0.778004
1.29223	-0.302327	1.63823
2.25239	-0.457892	2.4812
2.42515	-0.481537	2.60932
1.14894	-0.204349	1.10731
-0.434792	-0.12905	0.712535
-0.422184	-0.129913	0.717304
-0.389639	-0.132032	0.729
0.051477	-0.137788	0.760781
0.0729301	-0.142176	0.785013
0.228833	-0.251155	1.38673
0.288103	-0.133051	0.734629
2.90166	-0.776235	4.28591
8.08205	-1.65857	9.15765
2.10267	-0.390068	2.15372
1.49863	-0.242228	1.33744
-0.41437	-0.126645	0.712761
-0.408939	-0.126555	0.712255
-0.387623	-0.130622	0.735146
0.0839142	-0.143752	0.809044
0.0884858	-0.146491	0.824459
0.124734	-0.187594	1.05579
0.24388	-0.251603	1.41603
0.420156	-0.319684	1.79919
0.403122	-0.302059	1.7
0.489375	-0.331414	1.86521
0.410501	-0.202763	1.14116
3.22869	-0.842866	4.74369
0.780547	-0.198508	1.11721
1.16202	-0.262953	1.47991
1.83325	-0.398382	2.24211
3.60451	-0.691776	3.89334
1.29506	-0.240131	1.35147
3.51109	-0.64376	3.62311
1.25592	-0.215819	1.21464
1.40432	-0.234771	1.3213
-0.416885	-0.123422	0.708301
-0.410713	-0.123871	0.710879
-0.407368	-0.125206	0.718544
-0.373596	-0.129671	0.744166
0.0711977	-0.133539	0.766365
1.29453	-0.366351	2.10244
1.9393	-0.496486	2.84928
2.95973	-0.738178	4.23631
2.63611	-0.47224	2.71013
-0.384458	-0.126278	0.739254
-0.170345	-0.13858	0.81127
0.0822343	-0.130883	0.766212
0.30636	-0.224096	1.31189
0.297692	-0.128484	0.752166
0.307199	-0.127925	0.748896
0.320836	-0.124826	0.730754
1.30686	-0.459406	2.68944
1.21807	-0.218778	1.28076
-0.790714	-0.123497	0.737792
-0.390966	-0.120011	0.716971
-0.388079	-0.119918	0.716416
-0.387651	-0.122227	0.730205
-0.378597	-0.127144	0.759583
-0.362195	-0.12526	0.748328
-0.354012	-0.126191	0.753887
-0.346217	-0.124367	0.742992
-0.341628	-0.125635	0.750568
0.0918358	-0.126261	0.754307
0.11953	-0.143141	0.855149
0.215464	-0.189564	1.13249
0.221688	-0.187918	1.12266
0.332857	-0.250174	1.49459
0.342811	-0.161132	0.962634
0.331106	-0.130521	0.77976
1.01061	-0.311183	1.85907
1.99734	-0.493822	2.95019
1.28232	-0.274625	1.64066
1.81217	-0.370984	2.21633
2.50388	-0.46169	2.75823
2.86615	-0.520224	3.10792
-0.756766	-0.116952	0.713315
-0.385176	-0.11581	0.706353
-0.380895	-0.116841	0.712639
-0.146329	-0.135145	0.824282
-0.142578	-0.134411	0.819803
0.094421	-0.123496	0.753234
0.0997714	-0.123396	0.752619
0.110618	-0.126489	0.771487
0.148442	-0.154227	0.940665
0.222483	-0.178216	1.08698
0.325221	-0.14973	0.91324
0.308157	-0.126504	0.771578
0.307998	-0.122032	0.7443
0.324391	-0.125253	0.763946
0.410281	-0.151964	0.926867
1.81151	-0.427314	2.60629
3.92068	-0.734364	4.47906
3.22021	-0.577017	3.51936
2.00375	-0.337749	2.06001
1.48274	-0.218361	1.33183
-0.363133	-0.113661	0.708068
-0.36254	-0.114279	0.711918
-0.350582	-0.118931	0.740894
-0.345862	-0.121018	0.753897
-0.331972	-0.118963	0.741093
0.305462	-0.126191	0.786122
22.3321	-4.48318	27.9286
2.20329	-0.385019	2.39852
-0.342005	-0.0924146	0.588285
-0.360889	-0.113743	0.724055
-0.35123	-0.113997	0.725675
-0.328296	-0.118961	0.75727
0.237388	-0.164779	1.04893
0.3368	-0.207355	1.31996
0.48621	-0.29517	1.87897
0.386377	-0.138246	0.880033
1.49212	-0.351843	2.23973
1.20555	-0.243427	1.54959
1.94239	-0.374839	2.38612
12.7602	-2.29948	14.6378
1.27102	-0.210741	1.34152
1.33269	-0.188657	1.20094
-0.706694	-0.107087	0.69691
-0.35733	-0.10937	0.711764
-0.355891	-0.109717	0.714026
-0.351954	-0.11091	0.721792
0.123471	-0.112515	0.732232
0.130947	-0.116829	0.760309
0.138405	-0.116186	0.756123
0.501186	-0.293525	1.91022
1.14947	-0.50623	3.29448
0.315008	-0.116972	0.761242
1.04605	-0.253625	1.65056
1.29316	-0.255413	1.66219
2.1327	-0.404365	2.63156
4.73525	-0.834682	5.43201
1.46435	-0.203428	1.32389
-0.717745	-0.107479	0.71544
-0.337223	-0.107884	0.718133
0.2634	-0.161946	1.078
0.381002	-0.212319	1.41331
0.429426	-0.149389	0.994416
1.44422	-0.323916	2.15616
2.08557	-0.388326	2.58491
2.88622	-0.473873	3.15435
1.43057	-0.227699	1.51569
1.48457	-0.211998	1.41117
-0.721869	-0.108353	0.73812
-0.324308	-0.107141	0.729861
-0.30265	-0.106007	0.722137
-0.307604	-0.109629	0.746808
-0.285478	-0.111504	0.759584
0.151512	-0.110614	0.753516
0.166968	-0.106604	0.726204
0.243932	-0.142349	0.969704
0.402629	-0.210787	1.43592
0.441203	-0.222403	1.51504
0.498557	-0.214186	1.45907
0.352292	-0.120765	0.822667
1.293	-0.28491	1.94085
5.16614	-0.848895	5.7828
-0.332273	-0.103836	0.724276
-0.310354	-0.103493	0.721887
0.159361	-0.107824	0.752093
0.526369	-0.218542	1.52438
1.22846	-0.262936	1.83403
1.2411	-0.18924	1.31999
-0.709176	-0.103767	0.741545
-0.299825	-0.100108	0.715396
0.167675	-0.105355	0.752895
0.177166	-0.107827	0.770558
0.20821	-0.114186	0.816001
0.540851	-0.239159	1.70909
0.503103	-0.206034	1.47238
0.534818	-0.173303	1.23847
4.53061	-0.718356	5.13357
3.40069	-0.524208	3.74613
-0.298382	-0.0988843	0.724419
-0.291476	-0.0992007	0.726737
-0.281184	-0.104123	0.762795
-0.258753	-0.102859	0.753537
-0.256932	-0.104326	0.764285
0.1861	-0.105522	0.773045
0.216401	-0.111059	0.813611
0.224975	-0.113915	0.834533
0.232567	-0.113217	0.829417
0.553446	-0.228321	1.67266
0.309056	-0.105629	0.773828
0.353279	-0.113566	0.831979
1.26149	-0.27326	2.00188
1.22252	-0.217523	1.59356
4.2255	-0.650889	4.76836
-0.302467	-0.0968699	0.727963
-0.289172	-0.0950876	0.714569
-0.286479	-0.0959113	0.720759
-0.26888	-0.0999977	0.751468
0.189902	-0.100457	0.754917
0.46483	-0.181024	1.36037
0.756954	-0.231323	1.73836
1.11194	-0.236163	1.77473
1.60181	-0.277844	2.08795
4.98115	-0.747999	5.6211
1.91855	-0.267427	2.00967
-0.27799	-0.0949769	0.732631
-0.2567	-0.0989913	0.763597
-0.184125	-0.0916465	0.706941
-0.040473	-0.109955	0.848166
0.228115	-0.0967561	0.746355
0.767223	-0.310758	2.39712
0.791567	-0.228107	1.75956
1.71799	-0.297299	2.2933
1.66943	-0.283439	2.18638
1.30561	-0.21556	1.66278
12.2869	-1.82723	14.0949
2.23562	-0.320535	2.47253
-0.654149	-0.0772923	0.612428
-0.671401	-0.0950535	0.753159
-0.264773	-0.0924595	0.732606
-0.249573	-0.0968103	0.767079
-0.214145	-0.0958088	0.759144
-0.0241302	-0.102573	0.812741
0.226277	-0.0992928	0.786749
0.245772	-0.103938	0.823558
0.701547	-0.26759	2.12026
0.317887	-0.099554	0.788819
0.339771	-0.103626	0.821083
0.69897	-0.194532	1.54138
1.24085	-0.238946	1.8933
2.99939	-0.42892	3.39856
1.20683	-0.163243	1.29346
1.6037	-0.213624	1.69266
-0.643259	-0.0907965	0.739537
-0.268938	-0.0887055	0.722506
-0.263652	-0.0895646	0.729504
-0.254899	-0.0892631	0.727048
-0.00955617	-0.100609	0.819461
0.223703	-0.0954942	0.7778
0.24514	-0.0962029	0.783572
0.303858	-0.0960089	0.781992
1.30164	-0.238587	1.94329
0.995264	-0.15634	1.27339
2.41314	-0.370518	3.01787
-0.625387	-0.0868871	0.728045
-0.24881	-0.0873916	0.732273
-0.247236	-0.0877701	0.735444
-0.000686016	-0.0969489	0.812355
0.243949	-0.0952552	0.798163
0.309987	-0.0960996	0.805239
1.35874	-0.236989	1.98578
1.41751	-0.236045	1.97787
1.42782	-0.229673	1.92448
-0.615443	-0.0848272	0.731828
-0.231616	-0.0853534	0.736368
-0.210836	-0.0877555	0.757091
-0.209645	-0.0895794	0.772827
-0.1996	-0.0888293	0.766355
-0.186298	-0.0877698	0.757215
-0.181417	-0.0880509	0.75964
0.279519	-0.0938298	0.809496
0.318565	-0.0908155	0.783491
0.769426	-0.19209	1.65722
1.13146	-0.239666	2.06766
1.09801	-0.195267	1.68462
1.27328	-0.221534	1.91124
2.24915	-0.304095	2.62351
1.56662	-0.191661	1.65351
1.74527	-0.212707	1.83509
-0.599598	-0.0826778	0.735046
-0.608245	-0.0842425	0.748958
-0.259298	-0.072719	0.646508
-0.226918	-0.0830504	0.738359
-0.223522	-0.0827787	0.735944
0.976925	-0.260995	2.32038
1.36739	-0.217892	1.93717
1.65111	-0.234371	2.08367
3.17309	-0.409425	3.63999
3.35934	-0.431672	3.83777
-0.813842	-0.0830875	0.761935
-0.587604	-0.0806921	0.739968
-0.584496	-0.0806313	0.739411
-0.210016	-0.0801622	0.735109
-0.191018	-0.0834417	0.765183
-0.124164	-0.0795006	0.729042
0.612423	-0.168739	1.54738
0.510913	-0.139499	1.27925
0.790687	-0.176135	1.6152
1.72746	-0.305941	2.80557
1.28775	-0.200995	1.84318
1.37679	-0.208438	1.91143
1.43023	-0.21545	1.97574
1.52541	-0.219929	2.01681
1.33884	-0.157697	1.44612
1.63645	-0.164553	1.509
-0.809524	-0.0808647	0.765646
-0.801406	-0.0808813	0.765803
-0.780592	-0.0793273	0.75109
-0.192128	-0.0779097	0.737667
-0.173331	-0.0815812	0.77243
-0.166375	-0.0822733	0.778983
-0.158954	-0.0813505	0.770246
-0.153935	-0.0831394	0.787183
0.282688	-0.0965469	0.914128
0.26024	-0.0821733	0.778036
0.578806	-0.158798	1.50354
0.652333	-0.165057	1.5628
1.67737	-0.221554	2.09773
1.78376	-0.201141	1.90445
2.08183	-0.233851	2.21415
-0.792581	-0.0760809	0.744543
-0.793995	-0.0769991	0.753529
-0.777752	-0.0759437	0.7432
-0.216542	-0.0755444	0.739293
-0.20485	-0.0761525	0.745244
-0.186275	-0.0751629	0.73556
-0.168887	-0.0769071	0.752628
0.0552975	-0.0835098	0.817244
0.272901	-0.0934444	0.914466
0.222026	-0.0733649	0.717964
0.383685	-0.102808	1.0061
0.584249	-0.149483	1.46287
1.16206	-0.174463	1.70733
1.76012	-0.220945	2.16221
1.17914	-0.131167	1.28363
1.83736	-0.199684	1.95414
-0.760012	-0.0734916	0.744197
-0.608308	-0.0800082	0.810186
-0.573487	-0.0761598	0.771216
-0.183569	-0.0726174	0.735345
-0.16179	-0.073565	0.74494
-0.156724	-0.0763306	0.772945
0.301147	-0.0724986	0.734141
1.24716	-0.185875	1.88222
1.16633	-0.165712	1.67804
1.53829	-0.200848	2.03384
1.63622	-0.201167	2.03707
-0.738837	-0.0702006	0.736463
-0.170518	-0.0701788	0.736235
-0.149722	-0.0729819	0.765642
-0.143356	-0.0739707	0.776015
0.268899	-0.0800842	0.840151
0.252366	-0.0704015	0.738571
0.834582	-0.182695	1.91663
0.866132	-0.186513	1.95668
0.907459	-0.171644	1.80069
0.918425	-0.168885	1.77174
1.8556	-0.295932	3.10458
1.41708	-0.182064	1.91
1.56406	-0.193428	2.02922
1.58929	-0.194726	2.04284
1.73024	-0.199078	2.0885
2.24112	-0.252367	2.64755
2.09866	-0.224833	2.35869
1.98079	-0.201585	2.1148
-0.72973	-0.0670803	0.73001
-0.730376	-0.0678741	0.738649
-0.72493	-0.0676146	0.735825
-0.539646	-0.0697279	0.758823
-0.549784	-0.0717655	0.780997
-0.174727	-0.0682596	0.742844
-0.162393	-0.0675853	0.735506
-0.15754	-0.0689432	0.750283
0.256069	-0.0718974	0.782433
0.26979	-0.0717951	0.781319
0.284628	-0.0719852	0.783388
0.280761	-0.0703095	0.765152
0.377129	-0.0867689	0.944274
0.887721	-0.181326	1.9733
1.47032	-0.178631	1.94398
1.56879	-0.18444	2.00719
2.41903	-0.26148	2.8456
1.20003	-0.108155	1.17701
-0.624066	-0.0518578	0.586242
-0.603463	-0.0503161	0.568814
-0.583669	-0.0493364	0.557739
-0.534887	-0.0455267	0.514671
-0.73225	-0.0672229	0.759942
-0.728979	-0.0681986	0.770972
-0.721818	-0.0677872	0.766321
-0.544287	-0.0701922	0.79351
-0.147548	-0.0655354	0.740865
-0.145693	-0.0659045	0.745038
-0.126995	-0.0704335	0.796238
0.261036	-0.0721448	0.815583
0.584731	-0.130689	1.47741
0.701672	-0.144941	1.63854
0.86644	-0.167682	1.89561
1.64326	-0.183441	2.07377
2.19612	-0.223775	2.52973
1.37418	-0.133375	1.50778
-0.719799	-0.0667642	0.785219
-0.730089	-0.0682555	0.802758
-0.509651	-0.064188	0.75492
-0.134946	-0.063347	0.745029
-0.130645	-0.063871	0.751192
-0.117484	-0.0688569	0.809832
-0.109886	-0.0677727	0.797081
-0.10034	-0.0671548	0.789813
-0.0941924	-0.0668339	0.786039
-0.067386	-0.0655702	0.771176
0.688931	-0.133419	1.56915
1.0175	-0.182095	2.14164
1.61336	-0.171555	2.01767
1.65388	-0.173516	2.04074
1.90479	-0.174935	2.05742
1.81245	-0.165168	1.94255
-0.482228	-0.0389408	0.477248
-0.458373	-0.0375505	0.460209
-0.747259	-0.0644846	0.790306
-0.753528	-0.0652745	0.799986
-0.705659	-0.0648516	0.794803
-0.505109	-0.0613762	0.752209
-0.143705	-0.0588758	0.721565
-0.139926	-0.0606202	0.742945
-0.131713	-0.0605393	0.741953
0.243497	-0.064247	0.787394
0.252413	-0.0643489	0.788642
0.276207	-0.0632852	0.775606
0.401445	-0.0820152	1.00516
0.471857	-0.0930406	1.14028
0.677278	-0.124843	1.53004
0.990077	-0.168755	2.06822
1.12867	-0.152243	1.86585
1.36759	-0.148242	1.81682
1.33665	-0.144197	1.76724
1.51027	-0.156942	1.92343
1.56678	-0.161332	1.97724
2.13935	-0.196187	2.40441
1.85429	-0.162789	1.9951
1.44466	-0.115615	1.41694
-0.449235	-0.0340224	0.435276
-0.676539	-0.0626117	0.801042
-0.521067	-0.0623257	0.797383
-0.158849	-0.055331	0.707894
0.146265	-0.0677992	0.867409
0.252127	-0.0608867	0.778972
0.319088	-0.0745652	0.953973
0.373098	-0.0844551	1.0805
0.748607	-0.151997	1.94462
0.550419	-0.108703	1.39072
0.799333	-0.134568	1.72163
1.01217	-0.156988	2.00847
1.39475	-0.151353	1.93638
1.70077	-0.159767	2.04403
1.75069	-0.147804	1.89098
1.58707	-0.11593	1.48319
-0.495352	-0.0378516	0.506503
-0.802746	-0.0657008	0.879162
-0.491568	-0.0581406	0.777996
-0.116318	-0.0557617	0.746164
-0.100339	-0.0573939	0.768004
-0.0761533	-0.0579547	0.775509
-0.0683317	-0.0584397	0.781999
-0.0578635	-0.0592698	0.793107
0.235409	-0.0589504	0.788832
0.888019	-0.177371	2.37346
1.08323	-0.157257	2.1043
1.03889	-0.149771	2.00413
1.10077	-0.150327	2.01157
1.03321	-0.134035	1.79356
1.64145	-0.150026	2.00754
1.69434	-0.148319	1.9847
1.79165	-0.154875	2.07243
1.6968	-0.144863	1.93846
2.11108	-0.175885	2.35357
-0.521978	-0.0384802	0.539698
-0.770697	-0.0601812	0.844063
-0.795558	-0.0628672	0.881735
-0.478325	-0.0552372	0.774721
-0.108928	-0.0535357	0.750858
-0.101577	-0.0539451	0.756599
-0.0944816	-0.0545741	0.765421
0.247489	-0.0584237	0.819413
0.260049	-0.0566541	0.794594
0.279583	-0.0565487	0.793115
0.437968	-0.0761255	1.06769
0.869748	-0.124839	1.75092
1.01807	-0.139063	1.95041
1.1882	-0.140891	1.97604
1.5459	-0.134804	1.89068
1.55041	-0.134604	1.88786
1.92457	-0.147641	2.07072
1.35204	-0.090394	1.26781
-0.51686	-0.0369579	0.544558
-0.77075	-0.0593996	0.875226
-0.48261	-0.0546453	0.805173
-0.0805176	-0.0518413	0.763857
-0.053269	-0.0521287	0.768092
-0.0515975	-0.0532621	0.784792
1.10938	-0.138502	2.04076
1.70116	-0.136391	2.00966
1.75677	-0.13734	2.02364
-0.490923	-0.0335835	0.521191
-0.483317	-0.0535695	0.831358
-0.0403735	-0.050688	0.78664
-0.0317117	-0.050445	0.782869
-0.0260322	-0.0503793	0.781849
0.249392	-0.0475314	0.737651
0.276031	-0.0499452	0.775112
0.301499	-0.0519247	0.805833
0.29597	-0.0486293	0.754691
0.878492	-0.110741	1.71862
1.02735	-0.120181	1.86512
1.82133	-0.132437	2.05532
1.91079	-0.137267	2.13028
-0.489756	-0.0317194	0.519952
-0.7792	-0.0553375	0.907106
-0.782084	-0.0557764	0.914301
-0.785195	-0.0572039	0.937702
-0.742616	-0.0609225	0.998658
-0.460876	-0.049592	0.812925
-0.0599261	-0.0456004	0.747493
-0.0575932	-0.0458891	0.752226
0.307413	-0.0496452	0.813797
0.308084	-0.0479237	0.785578
0.872524	-0.101973	1.67157
1.64757	-0.116747	1.91374
1.74503	-0.122626	2.01011
1.82614	-0.123702	2.02775
-0.679264	-0.0473139	0.821812
-0.424338	-0.0445071	0.773059
-0.0854298	-0.045117	0.783653
-0.0477312	-0.0442222	0.768111
-0.0234508	-0.0454743	0.789858
-0.015169	-0.046274	0.803748
-0.000676446	-0.046117	0.801022
0.208577	-0.048431	0.841214
0.28896	-0.0453383	0.787496
1.00104	-0.10395	1.80554
1.08502	-0.108439	1.88351
1.37104	-0.125984	2.18826
1.35299	-0.116923	2.03088
1.80727	-0.117417	2.03946
1.78303	-0.096914	1.68333
-0.51993	-0.0304683	0.562757
-0.512879	-0.0301728	0.5573
-0.620118	-0.0420883	0.777383
-0.0975704	-0.0415808	0.76801
-0.0388072	-0.0409372	0.756122
-0.030882	-0.0412765	0.762388
0.237277	-0.0388252	0.717113
0.25331	-0.0405646	0.749239
0.975849	-0.0928773	1.71547
1.20393	-0.108401	2.00219
1.12639	-0.100815	1.86208
1.87762	-0.108118	1.99697
-0.522432	-0.0287867	0.56768
-0.610573	-0.0391679	0.7724
-0.60879	-0.0397793	0.784458
-0.0734235	-0.040921	0.806972
-0.0356758	-0.037912	0.747633
-0.0226715	-0.0387222	0.763611
0.237402	-0.0363836	0.717492
0.441243	-0.0609786	1.20251
0.305033	-0.038383	0.756921
1.7495	-0.097728	1.92722
-0.625513	-0.037241	0.787707
-0.587893	-0.0386904	0.818365
-0.391428	-0.0382348	0.808728
0.0221726	-0.037437	0.791853
0.285058	-0.0370929	0.784574
0.336459	-0.040561	0.857931
0.838734	-0.0834624	1.76537
0.99089	-0.0793362	1.67809
1.10623	-0.0864594	1.82876
1.23526	-0.0926765	1.96026
1.28315	-0.094116	1.99071
1.74458	-0.0894373	1.89174
1.84583	-0.0903871	1.91183
-0.71612	-0.0416194	0.949218
-0.574337	-0.0357729	0.815875
-0.381799	-0.0351102	0.800762
-0.0697609	-0.0350047	0.798355
-0.00877968	-0.0330106	0.752876
0.00488441	-0.033637	0.767162
0.0313457	-0.0354059	0.807505
0.042848	-0.0352872	0.804799
0.0512167	-0.0350567	0.799541
0.0815105	-0.0332997	0.759468
1.15458	-0.081739	1.86423
1.25518	-0.0849065	1.93647
1.79197	-0.0838865	1.91321
1.88564	-0.0846855	1.93143
-1.10495	-0.0468706	1.15975
-0.648937	-0.0339517	0.840092
-0.781044	-0.0420409	1.04025
-0.635723	-0.0350605	0.867529
-0.0786782	-0.0301655	0.746408
-0.0672595	-0.0311081	0.769729
-0.00063988	-0.0306228	0.757721
0.00772965	-0.0313247	0.775091
0.0486776	-0.0325427	0.805228
0.941746	-0.0789108	1.95255
1.12466	-0.0717188	1.77459
1.1583	-0.0734462	1.81733
1.75422	-0.0784088	1.94013
1.75364	-0.0748033	1.85091
-0.678439	-0.0345795	0.935022
0.0190521	-0.0288825	0.780976
0.051793	-0.0299018	0.808537
0.275417	-0.0283152	0.765635
1.18221	-0.0674524	1.82389
1.77683	-0.0678082	1.83352
-0.490357	-0.0184553	0.550069
-0.658024	-0.031044	0.925279
-0.627143	-0.0298902	0.89089
-0.353171	-0.0273322	0.814649
-0.0969128	-0.024219	0.721859
0.0306314	-0.0264751	0.789103
0.033217	-0.0262699	0.782985
0.0671203	-0.027434	0.817681
0.081914	-0.0264972	0.78976
0.844136	-0.0650408	1.93857
1.15645	-0.0588773	1.75486
1.51959	-0.0722284	2.1528
1.48962	-0.0693859	2.06808
1.4274	-0.0661565	1.97182
1.86136	-0.0637314	1.89954
1.86562	-0.0636431	1.89691
1.87266	-0.0631882	1.88335
1.8883	-0.0604291	1.80112
-0.603099	-0.0264824	0.879252
-0.593715	-0.0262081	0.870145
-0.0762242	-0.0233795	0.776231
0.0299007	-0.0232002	0.770279
0.0448608	-0.0237688	0.789158
0.337831	-0.0285727	0.948651
1.10551	-0.0502521	1.66844
1.26139	-0.0558193	1.85328
1.3944	-0.0588972	1.95547
1.50402	-0.0619605	2.05717
1.8813	-0.0569868	1.89204
1.38863	-0.0400309	1.32908
-0.568042	-0.0237222	0.888885
-0.0898247	-0.0219897	0.823968
0.0559908	-0.0209664	0.785626
0.0876091	-0.0210767	0.789759
0.0996211	-0.0212091	0.794717
0.156638	-0.0143547	0.537878
1.86248	-0.0494508	1.85295
-0.43603	-0.0116099	0.499223
-0.60638	-0.02158	0.927936
-0.610144	-0.0218344	0.938877
-0.130994	-0.022691	0.97571
-0.0696144	-0.0185275	0.796679
0.0644293	-0.0182535	0.7849
0.0670635	-0.0182004	0.782613
0.112759	-0.0192575	0.828068
0.114283	-0.0190143	0.817613
0.533689	-0.0352085	1.51396
1.28591	-0.0421508	1.81248
1.76711	-0.0543343	2.33637
-1.19996	-0.0258486	1.30389
-0.431319	-0.00983034	0.495876
-0.615438	-0.0186704	0.941796
-0.536161	-0.0165392	0.834291
-0.505607	-0.0158637	0.800217
-0.498885	-0.0158334	0.798692
-0.271724	-0.0156871	0.791313
-0.0936795	-0.0164901	0.831816
0.0339021	-0.0158422	0.799133
0.0636992	-0.0153837	0.776005
0.0732006	-0.01562	0.787924
0.0842318	-0.0155585	0.784824
0.124865	-0.0164372	0.829149
0.324645	-0.018257	0.920947
0.454729	-0.0253137	1.27691
1.27024	-0.0354933	1.7904
1.44528	-0.0397776	2.00652
1.24165	-0.0340032	1.71523
1.61215	-0.0424576	2.14171
1.53345	-0.0398128	2.00829
1.92697	-0.0395666	1.99587
2.06429	-0.0416092	2.09891
-0.712235	-0.0111567	0.680594
-0.709072	-0.0111842	0.682272
-0.526524	-0.0140615	0.857797
-0.483762	-0.0137257	0.837317
-0.290958	-0.0131969	0.805059
-0.282303	-0.0130651	0.797013
-0.0843647	-0.0151995	0.927223
0.0958443	-0.0129047	0.787232
1.48715	-0.0316283	1.92943
-0.716252	-0.00915466	0.706335
-1.31808	-0.01932	1.49065
-0.452413	-0.00679761	0.524475
-0.521191	-0.0112699	0.86954
-0.508241	-0.0110564	0.853066
-0.470527	-0.0107568	0.829948
-0.4703	-0.0108204	0.834857
-0.290274	-0.0100102	0.772345
-0.0463993	-0.010948	0.844704
-0.035124	-0.0103199	0.796236
-0.027155	-0.0105705	0.815572
0.102966	-0.0100669	0.776716
0.108922	-0.0100997	0.779252
0.137176	-0.0105438	0.813512
0.14087	-0.010601	0.817928
1.38081	-0.0243583	1.87938
1.63129	-0.026561	2.04933
1.7224	-0.027918	2.15404
1.56904	-0.0195993	1.5122
-0.704875	-0.00669526	0.702611
-0.446645	-0.00495477	0.519962
-0.562052	-0.00893557	0.937712
-0.508978	-0.0082405	0.864771
-0.497269	-0.00820166	0.860694
-0.305966	-0.00701709	0.736384
-0.312237	-0.0072236	0.758056
-0.297325	-0.00706413	0.741321
-0.300033	-0.00753491	0.790725
-0.10534	-0.00837673	0.879067
-0.0845827	-0.0082079	0.86135
-0.0561893	-0.00733893	0.770159
-0.0361731	-0.00781404	0.820017
-0.0231676	-0.00743575	0.780319
-0.0128334	-0.00801002	0.840584
0.0398542	-0.00713319	0.748568
0.1052	-0.00736177	0.772556
1.39029	-0.0178566	1.8739
1.40932	-0.0179268	1.88126
1.42097	-0.0179026	1.87872
1.66451	-0.0202937	2.12965
1.68721	-0.0201978	2.11959
1.52986	-0.0182315	1.91324
1.7205	-0.0158008	1.65816
1.82512	-0.0150843	1.58297
-0.479608	-0.00341877	0.56069
-0.472629	-0.00508316	0.833656
-0.467812	-0.00523096	0.857895
-0.265387	-0.0043898	0.719941
-0.045918	-0.00450559	0.738931
-0.00658082	-0.00498102	0.816904
0.0322653	-0.00506816	0.831195
0.1247	-0.0048183	0.790217
0.129108	-0.00487716	0.799871
0.15758	-0.00495627	0.812846
1.57934	-0.00931338	1.52743
-0.692134	-0.00189358	0.710334
-0.518041	-0.00163511	0.613376
-0.488491	-0.00231161	0.867148
-0.429155	-0.00214042	0.802932
-0.407371	-0.00208812	0.783312
-0.303724	-0.0018522	0.694812
-0.0826212	-0.00216347	0.811576
-0.0631213	-0.00209888	0.787349
-0.0499016	-0.00278773	1.04575
0.00520619	-0.0021798	0.817703
0.0875516	-0.00470215	1.76391
0.13592	-0.00210378	0.789185
0.143914	-0.00209588	0.786221
0.169685	-0.00220999	0.829027
0.179792	-0.00218749	0.820587
0.191294	-0.00215048	0.806703
1.24035	-0.0058496	2.19435
1.21236	-0.00493119	1.84983
1.70737	-0.00542303	2.03433
1.6816	-0.00531832	1.99505
-0.551552	0.000498061	0.650278
-0.454122	0.00063785	0.83279
-0.423427	0.000606773	0.792215
-0.318098	0.000566705	0.739901
-0.312593	0.000566397	0.7395
-0.220496	0.00060644	0.79178
-0.216511	0.000611309	0.798137
-0.108396	0.000602222	0.786273
-0.0443401	0.000711697	0.929205
-0.0253865	0.000865001	1.12936
0.0049669	0.000597509	0.780119
0.0230074	0.000629328	0.821664
0.029928	0.000650978	0.84993
0.156043	0.000616503	0.804919
1.06237	0.00144877	1.89154
1.20001	0.00139471	1.82096
1.67689	0.0015503	2.0241
1.73532	0.00156349	2.04133
-0.72118	0.00312999	0.745663
-0.212092	0.00346617	0.82575
-0.0923721	0.00305204	0.727092
-0.0899961	0.00325028	0.774319
-0.0443232	0.00299401	0.713268
-0.0289769	0.00329619	0.785257
0.129704	0.0032288	0.769201
0.197604	0.00339468	0.80872
1.27885	0.0078454	1.86902
1.28137	0.0077789	1.85318
1.42924	0.00771146	1.83711
1.87991	0.00920453	2.19281
-0.744649	0.00554334	0.726588
-0.741897	0.00572425	0.7503
-0.704075	0.00559566	0.733446
-0.350003	0.00317523	0.416191
-0.39819	0.00618445	0.810621
-0.292306	0.00561071	0.735419
-0.0825511	0.00577724	0.757246
-0.0663277	0.00534962	0.701197
-0.0725562	0.00690476	0.905035
-0.0127267	0.00832615	1.09134
0.0520719	0.00620177	0.812891
0.177195	0.00617007	0.808735
0.180871	0.00609738	0.799208
0.198863	0.00611898	0.802039
0.314699	0.00695315	0.911378
0.794464	0.0147761	1.93676
1.41201	0.0193045	2.53032
1.3783	0.0165922	2.17481
1.36616	0.0148418	1.94537
1.84723	0.0162339	2.12784
1.89678	0.0140937	1.84732
-0.744361	0.00835707	0.755547
-0.372121	0.00491545	0.444397
-0.232017	0.00321717	0.290858
-0.40184	0.0089175	0.806214
-0.389881	0.00890992	0.805529
-0.184967	0.00883352	0.798622
-0.178203	0.00878397	0.794142
-0.0699225	0.00817626	0.7392
-0.0125899	0.0119415	1.07961
0.0125123	0.0101927	0.921499
0.0227486	0.0103144	0.932504
0.0359648	0.0125861	1.13789
0.051522	0.00942703	0.85228
0.178418	0.00886127	0.801131
0.186071	0.00895151	0.80929
0.800004	0.0213838	1.93327
1.35744	0.0236915	2.14191
1.28571	0.0202504	1.8308
1.63179	0.0215055	1.94427
1.60897	0.0211141	1.90888
-0.845209	0.0117456	0.810453
-0.747475	0.0111178	0.767131
-0.588523	0.00902061	0.622425
-0.376066	0.0116065	0.800853
-0.379929	0.0119086	0.821697
-0.168357	0.0116202	0.801801
0.00735376	0.0167392	1.15501
0.0457742	0.0133654	0.922216
0.0640497	0.0118278	0.816124
0.0763882	0.0119164	0.822235
0.193694	0.0116607	0.80459
0.203038	0.0116976	0.807138
1.39993	0.0280272	1.93389
1.59338	0.0268231	1.8508
1.79564	0.0290129	2.0019
1.74578	0.0246414	1.70026
-0.637669	0.0121345	0.676984
-0.461712	0.0100126	0.558605
-0.302592	0.00944665	0.527029
-0.314843	0.0101478	0.566144
-0.312577	0.0101405	0.565737
-0.305988	0.0102616	0.572492
-0.271309	0.00948238	0.529022
-0.272078	0.00971413	0.541951
-0.36419	0.0145728	0.813017
-0.361159	0.0145688	0.812794
-0.15276	0.0142651	0.79585
-0.0416307	0.0135847	0.757892
-0.0248359	0.0133702	0.745922
0.0794791	0.0142298	0.793882
0.0875853	0.0146275	0.816069
0.353574	0.0185475	1.03476
0.965459	0.0425612	2.37449
1.68789	0.0345632	1.92828
2.09187	0.0409788	2.2862
2.04161	0.0398372	2.22252
1.80996	0.0346372	1.93241
-0.765662	0.0168438	0.788715
-0.598725	0.0136795	0.640543
-0.343326	0.0130156	0.609458
-0.277121	0.0112242	0.525574
-0.291373	0.0120486	0.564178
-0.278009	0.0118262	0.553765
-0.279213	0.0119634	0.560187
-0.358538	0.0170934	0.8004
-0.0390004	0.0162281	0.759885
-0.0273261	0.0158146	0.74052
0.0165577	0.00833516	0.390295
0.0645758	0.0228129	1.06822
0.0898495	0.0172974	0.809955
0.105731	0.018013	0.84346
1.41087	0.0406115	1.90164
1.49388	0.0425869	1.99414
1.56509	0.0385015	1.80284
-0.339337	0.0101766	0.410549
-0.326932	0.0140266	0.565869
-0.346275	0.0150442	0.606923
-0.335907	0.0203935	0.822725
-0.0203682	0.0193559	0.780865
-0.00595717	0.0183302	0.739488
0.759945	0.0498669	2.01176
1.51752	0.0492637	1.98742
1.61184	0.0449041	1.81154
1.75476	0.0469817	1.89536
2.12116	0.055707	2.24736
1.78081	0.0431427	1.74049
-0.780461	0.0210457	0.745789
-0.761802	0.0213518	0.756636
-0.712783	0.0210324	0.745317
-0.693136	0.0210887	0.747313
-0.38571	0.0132264	0.468698
-0.411642	0.0147624	0.523131
-0.333974	0.0160126	0.567433
-0.257736	0.0157301	0.557421
-0.320907	0.0232047	0.822295
-0.312713	0.0232568	0.824142
-0.118789	0.0231068	0.818827
-0.113554	0.023244	0.823689
-0.0171399	0.0215172	0.762498
0.00689652	0.0195151	0.691549
0.0520592	0.0206132	0.73046
0.0602638	0.0216692	0.767884
0.10562	0.0231121	0.819014
0.120817	0.0237781	0.842616
0.13339	0.0244111	0.865046
0.815832	0.059249	2.09958
1.48354	0.067205	2.38152
1.2444	0.0560474	1.98613
1.57495	0.0566029	2.00582
2.14615	0.0636799	2.2566
-0.767601	0.0232963	0.736036
-0.763189	0.0239919	0.758013
-0.718772	0.0246238	0.777978
-0.366565	0.0195925	0.619014
-0.302047	0.0256834	0.811455
-0.110306	0.0260051	0.821617
-0.00603447	0.0237093	0.749084
0.00199392	0.0228555	0.722108
0.0796293	0.0242996	0.767732
0.135373	0.0265452	0.838683
0.482066	0.0451298	1.42585
1.62994	0.065105	2.05696
-0.753196	0.0256032	0.729793
-0.767461	0.0275308	0.784739
-0.718735	0.0261688	0.745916
-0.695019	0.0264951	0.755216
-0.454269	0.0194512	0.554438
-0.35565	0.0208166	0.593357
-0.297496	0.0288783	0.823149
-0.2869	0.0281304	0.80183
-0.293759	0.0297009	0.846594
-0.0904722	0.0301114	0.858295
0.0134859	0.0275329	0.784799
0.0395643	0.0244171	0.695987
0.123733	0.0288252	0.821635
0.137942	0.0280988	0.80093
1.38638	0.0776293	2.21275
1.61554	0.0705629	2.01133
2.48912	0.0911284	2.59753
-0.756353	0.0276459	0.717805
-0.713973	0.0284318	0.738212
-0.381091	0.018073	0.469253
-0.305948	0.0185436	0.481472
-0.222863	0.0196358	0.509831
-0.283651	0.0324972	0.843766
-0.265833	0.0314684	0.817055
-0.0730919	0.0322164	0.836476
0.0342611	0.0286675	0.744331
0.0513434	0.0277464	0.720417
0.0509886	0.0211381	0.548836
0.0868907	0.0252444	0.655454
1.69826	0.140878	3.65778
1.6922	0.0797097	2.06961
1.7895	0.0733025	1.90325
2.24166	0.0887604	2.3046
2.02779	0.0776997	2.01742
-0.750519	0.0334224	0.796792
-0.640283	0.0294141	0.701234
-0.350304	0.0180133	0.429437
-0.277905	0.0343079	0.817903
-0.269076	0.0346903	0.82702
0.0273198	0.0325443	0.77586
0.0379386	0.0320616	0.764351
0.0993121	0.0290535	0.692637
0.137562	0.0342197	0.8158
0.14281	0.0333835	0.795866
0.596724	0.0695821	1.65884
0.732622	0.0821355	1.95812
0.86749	0.075444	1.79859
0.901272	0.0755577	1.8013
1.01827	0.0785714	1.87315
1.61131	0.0713371	1.70068
2.15591	0.0919489	2.19207
-0.343401	0.0191877	0.422844
-0.661734	0.0507081	1.11746
-0.255238	0.027168	0.598707
-0.256887	0.0374904	0.826183
-0.251895	0.0376347	0.829363
0.0462672	0.0347301	0.765354
0.0497381	0.035234	0.776458
0.0525195	0.0303671	0.669206
0.06897	0.0336879	0.742386
0.731253	0.0992058	2.18622
0.700619	0.0841626	1.85471
1.41661	0.103794	2.28733
1.68067	0.0900956	1.98545
-0.793236	0.0380461	0.779482
-0.722874	0.0371739	0.761612
-0.655871	0.0346497	0.709895
-0.367019	0.0281914	0.577579
-0.240748	0.0401183	0.821935
-0.246461	0.0431973	0.885017
0.0822377	0.0329695	0.675472
0.0946435	0.0358212	0.733898
1.10719	0.165127	3.38309
0.746261	0.0937406	1.92054
0.658246	0.0804452	1.64815
1.66094	0.0945631	1.93739
1.71458	0.0968029	1.98328
1.87124	0.093899	1.92378
2.06797	0.100782	2.0648
2.06667	0.099289	2.03421
1.99716	0.08959	1.8355
-0.800703	0.0418457	0.80101
-0.813408	0.0447706	0.856997
-0.472301	0.0305171	0.584158
-0.350028	0.0286142	0.547732
-0.230434	0.0241522	0.462321
-0.339042	0.0405186	0.775605
0.0639045	0.0406701	0.778506
0.067137	0.0409294	0.78347
0.123175	0.0389949	0.746439
0.162415	0.0472848	0.905125
0.699216	0.0922934	1.76668
0.744476	0.0956533	1.83099
1.30251	0.115235	2.20582
1.06869	0.0906726	1.73565
2.07925	0.172376	3.29961
2.18502	0.179095	3.42823
1.65267	0.0990414	1.89585
1.70198	0.101576	1.94437
2.01711	0.106364	2.03601
2.08473	0.106069	2.03037
1.98695	0.094771	1.8141
-0.751732	0.0446021	0.801146
-0.586331	0.040737	0.73172
-0.317708	0.0266265	0.478267
-0.380364	0.0329507	0.591863
-0.257642	0.0263041	0.472477
-0.219234	0.0455996	0.819062
-0.215545	0.04807	0.863436
0.0877959	0.0426748	0.766527
0.102816	0.0409514	0.735571
0.504595	0.0858376	1.54182
0.748435	0.0998231	1.79303
0.725665	0.0890904	1.60025
1.11506	0.108442	1.94785
2.14597	0.184321	3.31078
1.7323	0.108391	1.94693
1.82013	0.112519	2.02107
1.90679	0.106377	1.91075
-0.780055	0.0471427	0.797616
-0.796034	0.0482865	0.816967
-0.647592	0.0427636	0.723525
-0.586696	0.0555155	0.939275
-0.218663	0.0420529	0.711501
-0.236968	0.0461142	0.780214
-0.213547	0.04984	0.843252
0.098031	0.0449293	0.760167
0.803716	0.108196	1.83059
0.819075	0.107612	1.82071
0.990114	0.120431	2.0376
1.20384	0.11624	1.96668
1.55324	0.127453	2.15641
1.64527	0.134333	2.2728
2.17051	0.122786	2.07744
-0.79282	0.0506961	0.810668
-0.646923	0.0453825	0.7257
-0.204229	0.0324267	0.518527
-0.238263	0.0490584	0.78448
-0.205754	0.0480717	0.768702
-0.200965	0.0518411	0.828977
-0.193897	0.0523539	0.837177
0.129888	0.0471625	0.754163
0.880526	0.110054	1.75984
0.867256	0.106855	1.70869
1.41479	0.121616	1.94473
1.50278	0.127911	2.0454
1.83389	0.125835	2.01219
1.87997	0.114904	1.8374
2.03784	0.122822	1.96401
1.77323	0.100254	1.60314
-0.716424	0.0513544	0.778475
-0.492424	0.0412822	0.625791
-0.181465	0.0560488	0.849637
-0.172049	0.0559754	0.848524
0.604043	0.116617	1.76778
0.722033	0.127306	1.92982
2.21789	0.127296	1.92966
-0.859288	0.0616588	0.88846
-0.84705	0.0612372	0.882385
-0.775381	0.0564802	0.81384
-0.46533	0.0404836	0.58334
-0.325063	0.0332383	0.478941
-0.208804	0.0222983	0.321303
-0.160054	0.0578691	0.833853
-0.150872	0.0578066	0.832954
0.109755	0.0531231	0.765467
0.620676	0.122194	1.76072
1.58725	0.143586	2.06898
1.94713	0.142625	2.05513
1.86434	0.136043	1.96029
1.95495	0.127652	1.83938
2.2656	0.144985	2.08914
2.19566	0.139582	2.01128
-0.451575	0.0416057	0.571261
-0.282403	0.0306296	0.420555
-0.207532	0.0394595	0.541794
-0.189973	0.0658939	0.904746
-0.18055	0.0637198	0.874895
-0.152682	0.0613931	0.84295
-0.142164	0.0607946	0.834731
-0.140976	0.0629522	0.864355
0.0994266	0.0518066	0.711323
0.666416	0.129725	1.78117
2.89049	0.322988	4.43474
1.91723	0.147379	2.02357
1.8714	0.127805	1.75481
2.11409	0.14341	1.96908
2.15293	0.142691	1.95919
-0.700125	0.0577917	0.757795
-0.42266	0.0743516	0.974937
-0.130279	0.0668259	0.876255
0.115363	0.0584213	0.76605
0.549785	0.129542	1.69862
0.684645	0.151211	1.98275
0.71933	0.14118	1.85123
1.25479	0.158196	2.07435
1.62366	0.171054	2.24294
1.71603	0.136057	1.78405
2.06435	0.144691	1.89726
-0.681459	0.059952	0.75227
-0.299634	0.0300711	0.377329
-0.345723	0.0505266	0.634003
-0.388253	0.0594962	0.746552
-0.301444	0.0578186	0.725502
-0.251916	0.0685424	0.860063
-0.113881	0.0676008	0.848247
-0.114119	0.0696116	0.873479
0.731362	0.162029	2.03313
0.742275	0.145489	1.82558
0.834576	0.15149	1.90088
0.805054	0.144941	1.8187
1.24322	0.164772	2.06754
1.99484	0.166529	2.08959
2.27809	0.161505	2.02654
2.43608	0.171059	2.14643
-0.8285	0.0722862	0.869594
-0.424955	0.0660916	0.795074
-0.410445	0.0665277	0.80032
-0.404934	0.0660992	0.795165
-0.555303	0.108278	1.30257
-0.203346	0.0454112	0.546291
-0.186874	0.0604801	0.727568
-0.114421	0.0708461	0.85227
-0.105281	0.070899	0.852907
-0.101558	0.0704498	0.847502
0.582694	0.148003	1.78046
0.795756	0.15578	1.87402
1.90299	0.219618	2.64198
1.80686	0.157928	1.89985
1.96562	0.148691	1.78874
1.99378	0.149351	1.79668
2.07738	0.154609	1.85993
2.31606	0.168033	2.02142
-0.691909	0.0592718	0.684764
-0.794952	0.078458	0.90642
-0.358938	0.0450583	0.520556
-0.348294	0.0441842	0.510458
-0.265589	0.034235	0.395515
-0.628435	0.121434	1.40292
-0.09708	0.023968	0.2769
-0.247483	0.0740467	0.855457
-0.16137	0.0875759	1.01176
-0.0879729	0.0747987	0.864144
-0.0859865	0.0757941	0.875645
0.770527	0.173251	2.00156
0.823554	0.183456	2.11946
0.814936	0.161995	1.87151
0.837507	0.163769	1.89201
2.18637	0.167813	1.93873
-0.384734	0.0496916	0.552192
-0.411077	0.0648379	0.720503
-0.419056	0.0673738	0.748683
-0.368356	0.0695232	0.772569
-0.0696309	0.0781603	0.868547
-0.0666089	0.0782892	0.86998
0.0645039	0.0739636	0.821912
0.595385	0.151991	1.68898
0.632479	0.158223	1.75824
0.677513	0.162956	1.81082
0.848569	0.186158	2.06866
0.83025	0.162181	1.80222
0.855816	0.165877	1.84329
0.894952	0.164519	1.8282
1.18069	0.17256	1.91756
2.16363	0.171011	1.90033
-0.731581	0.0760526	0.814081
-0.359168	0.0486622	0.520889
-0.432822	0.0704258	0.753851
-0.354614	0.0710947	0.761011
-0.357404	0.0751428	0.804343
-0.244491	0.0799485	0.855783
-0.0688979	0.0802866	0.859403
-0.0533339	0.0801809	0.858271
0.132142	0.0782284	0.837372
0.667707	0.166721	1.78462
0.896097	0.195489	2.09256
0.817647	0.159566	1.70802
1.13459	0.176275	1.88688
1.25238	0.191137	2.04596
1.25724	0.188547	2.01824
2.89618	0.328015	3.51114
2.08092	0.205969	2.20473
2.07351	0.168536	1.80405
-0.711774	0.076101	0.785736
-0.783849	0.0956035	0.987099
-0.679623	0.0832695	0.859751
-0.43604	0.0717532	0.740846
-0.427821	0.071274	0.735898
-0.0870134	0.0408373	0.421642
-0.0447325	0.0844144	0.871571
-0.0390784	0.0858002	0.88588
0.144257	0.0811235	0.837593
0.688855	0.168573	1.7405
0.765202	0.183905	1.8988
0.850057	0.190652	1.96847
0.868832	0.170642	1.76186
2.55491	0.294837	3.04417
2.50651	0.288015	2.97373
-0.416175	0.0819567	0.817239
-0.412712	0.0830385	0.828027
-0.387475	0.0853719	0.851295
-0.177825	0.0498403	0.496987
-0.239932	0.0852983	0.850561
-0.0189037	0.0843359	0.840964
0.758445	0.183806	1.83284
0.901124	0.176791	1.76289
1.31895	0.20182	2.01247
1.89557	0.266586	2.65829
-0.756436	0.0859232	0.828443
-0.726523	0.0828526	0.798837
-0.773963	0.0922873	0.889804
-0.401762	0.0699407	0.674345
-0.378661	0.0876738	0.845322
-0.185557	0.0782231	0.754201
-0.0326489	0.0917647	0.884765
-0.0130752	0.0888248	0.856419
-0.0101882	0.0906131	0.873661
0.789511	0.191218	1.84366
0.856922	0.200782	1.93587
1.30562	0.206617	1.99213
1.26983	0.199853	1.92691
4.86497	0.593555	5.72286
3.65739	0.438779	4.23056
-0.637214	0.0769015	0.717712
-0.46492	0.0633072	0.590838
-0.889262	0.14581	1.36083
-0.427495	0.086872	0.810765
-0.422902	0.0877387	0.818854
-0.428065	0.0933731	0.871439
-0.352044	0.102329	0.955022
-0.231928	0.0708814	0.661527
-0.238305	0.0893755	0.83413
-0.0563149	0.10985	1.02522
0.00237603	0.0922003	0.860493
0.0719287	0.0938896	0.87626
0.0750121	0.0937944	0.875371
0.115363	0.0820812	0.766053
0.182531	0.0907575	0.847028
0.1966	0.0930802	0.868706
0.813286	0.198479	1.85238
0.960497	0.210234	1.96209
1.04578	0.208898	1.94961
0.983031	0.193759	1.80833
-0.659998	0.0812127	0.734426
-0.581212	0.0828156	0.748922
-0.326907	0.0510902	0.462021
-0.460445	0.0834408	0.754575
-0.436618	0.0795933	0.719781
-0.395649	0.0871472	0.788093
-0.39107	0.0928039	0.839248
-0.231621	0.0738138	0.667516
0.0181872	0.0967377	0.874822
0.137107	0.0899123	0.813098
0.145129	0.0912703	0.825379
0.148691	0.0898262	0.81232
0.171975	0.0945772	0.855284
0.175546	0.0931988	0.842819
0.845449	0.201361	1.82096
0.909627	0.210119	1.90016
0.955213	0.209599	1.89545
1.0347	0.22227	2.01004
1.10476	0.220342	1.9926
1.3083	0.233592	2.11243
1.35275	0.21634	1.95641
2.06179	0.285128	2.57848
-0.612318	0.0744003	0.652568
-0.472984	0.0685307	0.601086
-0.34677	0.0561626	0.492604
-0.390768	0.0839213	0.736077
-0.401543	0.0886435	0.777496
-0.32982	0.0874656	0.767165
-0.26304	0.109102	0.956942
-0.190273	0.0908359	0.796726
-0.108352	0.058833	0.516027
0.0241614	0.0983782	0.862879
0.129842	0.0877905	0.770014
0.192062	0.103343	0.906422
0.196766	0.0991262	0.86944
0.207959	0.0999862	0.876984
0.361435	0.133253	1.16877
0.852749	0.2062	1.80859
1.10146	0.216639	1.90015
1.3414	0.242697	2.1287
1.37075	0.221403	1.94193
-0.349868	0.0580724	0.494473
-0.408487	0.0781578	0.665494
-0.39144	0.0986573	0.840042
-0.244987	0.106064	0.90311
-0.0273335	0.0727715	0.619631
0.0426308	0.10087	0.858885
0.178063	0.0954453	0.812693
0.592619	0.222468	1.89426
0.620255	0.222582	1.89523
1.06672	0.231995	1.97538
1.3199	0.241844	2.05924
1.44462	0.235544	2.0056
1.46457	0.235265	2.00322
2.21318	0.28075	2.39052
-0.795853	0.098003	0.810781
-0.717252	0.0968633	0.801352
-0.377682	0.0842765	0.697221
-0.392707	0.0966343	0.799457
-0.397011	0.0984158	0.814196
-0.412126	0.106085	0.877643
-0.377767	0.100322	0.829966
-0.390524	0.106234	0.878879
-0.186364	0.0662984	0.548488
-0.0185238	0.0858398	0.710154
0.0512245	0.102424	0.847358
0.055356	0.104455	0.864158
0.0643837	0.103938	0.859885
0.167701	0.102654	0.849256
0.226372	0.0928111	0.767828
0.654916	0.236672	1.95799
0.710174	0.248601	2.05668
1.0401	0.239204	1.97894
1.10624	0.242756	2.00833
1.25391	0.266441	2.20427
1.10279	0.221684	1.83399
1.41664	0.2308	1.90941
1.4159	0.229563	1.89918
1.50295	0.240192	1.98711
-0.713707	0.0983287	0.791018
-0.729686	0.10175	0.818542
-0.431341	0.0957945	0.770631
-0.384112	0.0875619	0.704403
-0.404895	0.102462	0.824271
-0.37613	0.106085	0.85341
-0.222489	0.103327	0.831224
-0.00726124	0.0591213	0.475609
0.0475577	0.103995	0.836601
0.0609376	0.106287	0.855035
0.0675825	0.107045	0.861138
0.235659	0.100592	0.809225
0.590932	0.224451	1.80563
0.94522	0.222032	1.78616
1.38521	0.229853	1.84908
1.49795	0.243864	1.9618
-0.7519	0.10818	0.846886
-0.497859	0.0811918	0.635611
-0.411247	0.11187	0.875772
-1.18395	0.418458	3.2759
-0.281197	0.105715	0.827589
0.0799245	0.109893	0.8603
0.151834	0.0947578	0.741812
0.689894	0.244983	1.91785
0.751435	0.261592	2.04787
0.868003	0.216912	1.6981
1.08137	0.247534	1.93782
1.18173	0.234189	1.83335
1.51805	0.250411	1.96035
1.56964	0.256533	2.00827
-0.575737	0.0973107	0.741867
-0.390715	0.0720652	0.549403
-0.501334	0.113114	0.862349
-0.504196	0.115189	0.878165
-0.385592	0.110248	0.840499
-0.374812	0.113405	0.864566
-0.331302	0.10459	0.797363
-1.02639	0.37627	2.86857
-0.247772	0.124784	0.951312
0.10711	0.11892	0.906611
0.11245	0.114377	0.871976
0.247697	0.112967	0.861225
0.766237	0.263552	2.00924
0.967746	0.22315	1.70123
1.16843	0.259554	1.97876
1.31614	0.288838	2.20201
1.32399	0.287097	2.18874
1.26572	0.253323	1.93126
1.26809	0.252408	1.92428
1.51298	0.276911	2.11109
1.69824	0.278581	2.12382
1.83494	0.241188	1.83874
-0.629233	0.0953952	0.708722
-0.720717	0.111994	0.832037
-1.26621	0.217591	1.61656
-0.781258	0.134876	1.00204
-0.3478	0.065828	0.489058
-0.429767	0.0920796	0.68409
-0.428925	0.115	0.854375
-0.361572	0.106085	0.78814
-0.328268	0.107274	0.796977
-0.855873	0.325244	2.41635
-0.211957	0.0839659	0.623811
-0.266564	0.135879	1.00949
-0.233761	0.120807	0.897517
-0.170105	0.102035	0.758053
0.102191	0.120093	0.892207
0.1097	0.117792	0.875118
0.11553	0.117305	0.871495
0.236723	0.110787	0.823071
0.244865	0.111794	0.830553
0.257222	0.109407	0.812822
0.624223	0.233573	1.73529
0.812905	0.276463	2.05393
1.06914	0.248258	1.84439
1.08285	0.249889	1.8565
1.2949	0.28474	2.11543
1.28228	0.259075	1.92476
1.57752	0.264357	1.96399
1.53748	0.253102	1.88038
1.54042	0.252473	1.8757
-0.695569	0.106412	0.770915
-0.676223	0.103867	0.752481
-0.300365	0.0577142	0.418118
-0.451073	0.0985427	0.713905
-0.427332	0.106067	0.768418
-0.375207	0.110292	0.799022
-0.395277	0.124817	0.904252
-0.373978	0.119073	0.862642
-0.166369	0.0705826	0.511345
-0.270156	0.21006	1.52181
0.133322	0.122202	0.885307
0.36293	0.154778	1.12131
0.568481	0.222601	1.61266
0.796827	0.265796	1.92559
1.28977	0.284148	2.05855
1.31766	0.264423	1.91565
1.55041	0.288449	2.08971
1.48018	0.24344	1.76363
-0.773453	0.105281	0.74422
-0.652744	0.106161	0.750442
-0.476464	0.117397	0.829865
-0.413073	0.120733	0.853448
-0.405708	0.128125	0.905703
-0.38505	0.128862	0.910911
-0.240032	0.103222	0.729665
-0.105274	0.0775873	0.548456
-0.0450003	0.157157	1.11093
-0.044535	0.189218	1.33756
0.892423	0.299859	2.11967
0.950327	0.308739	2.18244
1.17522	0.266884	1.88657
1.33805	0.292031	2.06433
1.33436	0.270182	1.90989
1.76903	0.32775	2.31682
1.77907	0.328061	2.31902
-3.02122	0.556329	3.83949
-0.347751	0.0704954	0.486522
-0.439567	0.100232	0.691748
-0.463083	0.116138	0.801524
-0.474787	0.125331	0.864967
-0.438588	0.125682	0.867392
-0.412556	0.124434	0.858776
-0.32178	0.115214	0.795147
-0.166941	0.072735	0.501979
-0.229641	0.131393	0.906803
-0.289402	0.257102	1.77438
0.144531	0.124195	0.85713
0.226861	0.123588	0.852939
0.269312	0.130761	0.90244
0.878032	0.289772	1.99985
0.82309	0.269427	1.85944
1.2255	0.28019	1.93372
1.35175	0.295598	2.04006
1.39025	0.299134	2.06446
1.3213	0.267134	1.84362
1.66743	0.311999	2.15325
1.66895	0.310836	2.14523
-0.727894	0.124127	0.83684
-0.368419	0.122984	0.829132
-0.227767	0.135334	0.912396
-0.000892215	0.156713	1.05653
0.156475	0.129346	0.872022
0.263306	0.213367	1.43847
0.524924	0.237909	1.60394
0.69661	0.281595	1.89846
0.776339	0.275873	1.85988
0.820564	0.264201	1.78119
1.27434	0.291619	1.96604
1.37146	0.298881	2.01499
1.35677	0.286569	1.93199
1.71608	0.319774	2.15585
-0.7585	0.126068	0.830704
-0.770769	0.129643	0.854261
-0.321597	0.0679389	0.447673
-0.33043	0.11567	0.762193
-0.311667	0.11793	0.777081
-0.113563	0.0915064	0.602968
-0.234857	0.23405	1.54224
-0.188032	0.231176	1.5233
-0.202004	0.255827	1.68573
0.147532	0.103897	0.684614
0.299044	0.191384	1.2611
0.564028	0.250507	1.65068
0.863637	0.277976	1.83168
0.871977	0.276433	1.82151
1.33036	0.278901	1.83778
1.69904	0.319581	2.10583
-0.774901	0.13382	0.862287
-0.658969	0.116129	0.748293
-0.862053	0.1708	1.10057
-0.831557	0.16552	1.06655
-0.422396	0.102578	0.660976
-0.510824	0.133062	0.857402
-0.342694	0.121664	0.783961
-0.33379	0.126875	0.817538
-0.313915	0.122568	0.789785
-0.168429	0.120353	0.775511
-0.151196	0.140754	0.906966
-0.0724585	0.0775132	0.499467
-0.161104	0.186228	1.19999
0.00268886	0.151123	0.973784
0.323713	0.237092	1.52774
0.262633	0.134948	0.869554
0.602636	0.257409	1.65865
0.933532	0.298148	1.92116
0.941302	0.287815	1.85458
1.25199	0.281003	1.81068
1.3653	0.297138	1.91465
-0.753907	0.123188	0.776606
-0.152159	0.0741837	0.467672
-0.198704	0.19325	1.2183
-0.142103	0.19394	1.22265
-0.0347284	0.0755056	0.476005
0.232451	0.205486	1.29543
0.267948	0.187805	1.18397
0.241682	0.142207	0.896507
0.233668	0.124202	0.782998
0.633879	0.297401	1.87489
0.588324	0.254329	1.60335
0.745299	0.283225	1.78551
1.26173	0.284994	1.79667
1.4003	0.303813	1.91531
1.50814	0.316292	1.99398
1.54662	0.312446	1.96973
1.75602	0.331887	2.09229
-0.822696	0.12784	0.788865
-0.82779	0.129077	0.796504
-0.823668	0.131165	0.809386
-0.811409	0.130601	0.805906
-0.787039	0.128988	0.795954
-0.786122	0.129785	0.800867
-0.760946	0.129432	0.798689
-0.669821	0.118881	0.733583
-0.665581	0.118597	0.73183
-0.73055	0.135547	0.836426
-0.802286	0.162987	1.00575
-0.337595	0.0761567	0.469943
-0.402131	0.101403	0.625734
-0.359168	0.136531	0.842495
-0.308072	0.127927	0.789406
-0.128875	0.110889	0.684268
-0.227586	0.338317	2.08766
-0.100923	0.195227	1.20469
-0.0206694	0.0509468	0.314379
0.0610756	0.086414	0.533238
0.210588	0.182838	1.12824
0.314218	0.211521	1.30524
0.244391	0.148904	0.918849
0.513114	0.259803	1.60318
0.661075	0.307047	1.89471
0.667844	0.275968	1.70293
0.756924	0.291348	1.79784
0.778632	0.289777	1.78814
0.824657	0.290091	1.79008
1.11971	0.340569	2.10157
1.03551	0.308694	1.90487
1.39625	0.304975	1.88192
1.41645	0.30641	1.89078
1.65264	0.33194	2.04832
1.80604	0.338545	2.08907
1.8481	0.342147	2.1113
-0.658117	0.122668	0.741255
-0.452148	0.127129	0.768214
-0.358648	0.142845	0.863179
-0.185162	0.0941794	0.569105
-0.137063	0.282927	1.70967
0.0854967	0.103903	0.627862
0.319745	0.263155	1.59019
0.193444	0.120359	0.7273
0.70048	0.287649	1.7382
1.35256	0.306152	1.85001
1.33941	0.301688	1.82304
1.39554	0.302457	1.82768
1.49329	0.322121	1.9465
-0.82734	0.135411	0.801633
-0.648911	0.122961	0.72793
-0.699991	0.134821	0.798143
-0.188765	0.0443862	0.262767
-0.253803	0.136301	0.806906
-0.177802	0.266684	1.57877
0.341167	0.243029	1.43873
0.713509	0.380859	2.25469
0.610532	0.278324	1.64768
0.775876	0.296077	1.75278
0.931352	0.312179	1.8481
0.983465	0.295786	1.75106
1.16204	0.340743	2.0172
1.36619	0.306579	1.81495
1.71968	0.346113	2.04899
1.8301	0.353164	2.09074
-0.816341	0.137769	0.799354
-0.788722	0.134054	0.777802
-0.79648	0.140364	0.81441
-0.78572	0.13898	0.806381
-0.446928	0.150196	0.871458
-0.425141	0.143886	0.834846
-0.35596	0.142701	0.827968
-0.212846	0.153606	0.891244
-0.0905295	0.107552	0.624033
-0.150704	0.23826	1.38242
-0.253905	0.445638	2.58565
-0.0423987	0.100159	0.581138
0.0163056	0.163541	0.94889
0.0195403	0.161993	0.939906
0.101395	0.152575	0.88526
0.313603	0.255083	1.48003
0.333858	0.258368	1.49909
0.305465	0.176415	1.02358
0.564318	0.287677	1.66914
0.589567	0.294271	1.7074
0.872701	0.269535	1.56388
1.63497	0.352404	2.0447
1.76359	0.357555	2.07458
1.74327	0.351941	2.04201
1.79211	0.348552	2.02235
1.825	0.350668	2.03463
2.36559	0.352514	2.04534
-0.838645	0.142838	0.812586
-0.780676	0.136788	0.778168
-0.779657	0.137598	0.782779
-0.774237	0.138142	0.785872
-0.781365	0.146943	0.83594
-0.684335	0.134399	0.764576
-0.438357	0.119232	0.678297
-0.442833	0.171021	0.972919
-0.333687	0.137589	0.782724
-0.293489	0.160342	0.912167
-0.116477	0.113039	0.643063
-0.103133	0.12815	0.729031
0.361272	0.276206	1.5713
0.472898	0.265709	1.51158
0.672188	0.34219	1.94668
0.854767	0.40948	2.32948
0.867667	0.300499	1.7095
0.96545	0.302165	1.71898
1.07425	0.329863	1.87655
1.3892	0.408561	2.32425
1.44749	0.324051	1.84348
1.54637	0.333919	1.89962
1.72118	0.348513	1.98265
1.7654	0.354522	2.01683
2.20019	0.374041	2.12787
-0.683951	0.131642	0.734555
-0.682818	0.138958	0.775375
-0.680899	0.218011	1.21649
-0.326063	0.149734	0.835506
-0.0899863	0.134578	0.750938
-0.0599261	0.147202	0.821378
0.156162	0.181495	1.01273
0.201002	0.223171	1.24528
0.397247	0.238558	1.33114
0.698951	0.313635	1.75006
0.84347	0.306532	1.71043
1.25773	0.363943	2.03078
1.35447	0.38521	2.14945
1.30078	0.288931	1.61222
1.78432	0.385986	2.15378
1.79475	0.360036	2.00898
1.68314	0.327086	1.82512
2.23473	0.385985	2.15377
-0.68691	0.138498	0.758288
-0.666872	0.13888	0.76038
-0.19695	0.0500742	0.274161
-0.201928	0.15924	0.871855
-0.0802065	0.154868	0.84792
-0.0270355	0.121903	0.667428
-0.0207963	0.145619	0.797276
0.03592	0.207572	1.13647
0.0616732	0.186335	1.0202
0.0632289	0.180282	0.987061
0.341413	0.279997	1.53301
0.712977	0.299056	1.63736
0.810234	0.321231	1.75877
0.82311	0.311698	1.70658
1.07745	0.362008	1.98203
0.834984	0.273291	1.49629
1.3676	0.391908	2.14573
1.24914	0.351985	1.92715
1.82601	0.395679	2.16638
1.89336	0.405074	2.21782
1.78803	0.348669	1.909
-0.769721	0.138777	0.745804
-0.821875	0.153544	0.825166
-0.859171	0.165299	0.888339
-0.82122	0.16039	0.861953
-0.400563	0.115333	0.619816
-0.50144	0.15567	0.836588
-0.490739	0.202224	1.08678
-0.187571	0.108478	0.582973
0.0311393	0.237518	1.27645
0.247307	0.251403	1.35107
0.319603	0.267035	1.43508
0.317926	0.257303	1.38278
0.24361	0.16377	0.880119
0.405149	0.258876	1.39123
0.530956	0.319485	1.71695
0.798875	0.320173	1.72065
0.757258	0.294349	1.58187
1.14542	0.386942	2.07947
1.33569	0.379227	2.03801
1.6562	0.371992	1.99913
1.71566	0.380381	2.04421
1.87476	0.40521	2.17765
1.76731	0.355207	1.90892
-0.816677	0.154827	0.816989
-0.701541	0.145031	0.765301
-0.685969	0.146419	0.772626
-0.413962	0.13411	0.707671
-0.373154	0.126341	0.666675
-0.209716	0.126353	0.666742
-0.198269	0.167443	0.883564
-0.0492243	0.150117	0.792137
-0.0427596	0.147522	0.778443
-0.0361308	0.155219	0.819058
-0.0257446	0.164326	0.867115
0.0206181	0.227382	1.19985
0.0734598	0.261478	1.37977
0.0710555	0.188941	0.997004
0.0694518	0.175783	0.927573
0.230232	0.264404	1.39521
0.248016	0.267304	1.41051
0.447257	0.294701	1.55508
0.476375	0.275847	1.45559
0.683066	0.321215	1.69499
0.720133	0.316025	1.6676
0.618491	0.256433	1.35315
1.34759	0.38542	2.03379
1.30368	0.364918	1.9256
1.65873	0.372939	1.96792
1.93496	0.407174	2.14858
1.86245	0.373951	1.97326
2.15346	0.421118	2.22216
-0.773179	0.151419	0.784799
-0.316422	0.0849842	0.440469
-0.459738	0.148883	0.771655
-0.243259	0.121387	0.629143
-0.194441	0.178668	0.926026
-0.187933	0.175705	0.910669
-0.170977	0.168694	0.874334
0.225387	0.224316	1.16262
0.193523	0.182424	0.945493
0.511014	0.294769	1.52777
0.596558	0.329888	1.70979
0.55291	0.293614	1.52179
0.653685	0.318667	1.65164
0.698769	0.314831	1.63176
0.873193	0.331932	1.72039
1.18315	0.372927	1.93286
1.28431	0.395497	2.04984
1.87762	0.379473	1.96679
2.16864	0.427001	2.21312
2.09975	0.411921	2.13497
2.16253	0.419622	2.17488
-0.707432	0.155836	0.793577
-0.960556	0.221448	1.1277
-0.365956	0.111199	0.566267
-0.347131	0.159898	0.814261
-0.347063	0.16123	0.821045
-0.347941	0.165883	0.84474
-0.182496	0.170675	0.869139
-0.169289	0.17	0.865703
-0.0123828	0.159271	0.811067
0.00772771	0.238345	1.21374
0.0226596	0.258947	1.31865
0.0421829	0.213394	1.08668
0.0851295	0.276534	1.40822
0.183678	0.176224	0.897397
0.230704	0.163674	0.833491
0.436235	0.290564	1.47966
0.456666	0.289986	1.47672
0.562548	0.304046	1.54832
0.602811	0.286063	1.45674
0.74948	0.314552	1.60182
1.36192	0.376961	1.91963
1.81876	0.404686	2.06081
1.83808	0.389871	1.98537
2.17468	0.427932	2.17919
-0.758759	0.152763	0.764566
-1.29748	0.324986	1.62653
-0.544547	0.316854	1.58583
-0.00352626	0.158321	0.792381
0.0424575	0.199963	1.0008
0.243387	0.301277	1.50787
0.246684	0.259062	1.29658
0.173687	0.17259	0.863799
0.566297	0.338277	1.69305
0.581467	0.31354	1.56924
0.61385	0.321613	1.60964
0.627738	0.314043	1.57176
0.654479	0.310596	1.55451
0.988496	0.368204	1.84283
1.1476	0.37459	1.87479
1.61059	0.440157	2.20295
1.72176	0.377461	1.88916
1.97483	0.414885	2.07646
2.02706	0.408809	2.04606
2.32474	0.457195	2.28822
-0.168154	0.106215	0.522623
-0.126248	0.144534	0.711163
-0.27995	0.373618	1.83835
0.0969902	0.291322	1.43342
0.0783195	0.185751	0.913968
0.230952	0.29744	1.46353
0.247929	0.222647	1.09551
0.500838	0.314484	1.54739
0.517922	0.304836	1.49992
0.83438	0.329422	1.62089
0.963886	0.351045	1.72728
1.21375	0.398295	1.95977
1.08002	0.340534	1.67557
1.17072	0.353321	1.73848
1.33231	0.379724	1.8684
1.4175	0.390191	1.9199
1.59432	0.434618	2.1385
1.86145	0.407041	2.00281
2.03909	0.426052	2.09635
-0.735309	0.163208	0.789713
-15.4607	3.98752	19.2944
-0.294518	0.177257	0.857693
-0.0886136	0.109855	0.531557
0.0955312	0.277023	1.34043
0.221296	0.265546	1.2849
0.500981	0.303008	1.46617
0.450438	0.235208	1.1381
0.807041	0.39279	1.9006
0.735227	0.327269	1.58356
0.886236	0.355803	1.72162
1.12979	0.381445	1.8457
1.19482	0.378854	1.83316
1.29562	0.389279	1.88361
1.56207	0.428869	2.07517
1.57228	0.429615	2.07878
1.81401	0.404937	1.95937
1.72366	0.383274	1.85455
1.90537	0.415619	2.01106
2.42966	0.49076	2.37464
2.2914	0.46121	2.23166
-0.715024	0.165178	0.786194
-1.72291	0.50389	2.39835
-0.540136	0.192809	0.917709
-0.253186	0.167201	0.795822
-0.169919	0.246084	1.17128
-0.164348	0.257193	1.22415
0.0970708	0.272381	1.29644
0.22049	0.274724	1.30759
0.502889	0.305984	1.45638
0.636277	0.32589	1.55113
0.734079	0.357147	1.6999
0.653839	0.300542	1.43048
0.776825	0.333403	1.58689
0.819158	0.327453	1.55857
0.941593	0.363912	1.7321
1.11073	0.379004	1.80393
1.21162	0.406292	1.93382
1.67558	0.454606	2.16378
1.88219	0.41112	1.9568
2.07948	0.439391	2.09135
2.38547	0.498621	2.37327
2.24844	0.453704	2.15948
2.56807	0.465054	2.2135
-0.803775	0.166881	0.781531
-0.750164	0.168128	0.787373
-0.706097	0.165126	0.773312
-0.391052	0.197539	0.925111
-0.154228	0.181818	0.851484
-0.138772	0.233244	1.09232
-0.130233	0.232065	1.0868
0.0793983	0.197848	0.926557
0.210139	0.290993	1.36277
0.494628	0.367227	1.71979
0.430983	0.316013	1.47994
0.452952	0.309155	1.44783
1.22531	0.471909	2.21003
1.00422	0.376956	1.76535
1.16895	0.391624	1.83404
1.3788	0.406711	1.9047
1.70723	0.464275	2.17428
1.82244	0.491095	2.29989
1.94184	0.421597	1.97441
2.22799	0.450677	2.1106
2.4989	0.503756	2.35918
-0.789373	0.173204	0.798314
-0.774068	0.171724	0.791495
-0.750199	0.16829	0.775667
-0.727306	0.171465	0.790299
-0.731046	0.246803	1.13754
-0.44882	0.164439	0.757917
-0.507399	0.188193	0.867402
-0.490168	0.191232	0.881409
-0.378826	0.192794	0.888606
-0.384098	0.274379	1.26464
-0.159352	0.183569	0.846087
-0.136177	0.189528	0.873552
0.236876	0.286409	1.32009
0.39531	0.305877	1.40982
0.539078	0.335217	1.54505
0.522506	0.308948	1.42397
1.0367	0.380914	1.75567
1.66926	0.459137	2.11621
1.66	0.442433	2.03922
1.8167	0.402241	1.85397
1.95321	0.427743	1.97151
2.02466	0.441782	2.03622
-0.274129	0.149294	0.677396
-0.290463	0.164036	0.744285
-0.212197	0.152173	0.690461
-0.144387	0.243569	1.10515
-0.0871808	0.239669	1.08746
0.242958	0.292531	1.32731
0.262763	0.29327	1.33066
0.315922	0.323102	1.46602
0.646029	0.347099	1.5749
0.728169	0.340369	1.54437
0.845448	0.352107	1.59763
0.91127	0.369451	1.67632
0.982565	0.373577	1.69504
1.05661	0.391978	1.77854
1.16186	0.401759	1.82292
1.1468	0.383534	1.74022
1.98786	0.528827	2.39946
1.98346	0.434908	1.97332
2.10646	0.456958	2.07337
2.24483	0.475171	2.15601
2.25461	0.473959	2.15051
2.50233	0.506859	2.29979
2.46838	0.477814	2.168
2.82035	0.540809	2.45383
-0.75151	0.179955	0.803999
-2.04028	0.562313	2.51228
-0.501774	0.181903	0.812701
-0.465215	0.192224	0.858812
-0.384621	0.183329	0.81907
-0.325785	0.173988	0.777338
-0.155708	0.192413	0.859656
-0.125845	0.161959	0.723594
0.0884077	0.292446	1.30658
0.0947645	0.237529	1.06122
0.200364	0.305104	1.36313
0.203275	0.29506	1.31826
0.30493	0.322106	1.43909
0.5212	0.386242	1.72564
0.497479	0.344022	1.53701
0.514013	0.336701	1.5043
0.540939	0.314513	1.40517
0.540151	0.302714	1.35245
0.708672	0.328869	1.46931
0.922203	0.372297	1.66334
1.11618	0.413004	1.84521
1.01919	0.368335	1.64563
1.13859	0.374428	1.67286
1.35983	0.410236	1.83284
1.27871	0.378406	1.69063
2.14982	0.466997	2.08644
2.4232	0.51031	2.27995
2.38927	0.488257	2.18142
2.59581	0.523571	2.33919
-0.806849	0.181469	0.798517
-0.798161	0.183442	0.807202
-0.758069	0.182201	0.801738
-0.746901	0.180896	0.795998
-0.133029	0.173829	0.764899
-0.283558	0.404031	1.77786
-0.126947	0.220817	0.971662
-0.0885459	0.240199	1.05695
-0.0789196	0.27279	1.20036
0.0859692	0.304993	1.34206
0.199272	0.300715	1.32324
0.273611	0.293453	1.29128
0.484836	0.336669	1.48145
1.15441	0.402509	1.77116
1.38752	0.407196	1.79179
1.68734	0.488363	2.14895
1.70685	0.466181	2.05134
1.99713	0.438945	1.93149
2.08381	0.454824	2.00136
2.23129	0.483664	2.12826
2.35073	0.497576	2.18948
2.28528	0.47731	2.10031
2.47399	0.50176	2.20789
2.46278	0.497883	2.19084
-0.809897	0.182946	0.793044
-0.821654	0.193102	0.837065
-0.789438	0.189002	0.819292
-0.380155	0.185333	0.803391
-0.0865036	0.287739	1.24731
-0.0344627	0.238775	1.03505
0.388623	0.337065	1.46112
0.440352	0.324706	1.40755
0.474053	0.323461	1.40215
0.533833	0.326006	1.41318
0.670055	0.357946	1.55164
0.574667	0.290038	1.25727
0.817627	0.382488	1.65802
0.753318	0.349846	1.51653
0.907199	0.379941	1.64698
0.953709	0.377198	1.63509
1.02727	0.394108	1.7084
1.14443	0.423811	1.83715
1.16095	0.406404	1.7617
1.14307	0.393684	1.70656
1.84383	0.485931	2.10643
2.31381	0.502215	2.17702
2.44569	0.513422	2.2256
2.41366	0.487504	2.11325
-0.496096	0.203572	0.869517
-0.472393	0.198873	0.849446
-0.45989	0.200096	0.85467
-0.317816	0.188916	0.806919
-0.460621	0.276333	1.1803
-0.448448	0.308998	1.31982
-0.355811	0.267912	1.14433
-0.165296	0.209486	0.894778
-0.140195	0.238086	1.01694
-0.0372255	0.236178	1.00879
0.0285164	0.157372	0.672182
0.0726622	0.281409	1.20198
0.0984037	0.293555	1.25386
0.351947	0.369983	1.58031
0.486966	0.330172	1.41027
0.514579	0.331583	1.41629
0.590057	0.352253	1.50458
0.628584	0.35876	1.53237
0.648086	0.342774	1.46409
0.671452	0.338585	1.4462
0.948388	0.395336	1.6886
1.12338	0.359737	1.53655
1.61831	0.47814	2.04228
-0.52949	0.217708	0.916465
-0.484125	0.202854	0.853933
-0.506031	0.21339	0.898285
-0.475069	0.204255	0.859834
-0.456083	0.204083	0.859109
-0.304311	0.185236	0.77977
-0.091291	0.238348	1.00335
-0.147778	0.419039	1.76399
0.0112517	0.268023	1.12827
0.109084	0.315682	1.32889
0.108891	0.289676	1.21942
0.199679	0.300586	1.26535
0.207293	0.298411	1.25619
0.253231	0.310301	1.30624
0.289052	0.335476	1.41222
0.427495	0.317291	1.33567
0.470348	0.330482	1.3912
0.508909	0.336071	1.41472
0.571679	0.340031	1.43139
0.649449	0.337532	1.42088
1.02165	0.382948	1.61206
1.20028	0.356582	1.50107
1.90071	0.493463	2.07728
2.24285	0.48967	2.06131
2.30432	0.471819	1.98617
-0.605586	0.230971	0.958452
-0.445067	0.209133	0.867829
-0.430734	0.208255	0.864186
-0.321641	0.196795	0.816631
-0.160861	0.288742	1.19818
-0.0329477	0.215165	0.892862
-0.0456981	0.370918	1.53918
0.18157	0.313037	1.299
0.204231	0.285763	1.18582
0.484011	0.337789	1.40171
0.691962	0.376709	1.56321
0.925525	0.397116	1.64789
1.51255	0.477369	1.98092
1.28824	0.397199	1.64824
1.81976	0.529333	2.19655
1.72869	0.487976	2.02493
2.40528	0.524035	2.17456
2.3323	0.504844	2.09493
2.42533	0.511722	2.12347
-1.60989	0.473989	1.93927
-0.52313	0.210784	0.8624
-0.471835	0.212894	0.871033
-0.379366	0.208675	0.85377
-0.133884	0.170483	0.697511
-0.150455	0.199061	0.814438
-0.12372	0.189593	0.7757
0.278022	0.315332	1.29015
0.358167	0.38075	1.5578
0.332053	0.342254	1.4003
0.379507	0.348744	1.42685
0.486848	0.31804	1.30122
0.520754	0.33063	1.35274
0.566513	0.320641	1.31187
0.714696	0.364903	1.49296
0.838429	0.387243	1.58436
0.929602	0.41249	1.68766
0.982183	0.419351	1.71573
0.960328	0.388024	1.58756
1.26244	0.437136	1.7885
1.25953	0.431717	1.76632
1.58699	0.535831	2.19229
1.28983	0.424915	1.73849
1.32301	0.429583	1.75759
1.63884	0.519687	2.12624
1.69369	0.497514	2.03552
1.8289	0.528076	2.16056
1.78598	0.500753	2.04878
2.07148	0.559956	2.291
-1.84904	0.549658	2.21773
-0.595435	0.233568	0.942386
-0.415056	0.215755	0.870515
-0.350017	0.220256	0.888676
-0.123095	0.191285	0.771785
-1.01919	2.10798	8.50515
-0.0894499	0.253716	1.02368
0.0139841	0.255257	1.0299
0.037183	0.237408	0.957879
0.319577	0.349985	1.4121
0.354344	0.301575	1.21678
0.538342	0.349873	1.41165
0.430489	0.274586	1.10788
0.613946	0.367718	1.48365
0.784213	0.372362	1.50239
0.904018	0.414918	1.67409
0.915368	0.409198	1.65101
0.870833	0.384291	1.55051
1.07517	0.402171	1.62266
1.13648	0.416046	1.67864
1.26191	0.438606	1.76966
1.32861	0.448193	1.80834
1.41897	0.454157	1.83241
1.53276	0.470843	1.89973
1.79103	0.488993	1.97296
2.35734	0.513162	2.07048
-1.22494	0.36601	1.45659
-0.543159	0.218506	0.869574
-0.5023	0.228442	0.909118
-0.447955	0.214949	0.855419
-0.442345	0.213728	0.850561
-0.421615	0.211028	0.839814
-0.417148	0.210302	0.836927
-0.41201	0.21232	0.844957
-0.11179	0.0809548	0.322171
-0.258455	0.197423	0.785672
-0.039241	0.267212	1.06341
-0.0360383	0.271977	1.08237
0.00718794	0.283685	1.12896
0.106694	0.300233	1.19482
0.253412	0.341156	1.35768
0.265641	0.344317	1.37026
0.272646	0.328925	1.309
0.327103	0.346621	1.37943
0.444132	0.333652	1.32781
0.76422	0.386586	1.53847
0.798281	0.389673	1.55076
0.818125	0.383253	1.52521
0.979626	0.402142	1.60038
1.03665	0.382716	1.52307
1.69123	0.559205	2.22544
1.44267	0.455411	1.81237
1.62001	0.47284	1.88174
3.23508	0.739754	2.94396
2.3024	0.500221	1.9907
-0.572886	0.237729	0.933329
-0.506123	0.215078	0.844401
-0.457091	0.214929	0.843815
-0.420094	0.235087	0.922958
-0.175632	0.246981	0.969654
-0.0978158	0.176118	0.691444
-0.0768674	0.334481	1.31318
-0.061335	0.284413	1.11661
0.0729256	0.326756	1.28285
0.0869115	0.310616	1.21948
0.169917	0.309635	1.21563
0.205514	0.317221	1.24542
0.224705	0.33232	1.3047
0.335576	0.34473	1.35342
0.402302	0.33927	1.33198
0.439561	0.357875	1.40503
0.525494	0.361226	1.41818
0.591934	0.374132	1.46885
0.692896	0.398704	1.56532
0.716724	0.393198	1.5437
0.743827	0.384198	1.50837
0.895602	0.388698	1.52604
0.886182	0.379941	1.49166
1.02059	0.403299	1.58336
1.13133	0.406164	1.59461
1.71977	0.504587	1.98102
1.79794	0.498533	1.95725
1.98932	0.511449	2.00796
2.26353	0.573597	2.25196
-0.541913	0.225259	0.872616
-0.506724	0.220892	0.855698
-0.44509	0.209319	0.810865
-0.314756	0.187421	0.726037
-0.345537	0.222397	0.861529
-0.269437	0.20914	0.810175
-0.918689	0.737071	2.85529
-0.110921	0.183678	0.711538
-0.155783	0.284268	1.10121
-0.102474	0.234886	0.909909
-0.0437746	0.14759	0.57174
0.0116136	0.30062	1.16455
0.101624	0.306137	1.18592
0.222186	0.340142	1.31765
0.235936	0.346379	1.34182
0.252047	0.307064	1.18952
0.288823	0.309706	1.19975
0.376616	0.338029	1.30947
0.419368	0.323653	1.25378
0.579066	0.377688	1.4631
0.648263	0.36903	1.42956
0.729981	0.384941	1.4912
0.774413	0.399542	1.54776
0.793664	0.398002	1.54179
0.856645	0.426597	1.65257
0.94565	0.4109	1.59176
1.11179	0.450294	1.74436
1.12361	0.435376	1.68657
1.03833	0.398023	1.54188
1.55231	0.469389	1.81833
2.04951	0.517085	2.0031
-2.81651	1.05739	4.04241
-0.544002	0.230471	0.881095
-0.550244	0.237273	0.907098
-0.460139	0.23305	0.890954
-0.338486	0.444571	1.6996
-0.163595	0.294974	1.12769
-0.035803	0.315432	1.2059
0.0687196	0.316208	1.20886
0.103446	0.32964	1.26022
0.159074	0.331937	1.269
0.311352	0.359862	1.37576
0.396899	0.335717	1.28345
0.501654	0.376089	1.43779
0.826308	0.400255	1.53018
0.876774	0.41636	1.59175
0.824404	0.379083	1.44924
0.926126	0.400474	1.53102
1.12588	0.428152	1.63683
1.15071	0.433054	1.65557
1.2836	0.470853	1.80008
1.3851	0.449051	1.71673
1.59667	0.467499	1.78725
-1.21032	0.367224	1.38572
-1.29077	0.39989	1.50899
-1.49769	0.57261	2.16074
-0.526743	0.23863	0.90047
-0.425296	0.22777	0.859492
-0.438857	0.240286	0.906719
-0.382596	0.246157	0.928875
-0.136093	0.102869	0.388178
-0.0535474	0.162397	0.612805
-0.0181217	0.314552	1.18696
0.257952	0.339969	1.28288
0.331499	0.344292	1.29919
0.497911	0.370521	1.39816
0.539472	0.357958	1.35075
0.5688	0.346166	1.30626
0.810735	0.445453	1.68092
1.00573	0.422953	1.59602
1.14437	0.431838	1.62954
1.27832	0.454391	1.71465
1.28841	0.451425	1.70346
1.29378	0.444825	1.67855
1.444	0.487356	1.83904
1.4849	0.468865	1.76926
1.45299	0.409526	1.54535
-1.65682	0.641655	2.39034
-0.513002	0.225677	0.840705
-0.514376	0.227626	0.847968
-0.447869	0.220474	0.821323
-0.442366	0.245343	0.913969
-0.872923	0.697038	2.59665
-0.156058	0.231282	0.861586
-0.00098901	0.31438	1.17115
0.0136672	0.367887	1.37047
0.167344	0.329888	1.22892
0.205628	0.334501	1.24611
0.222766	0.347206	1.29343
0.223865	0.3283	1.22301
0.300983	0.357005	1.32994
0.320305	0.351892	1.31089
0.366371	0.341949	1.27385
0.554701	0.366216	1.36425
0.620173	0.379178	1.41254
0.698511	0.407019	1.51625
0.843485	0.408389	1.52136
0.845379	0.40405	1.50519
1.1573	0.449293	1.67373
1.65849	0.508607	1.89469
1.77883	0.515767	1.92137
1.52173	0.436125	1.62468
1.82692	0.471009	1.75463
-0.548365	0.250232	0.920414
-0.506674	0.238422	0.876974
-0.418117	0.217071	0.798439
-0.416628	0.217797	0.801112
-0.373792	0.219786	0.808425
-0.156369	0.120022	0.44147
-0.134212	0.251518	0.925146
-0.102664	0.284234	1.04548
-0.0959547	0.298545	1.09812
-0.00540769	0.330363	1.21516
0.120903	0.328322	1.20765
0.153248	0.332365	1.22252
0.176343	0.326164	1.19971
0.254571	0.338138	1.24375
0.317012	0.342614	1.26022
0.399802	0.359875	1.32371
0.433977	0.364526	1.34082
0.509275	0.384896	1.41574
0.538445	0.380261	1.39869
0.624642	0.410385	1.5095
0.579287	0.374068	1.37591
0.875066	0.482432	1.7745
0.761804	0.408055	1.50093
1.16578	0.427185	1.57129
1.54493	0.500452	1.84078
1.55792	0.498239	1.83264
1.44134	0.449514	1.65342
1.8184	0.523779	1.92659
2.22019	0.571799	2.10321
2.19642	0.56375	2.07361
-1.13015	0.346216	1.25759
-0.476092	0.228284	0.829216
-0.362371	0.22635	0.822194
-0.377448	0.247939	0.90061
-0.182966	0.244082	0.886602
-0.0428233	0.319482	1.16048
0.0827588	0.336719	1.2231
0.130727	0.335327	1.21804
0.171461	0.313447	1.13856
0.366976	0.379842	1.37973
0.357925	0.360694	1.31018
0.649802	0.397654	1.44444
0.666884	0.383517	1.39308
0.761069	0.415761	1.51021
0.816709	0.416366	1.5124
0.855264	0.411305	1.49402
0.93757	0.43712	1.58779
0.89906	0.406747	1.47747
1.24315	0.459055	1.66747
1.305	0.466116	1.69311
1.20626	0.426852	1.55049
1.42989	0.496778	1.80449
1.50185	0.517075	1.87822
1.69897	0.517296	1.87902
-1.00962	0.309424	1.11011
-1.35092	0.548962	1.96949
-0.522027	0.242758	0.870935
-0.365355	0.240913	0.864317
-0.287147	0.381178	1.36754
-0.0747405	0.228964	0.821447
-0.11658	0.371874	1.33416
-0.0624439	0.429683	1.54156
0.139805	0.32984	1.18336
0.154222	0.324267	1.16336
0.267462	0.340254	1.22072
0.35268	0.355151	1.27417
0.357471	0.355347	1.27487
0.467098	0.389243	1.39647
0.630734	0.38769	1.3909
0.668625	0.401405	1.44011
0.825782	0.420622	1.50905
1.02229	0.465504	1.67007
0.970539	0.422051	1.51418
1.03905	0.437091	1.56814
1.1491	0.47309	1.69729
1.95774	0.578154	2.07422
1.84298	0.540134	1.93782
1.73401	0.484327	1.73761
-4.7454	1.427	5.05734
-0.34318	0.118708	0.420704
-1.05991	0.438312	1.5534
-0.503216	0.255322	0.904871
-0.36302	0.240271	0.85153
-0.171529	0.135266	0.479389
-0.102992	0.235428	0.834367
-0.0949347	0.263126	0.932529
-0.0417888	0.354139	1.25508
0.00764528	0.338821	1.20079
0.121375	0.330193	1.17022
0.128337	0.337404	1.19577
0.315042	0.343531	1.21749
0.401976	0.371103	1.3152
0.413001	0.356077	1.26195
0.497844	0.386629	1.37023
0.732703	0.410244	1.45392
0.72835	0.399237	1.41491
0.891001	0.436425	1.54671
1.4979	0.497185	1.76204
1.75612	0.533142	1.88948
-0.838499	0.232031	0.812445
-0.97649	0.274046	0.959558
-0.464078	0.17568	0.615136
-0.51055	0.247738	0.867441
-0.507163	0.247611	0.866998
-0.520169	0.258746	0.905985
-0.476944	0.251457	0.880464
-0.385257	0.237964	0.833219
-0.208957	0.165123	0.578169
-0.614861	0.506073	1.77199
-0.169295	0.317501	1.11172
-0.090921	0.230568	0.807322
0.0129049	0.369571	1.29404
0.0612143	0.30754	1.07684
0.164296	0.319225	1.11775
0.181867	0.336839	1.17942
0.575188	0.386861	1.35458
0.596924	0.391508	1.37084
0.743496	0.436983	1.53007
0.960159	0.4402	1.54134
0.958192	0.434271	1.52058
1.17994	0.454203	1.59037
1.20161	0.455899	1.59631
1.33196	0.491237	1.72004
1.46423	0.504766	1.76741
1.60099	0.518088	1.81406
1.66075	0.518365	1.81503
2.37667	0.585052	2.04853
-0.782653	0.21918	0.758335
-0.788452	0.221578	0.766632
-0.88124	0.2614	0.904414
-0.425309	0.140163	0.484946
-0.491133	0.187261	0.647901
-0.511197	0.251032	0.868541
-0.398941	0.241834	0.836715
-0.371387	0.245558	0.849599
-0.0523798	0.14871	0.514519
0.0109959	0.318687	1.10262
0.0259282	0.360467	1.24717
0.0657803	0.357102	1.23553
0.150874	0.380722	1.31725
0.172034	0.338275	1.17039
0.205797	0.38574	1.33461
0.196926	0.304939	1.05505
0.267124	0.352376	1.21918
0.280869	0.358701	1.24106
0.325033	0.368177	1.27385
0.376307	0.398126	1.37747
0.379017	0.354239	1.22562
0.456506	0.386142	1.336
0.492854	0.412534	1.42732
0.470266	0.37042	1.28161
0.626406	0.433738	1.50068
0.601504	0.402586	1.3929
0.726588	0.428993	1.48426
0.83753	0.431003	1.49122
0.880776	0.418344	1.44742
0.961522	0.438508	1.51718
0.954798	0.430542	1.48962
-0.738985	0.212376	0.726172
-0.699658	0.205441	0.70246
-0.55239	0.180494	0.61716
-0.416724	0.158515	0.542007
-0.382861	0.1528	0.522466
-1.10991	0.480818	1.64405
-1.09778	0.478116	1.63481
-0.508905	0.25601	0.875371
-0.507115	0.258315	0.88325
-0.483753	0.259449	0.887129
-0.444502	0.253482	0.866728
-0.418242	0.245409	0.839122
-0.0814917	0.297283	1.01649
0.110171	0.310649	1.0622
0.147488	0.35429	1.21142
0.161141	0.365441	1.24954
0.33314	0.366312	1.25252
0.471153	0.383053	1.30977
0.571164	0.393387	1.3451
0.818242	0.437307	1.49528
0.859933	0.43386	1.48349
0.897717	0.450123	1.5391
0.829308	0.408251	1.39592
0.824912	0.36213	1.23822
1.28492	0.480801	1.64399
1.26136	0.453167	1.54951
1.37637	0.48588	1.66136
1.53136	0.503351	1.7211
1.53583	0.496766	1.69858
1.8721	0.586813	2.00648
-0.654195	0.202406	0.684055
-0.727148	0.228422	0.77198
-0.626964	0.20158	0.681266
-0.486667	0.25727	0.869476
-0.209233	0.169608	0.573212
-0.315248	0.415688	1.40487
-0.165527	0.28758	0.971911
-0.129862	0.240917	0.814208
-0.0800317	0.260266	0.8796
-0.0762656	0.294739	0.996106
-0.00911672	0.334858	1.1317
0.235194	0.35242	1.19105
0.269425	0.336188	1.13619
0.421994	0.38153	1.28943
0.473222	0.370672	1.25273
0.722145	0.401047	1.35539
0.826727	0.4441	1.50089
0.918839	0.441553	1.49228
0.989135	0.436953	1.47674
1.11144	0.434808	1.46949
1.28543	0.47141	1.59319
1.39815	0.492923	1.66589
1.34174	0.467018	1.57835
-0.614573	0.202266	0.675744
-0.496233	0.177383	0.592615
-0.445045	0.160467	0.536101
-0.34997	0.130729	0.43675
-1.35416	0.606879	2.02751
-0.48816	0.257731	0.861049
-0.478539	0.255907	0.854955
-0.474037	0.256808	0.857965
-0.388558	0.253516	0.846965
-0.20995	0.172163	0.575177
-1.82401	1.55726	5.20261
-0.170585	0.287625	0.960921
-0.126198	0.231599	0.773744
0.0888585	0.373197	1.2468
0.14777	0.352847	1.17882
0.150802	0.35002	1.16937
0.261738	0.335486	1.12082
0.356504	0.39061	1.30498
0.374813	0.390077	1.3032
0.534266	0.415411	1.38784
0.527615	0.384998	1.28623
0.734254	0.415312	1.38751
0.889922	0.459527	1.53522
0.787786	0.389814	1.30232
0.993587	0.453781	1.51603
1.22272	0.503073	1.6807
1.1536	0.460928	1.5399
1.22801	0.476887	1.59322
1.35626	0.481632	1.60907
1.44815	0.505612	1.68919
1.50021	0.504685	1.68609
1.31157	0.435923	1.45637
1.53864	0.507334	1.69494
1.76127	0.565031	1.8877
1.92631	0.590588	1.97308
1.86914	0.566779	1.89354
2.23933	0.646	2.15821
-0.71819	0.231728	0.7654
-0.621117	0.218913	0.723073
-0.600517	0.212545	0.702039
-0.108239	0.333712	1.10225
-0.0684832	0.247491	0.817466
0.0945701	0.364824	1.20502
0.133468	0.352794	1.16528
0.218769	0.348127	1.14987
0.313224	0.38246	1.26327
0.53749	0.386507	1.27664
1.10582	0.531291	1.75486
0.993315	0.456347	1.50732
1.05933	0.471207	1.5564
1.14092	0.452377	1.49421
1.34513	0.461443	1.52415
1.40035	0.459725	1.51847
1.44321	0.464711	1.53494
1.75119	0.547096	1.80706
1.91638	0.583504	1.92732
-0.424454	0.181824	0.593834
-0.476255	0.207149	0.676545
-1.10723	0.513133	1.67589
-0.466965	0.265714	0.86782
-0.455724	0.26284	0.858433
-0.450791	0.265403	0.866802
-0.43049	0.262552	0.857493
-0.424933	0.261038	0.852547
-0.412377	0.258944	0.845708
-0.405796	0.260593	0.851092
-0.203386	0.264755	0.864686
-0.129397	0.330627	1.07982
-0.138031	0.415145	1.35586
-0.0589426	0.290426	0.948529
-0.050544	0.324317	1.05922
0.0158389	0.357165	1.1665
0.204076	0.322317	1.05269
0.387667	0.370861	1.21123
0.43919	0.385415	1.25876
0.446714	0.38408	1.2544
0.450403	0.35491	1.15913
0.724988	0.428226	1.39858
0.788545	0.441216	1.44101
0.781574	0.420684	1.37395
0.825852	0.425631	1.39011
0.863809	0.429552	1.40291
1.04752	0.473743	1.54724
1.09461	0.479711	1.56673
1.06429	0.46166	1.50778
1.20957	0.501615	1.63827
1.33559	0.487251	1.59136
1.67344	0.536719	1.75292
1.736	0.521339	1.70269
2.23444	0.661666	2.16099
2.05481	0.596006	1.94655
1.99514	0.574771	1.8772
-0.573059	0.21751	0.702512
-0.516028	0.202117	0.652797
-0.5843	0.232033	0.749418
-0.570587	0.244694	0.790309
-0.62963	0.337419	1.08979
-0.459953	0.266443	0.860554
-0.447727	0.264718	0.854982
-0.45389	0.272109	0.878854
-0.40996	0.260312	0.840753
-0.642867	0.556286	1.79669
-0.253856	0.324217	1.04715
-0.168956	0.496274	1.60286
-0.0499538	0.324123	1.04685
0.0166509	0.379684	1.2263
0.0812047	0.335793	1.08454
0.194253	0.372616	1.20347
0.539686	0.396884	1.28185
0.604956	0.388345	1.25427
0.782704	0.445793	1.43982
0.840533	0.440728	1.42346
0.928425	0.461453	1.4904
1.029	0.497058	1.60539
1.19945	0.46654	1.50683
1.33467	0.516796	1.66914
1.32641	0.481059	1.55372
1.41788	0.505688	1.63327
1.67623	0.541594	1.74923
1.80996	0.569795	1.84032
1.80817	0.558983	1.8054
2.43012	0.725148	2.34208
2.04862	0.592771	1.91452
-0.461845	0.19073	0.609264
-2.29245	1.09821	3.50811
-1.18455	0.570612	1.82275
-0.167175	0.27787	0.887625
-0.148557	0.412942	1.3191
0.0297859	0.333005	1.06375
0.070793	0.3666	1.17106
0.122678	0.397936	1.27116
0.136845	0.351866	1.12399
0.249574	0.388559	1.24121
0.258302	0.363083	1.15983
0.389033	0.380511	1.2155
0.734633	0.434582	1.38822
0.784564	0.431759	1.37921
0.932462	0.488385	1.56009
0.982966	0.464408	1.4835
1.28143	0.51803	1.65479
1.46868	0.516735	1.65065
-0.523777	0.221843	0.700968
-0.636762	0.342394	1.08188
-0.184936	0.343658	1.08587
-0.0412067	0.295633	0.934125
-0.0358791	0.341037	1.07759
0.186254	0.373535	1.18028
0.269164	0.364781	1.15261
0.263968	0.352299	1.11318
0.298362	0.38083	1.20333
0.359552	0.390746	1.23466
0.388842	0.380209	1.20136
0.50222	0.416783	1.31693
0.529637	0.388156	1.22648
0.644427	0.435887	1.37729
0.767269	0.424181	1.34031
1.04465	0.485745	1.53483
1.01523	0.443851	1.40246
1.11631	0.471598	1.49013
1.26851	0.476293	1.50497
1.72409	0.556833	1.75945
1.9959	0.580537	1.83435
2.15343	0.622231	1.96609
-0.595903	0.244509	0.764301
-0.567176	0.237108	0.741166
-1.5725	0.78279	2.44689
-0.67781	0.368418	1.15162
-0.208306	0.27086	0.846667
-0.165853	0.311538	0.973823
-0.0284707	0.349183	1.09149
0.0539027	0.347419	1.08598
0.108148	0.333571	1.04269
0.223163	0.375244	1.17296
0.217587	0.352508	1.10189
0.299519	0.386452	1.20799
0.65968	0.454546	1.42084
0.690675	0.444812	1.39042
0.753431	0.418412	1.3079
0.99559	0.488662	1.52749
1.0444	0.493511	1.54264
1.03811	0.485365	1.51718
1.09946	0.493259	1.54185
1.31166	0.493613	1.54296
1.70935	0.538254	1.6825
-0.618704	0.248542	0.768662
-0.0689904	0.166159	0.513878
-0.12425	0.335265	1.03687
-0.0625289	0.191809	0.593202
0.0669751	0.33807	1.04554
0.327773	0.368498	1.13964
0.374822	0.40127	1.241
0.480064	0.385184	1.19125
0.521228	0.390277	1.207
0.61359	0.448207	1.38616
0.650552	0.439414	1.35897
0.831362	0.472559	1.46147
0.872295	0.483565	1.49551
0.926561	0.486577	1.50483
1.15528	0.589431	1.82292
0.981239	0.476246	1.47288
1.21995	0.491102	1.51882
1.51614	0.557757	1.72496
1.77059	0.555631	1.71839
1.8082	0.563488	1.74269
1.97642	0.603332	1.86591
2.04014	0.596391	1.84445
1.82759	0.527381	1.63102
-0.382212	0.17652	0.540186
-1.20296	0.62572	1.91483
-0.189649	0.228454	0.699115
-0.225727	0.384287	1.176
-0.0152621	0.326666	0.999662
-0.0122378	0.342924	1.04941
0.00757201	0.38863	1.18929
0.0919403	0.366005	1.12005
0.181817	0.368088	1.12642
0.244952	0.384303	1.17604
0.293271	0.392213	1.20025
0.39896	0.394014	1.20576
0.414626	0.400752	1.22638
0.480745	0.423965	1.29742
0.723296	0.443614	1.35755
0.706729	0.427665	1.30874
0.854115	0.466965	1.42901
0.962474	0.487942	1.4932
1.06415	0.500308	1.53104
1.0729	0.477189	1.4603
1.23096	0.529306	1.61978
1.13865	0.471707	1.44352
1.26463	0.500997	1.53315
1.3266	0.518744	1.58746
1.20088	0.455816	1.39489
1.80438	0.560477	1.71517
-0.384829	0.180515	0.54667
-0.876762	0.46619	1.41181
-0.806617	0.441716	1.33769
-0.239025	0.220588	0.668029
-0.146769	0.15408	0.466616
-0.226911	0.272587	0.825501
-0.161908	0.313915	0.950659
-0.101186	0.608278	1.84211
0.0083454	0.432822	1.31076
0.0722705	0.352691	1.06809
0.134105	0.386622	1.17085
0.162327	0.347611	1.0527
0.216905	0.356207	1.07874
0.378385	0.408803	1.23802
0.53542	0.438719	1.32861
0.647505	0.42427	1.28486
0.714344	0.439749	1.33173
0.694571	0.421904	1.27769
0.924023	0.486989	1.4748
0.968674	0.499033	1.51127
1.05575	0.504185	1.52687
1.01217	0.466351	1.4123
1.10356	0.491162	1.48743
1.1765	0.50168	1.51929
1.34385	0.537974	1.6292
1.28623	0.503893	1.52599
1.34927	0.451355	1.36688
1.84151	0.611553	1.85202
1.89878	0.568703	1.72226
-0.611041	0.238333	0.714342
-0.604377	0.239776	0.718669
-0.235733	0.293838	0.880705
-0.181824	0.28891	0.865934
-0.0839159	0.233641	0.700281
-0.0726305	0.349409	1.04727
0.0864495	0.351375	1.05316
0.426131	0.476412	1.42792
0.599792	0.452079	1.35499
0.839809	0.502106	1.50494
0.93868	0.472654	1.41666
1.00259	0.496727	1.48881
0.992385	0.48646	1.45804
1.07538	0.474372	1.42181
1.21287	0.513009	1.53762
1.83731	0.657	1.96919
2.08529	0.613014	1.83735
-0.727622	0.260382	0.772483
-0.420666	0.221883	0.658268
-0.349143	0.319258	0.947153
-0.26879	0.301888	0.895623
-0.279489	0.325641	0.966091
-0.0965476	0.166419	0.49372
-0.123907	0.267918	0.79484
-0.150709	0.333587	0.989665
-0.0615275	0.237342	0.704131
-0.0639689	0.327957	0.97296
0.0267824	0.370055	1.09785
0.0557934	0.353233	1.04795
0.112078	0.37735	1.1195
0.196144	0.400653	1.18863
0.232205	0.382401	1.13448
0.276538	0.405416	1.20276
0.295144	0.395482	1.17329
0.398212	0.401293	1.19053
0.47754	0.430219	1.27635
0.512336	0.396593	1.17659
0.565817	0.401428	1.19093
0.637507	0.442222	1.31195
0.784427	0.456135	1.35323
0.864735	0.487666	1.44678
1.00902	0.479386	1.42221
1.07602	0.496091	1.47177
1.1706	0.452633	1.34284
1.30307	0.495655	1.47048
1.43401	0.510173	1.51355
1.74748	0.605563	1.79654
1.71326	0.552728	1.6398
1.79913	0.568655	1.68705
1.98499	0.619029	1.8365
1.97011	0.59074	1.75257
-0.479969	0.235785	0.692462
-0.442584	0.228099	0.669888
-0.439473	0.232849	0.68384
-0.452005	0.243589	0.715381
-0.210452	0.238772	0.701235
-0.252736	0.301223	0.884641
-0.272297	0.337308	0.990617
-0.180968	0.298594	0.87692
-0.141382	0.323794	0.950929
-0.125978	0.421358	1.23746
0.0241803	0.337503	0.991189
0.0899	0.3428	1.00675
0.199918	0.412519	1.2115
0.257699	0.394003	1.15712
0.298027	0.40341	1.18475
0.405549	0.408444	1.19953
0.424961	0.386748	1.13582
0.648924	0.451375	1.32561
0.631405	0.417655	1.22658
0.793349	0.463139	1.36016
0.929086	0.467276	1.37231
1.13925	0.510449	1.4991
1.17982	0.513995	1.50952
1.21477	0.521999	1.53302
1.48929	0.556411	1.63409
1.38317	0.512706	1.50573
1.81037	0.624484	1.834
1.82356	0.592258	1.73936
1.91127	0.60615	1.78016
1.90151	0.595064	1.7476
2.00953	0.597203	1.75389
-0.752366	0.257933	0.749949
-0.684246	0.243325	0.707475
-0.708011	0.252718	0.734786
-0.719482	0.262711	0.763841
-0.508765	0.257815	0.749604
-0.195826	0.31011	0.901656
-0.14061	0.341854	0.99395
0.327829	0.382441	1.11196
0.523126	0.427346	1.24252
0.53904	0.415441	1.20791
0.64653	0.428965	1.24723
0.71789	0.45723	1.32941
0.785877	0.466283	1.35573
0.973301	0.481622	1.40033
0.983069	0.476566	1.38563
1.03508	0.482177	1.40194
1.25156	0.512888	1.49124
1.34272	0.527577	1.53395
1.32105	0.512727	1.49077
1.20995	0.460242	1.33817
1.67439	0.540005	1.57008
1.85091	0.583134	1.69548
2.1078	0.626801	1.82244
-0.756618	0.25555	0.735678
-0.728427	0.257777	0.74209
-0.766218	0.28149	0.810357
-0.663458	0.270565	0.778903
-0.66641	0.282533	0.813357
-0.425332	0.239298	0.688891
-0.200154	0.314898	0.906531
-0.0862884	0.32943	0.948367
-0.0682071	0.324746	0.934882
-0.0424779	0.334494	0.962943
0.039539	0.353818	1.01857
0.0453961	0.342587	0.986243
0.0563223	0.344164	0.99078
0.116989	0.354802	1.02141
0.229595	0.411393	1.18432
0.239678	0.406763	1.17099
0.318602	0.421815	1.21432
0.367942	0.418176	1.20385
0.432484	0.421856	1.21444
0.444052	0.408333	1.17551
0.52645	0.438104	1.26122
0.736051	0.455236	1.31054
0.883273	0.498304	1.43452
0.928391	0.489369	1.4088
1.0349	0.5016	1.44401
1.01433	0.486734	1.40121
1.1037	0.495093	1.42528
1.28016	0.543858	1.56566
1.06896	0.425959	1.22625
1.59196	0.594988	1.71285
-0.257686	0.304866	0.869064
-0.233519	0.31452	0.896585
-0.0389731	0.337514	0.962132
0.0027624	0.350944	1.00042
0.227447	0.389819	1.11124
0.263256	0.36193	1.03173
0.445407	0.425819	1.21386
0.473544	0.39797	1.13447
0.550906	0.426172	1.21487
0.732225	0.460299	1.31215
0.917182	0.48558	1.38422
1.06406	0.498266	1.42038
1.07238	0.488068	1.39131
1.24809	0.547547	1.56086
1.30112	0.541512	1.54366
1.56526	0.540466	1.54068
1.73842	0.569916	1.62463
2.03709	0.617863	1.76131
-0.743311	0.256917	0.725283
-0.704517	0.270117	0.762549
-0.594606	0.287429	0.811419
-0.408358	0.248818	0.702421
-0.251069	0.215921	0.60955
-0.204033	0.20405	0.576038
-0.25253	0.287694	0.812168
-0.235761	0.316268	0.892834
-0.138799	0.230203	0.64987
-0.129956	0.325409	0.918638
-0.0852955	0.332074	0.937454
-0.13572	0.573871	1.62006
0.0422808	0.353037	0.996634
0.136251	0.43508	1.22824
0.255164	0.419436	1.18408
0.385027	0.407757	1.15111
0.443253	0.411722	1.1623
0.459593	0.418977	1.18279
0.61138	0.462859	1.30666
0.609	0.437459	1.23496
0.651642	0.439189	1.23984
0.742831	0.462567	1.30584
0.796659	0.492962	1.39164
0.96377	0.481195	1.35843
1.01032	0.470929	1.32945
1.53374	0.55855	1.5768
1.62319	0.580371	1.6384
1.85276	0.585711	1.65348
1.87938	0.588447	1.6612
-0.72786	0.27851	0.778697
-0.690102	0.276879	0.774137
-0.687819	0.278213	0.777869
-0.823597	0.345826	0.966908
-0.639622	0.281692	0.787594
-0.474836	0.278317	0.778159
-0.4741	0.279538	0.781571
-0.408057	0.25743	0.719759
-0.392354	0.250712	0.700976
-0.227674	0.208657	0.583394
-0.296451	0.31882	0.891403
-0.244992	0.366905	1.02585
-0.183682	0.318344	0.890071
-0.168128	0.385743	1.07852
-0.183404	0.502082	1.40379
-0.139133	0.682068	1.90702
-0.0126371	0.387583	1.08366
0.0183667	0.382279	1.06883
0.205691	0.436287	1.21983
0.3074	0.424886	1.18796
0.365628	0.43297	1.21056
0.375024	0.405381	1.13342
0.408556	0.418807	1.17096
0.514727	0.433554	1.21219
0.5358	0.443766	1.24075
0.632882	0.449166	1.25584
0.605175	0.42645	1.19233
0.679599	0.459317	1.28422
0.773127	0.465445	1.30136
0.80308	0.474833	1.3276
0.841897	0.483377	1.35149
0.844951	0.47685	1.33325
0.892263	0.468872	1.31094
0.965972	0.470239	1.31476
1.29959	0.568476	1.58943
1.29824	0.541616	1.51433
1.36455	0.557553	1.55889
1.31469	0.530624	1.48359
1.78843	0.610119	1.70586
1.73987	0.585496	1.63701
1.79092	0.590652	1.65143
1.92624	0.624894	1.74717
-0.716534	0.25246	0.699155
-0.754276	0.270516	0.74916
-0.701745	0.266974	0.73935
-0.724894	0.304721	0.843886
-0.665604	0.283366	0.784745
-0.61066	0.289513	0.801768
-0.614521	0.292729	0.810674
-0.650617	0.315934	0.874939
-0.347101	0.275366	0.762591
-0.402933	0.353239	0.97825
-0.252997	0.268868	0.744595
-0.274644	0.295003	0.816973
-0.335893	0.385608	1.06789
-0.22714	0.323875	0.896929
-0.190996	0.346297	0.959026
-0.145155	0.412571	1.14256
-0.0796806	0.329273	0.911878
-0.0649275	0.306214	0.84802
0.0136716	0.363577	1.00688
0.218749	0.379233	1.05024
0.245602	0.404767	1.12095
0.483008	0.417836	1.15714
0.698417	0.443337	1.22776
0.884108	0.471542	1.30588
0.965176	0.476698	1.32015
1.05696	0.51442	1.42462
1.14241	0.540252	1.49616
1.8651	0.589654	1.63297
1.92814	0.603863	1.67232
-0.510957	0.288206	0.790636
-0.446079	0.271288	0.744225
-0.353443	0.270219	0.741291
-0.36479	0.287593	0.788955
-0.244269	0.222009	0.609037
-0.227034	0.33152	0.909458
-0.24026	0.366724	1.00603
-0.166469	0.506394	1.38919
0.0211059	0.370071	1.01521
0.0314358	0.362555	0.994598
0.0931748	0.380352	1.04342
0.121872	0.387867	1.06403
0.134094	0.379037	1.03981
0.328502	0.450218	1.23508
0.448844	0.45944	1.26038
0.451091	0.423178	1.1609
0.504731	0.437003	1.19883
0.534537	0.436634	1.19782
0.639085	0.462272	1.26815
1.12136	0.511197	1.40237
1.42736	0.570893	1.56613
1.50049	0.570787	1.56584
1.44852	0.548953	1.50594
1.55048	0.578912	1.58813
1.5787	0.585125	1.60517
1.6225	0.562198	1.54228
1.45691	0.484879	1.33017
1.82506	0.603433	1.6554
-0.666198	0.27836	0.756502
-0.646359	0.2723	0.740034
-0.710743	0.30965	0.841541
-0.637316	0.281263	0.764391
-0.52518	0.295718	0.803676
-0.408026	0.288688	0.784572
-0.360079	0.308181	0.837548
-0.328163	0.290615	0.789808
-0.159691	0.311986	0.847889
-0.178193	0.369346	1.00378
-0.091472	0.355819	0.967015
-0.0538127	0.338269	0.91932
0.168326	0.392487	1.06667
0.18587	0.388958	1.05708
0.250355	0.388477	1.05577
0.273028	0.405176	1.10115
0.316105	0.431458	1.17258
0.346023	0.421548	1.14565
0.380053	0.441904	1.20097
0.364584	0.384489	1.04493
0.472545	0.427637	1.1622
0.521257	0.440471	1.19707
0.799529	0.48634	1.32173
0.981102	0.503712	1.36894
0.986847	0.484713	1.31731
1.43834	0.576144	1.5658
1.48861	0.533462	1.4498
1.84393	0.609432	1.65626
-0.669537	0.260992	0.702747
-0.379861	0.283042	0.762119
-0.426095	0.514912	1.38645
-0.179177	0.374849	1.00932
-0.118512	0.35657	0.960101
-0.109685	0.350488	0.943724
0.0587161	0.360723	0.971285
0.0729296	0.422824	1.1385
0.117729	0.381736	1.02786
0.125318	0.393945	1.06074
0.260573	0.401991	1.0824
0.298402	0.411092	1.10691
0.403007	0.424587	1.14324
0.438717	0.452943	1.2196
0.483403	0.430101	1.15809
0.504048	0.444628	1.19721
0.737718	0.528537	1.42314
0.805363	0.482943	1.30037
0.941397	0.505641	1.36149
0.909857	0.46913	1.26318
1.02554	0.503569	1.35591
1.11718	0.533311	1.43599
1.19605	0.536171	1.44369
1.18775	0.527855	1.4213
1.4186	0.582682	1.56893
1.39739	0.558385	1.50351
1.55598	0.612256	1.64856
1.40311	0.541755	1.45873
1.44668	0.50381	1.35656
-0.770138	0.297354	0.793325
-0.671132	0.271216	0.72359
-0.692764	0.286643	0.76475
-0.737617	0.311399	0.830798
-0.681056	0.300966	0.802962
-0.692753	0.30876	0.823757
-0.511885	0.285725	0.7623
-0.423147	0.272816	0.72786
-0.42492	0.300009	0.800409
-0.358873	0.307716	0.820972
-0.0522835	0.381827	1.01869
-0.0217153	0.362093	0.966046
0.0452953	0.342048	0.912567
0.166897	0.370984	0.989767
0.195598	0.385343	1.02808
0.426748	0.431677	1.15169
0.485847	0.421699	1.12507
0.54742	0.435173	1.16102
0.719487	0.48016	1.28104
0.793008	0.485582	1.29551
0.800898	0.470993	1.25659
1.19556	0.555409	1.4818
1.2544	0.543856	1.45098
1.36247	0.551601	1.47164
1.55863	0.587542	1.56753
-0.591821	0.302506	0.799749
-0.510725	0.286151	0.75651
-0.496609	0.287454	0.759954
-0.522751	0.307679	0.813425
-0.510223	0.305446	0.807522
-0.500423	0.301299	0.796558
-0.45016	0.287539	0.760181
-0.433327	0.30258	0.799945
-0.384718	0.289861	0.76632
-0.326843	0.302799	0.800524
-0.232115	0.341828	0.903708
-0.123648	0.280554	0.741713
-0.141265	0.327612	0.866122
-0.0401217	0.374654	0.990489
0.083	0.400035	1.05759
0.0969397	0.410623	1.08558
0.107111	0.404685	1.06989
0.13748	0.381888	1.00961
0.210847	0.396637	1.04861
0.221155	0.381795	1.00937
0.321643	0.42301	1.11833
0.371943	0.429881	1.1365
0.47436	0.453351	1.19854
0.49684	0.466339	1.23288
0.538194	0.459891	1.21584
0.612807	0.470045	1.24268
0.604683	0.460447	1.2173
0.664716	0.462516	1.22277
0.795024	0.509273	1.34639
0.874265	0.491065	1.29825
0.9149	0.505766	1.33712
1.01098	0.523047	1.3828
1.03328	0.526791	1.3927
1.13428	0.54392	1.43799
1.3054	0.573544	1.5163
1.4888	0.560261	1.48119
1.52476	0.555849	1.46952
2.90965	1.00815	2.6653
1.87124	0.617756	1.63319
-0.664901	0.29298	0.767601
-0.636477	0.297811	0.780257
-0.581787	0.29862	0.782378
-0.560571	0.290548	0.761229
-0.523842	0.29459	0.771818
-0.536286	0.318509	0.834485
-0.429529	0.298673	0.782516
-0.391267	0.29747	0.779364
-0.330365	0.311591	0.816361
-0.249921	0.310388	0.813209
-0.237273	0.342965	0.898561
-0.216218	0.356321	0.933553
-0.093164	0.337344	0.883833
0.0924343	0.4298	1.12607
0.0896787	0.399441	1.04653
0.105023	0.400396	1.04903
0.215643	0.402127	1.05356
0.367287	0.423683	1.11004
0.541641	0.470871	1.23367
0.495774	0.420634	1.10205
0.79621	0.517822	1.35668
0.910121	0.505027	1.32316
0.96901	0.5034	1.31889
1.15836	0.557954	1.46183
1.21432	0.566856	1.48515
1.3043	0.590626	1.54743
1.27415	0.542181	1.4205
1.34437	0.541582	1.41893
1.40058	0.509894	1.33591
-0.758886	0.28417	0.737884
-0.625033	0.285007	0.740057
-0.53786	0.31698	0.82308
-0.512211	0.308677	0.801521
-0.470089	0.303867	0.78903
0.0100589	0.38845	1.00866
0.213777	0.409446	1.06318
0.243268	0.420669	1.09232
0.288029	0.417047	1.08292
0.348228	0.423782	1.1004
0.567198	0.474158	1.23121
0.651823	0.458732	1.19116
0.692787	0.47811	1.24148
0.784095	0.484746	1.25871
0.831193	0.507982	1.31904
0.810755	0.484405	1.25782
1.51055	0.587187	1.52471
2.16299	0.750651	1.94916
-0.692323	0.272046	0.700165
-0.666206	0.282378	0.726754
-0.665937	0.297475	0.76561
-0.623765	0.285743	0.735417
-0.554225	0.301275	0.775391
-0.538654	0.298841	0.769126
-0.534702	0.299735	0.771426
-0.480928	0.30805	0.792827
-0.432143	0.298062	0.767122
-0.424492	0.335768	0.864165
-0.419588	0.347179	0.893534
-0.357086	0.35552	0.915
-0.303881	0.336776	0.866759
-0.252597	0.327026	0.841664
-0.241833	0.320798	0.825638
-0.137572	0.359524	0.925306
-0.0970543	0.324454	0.835047
-0.0732398	0.354961	0.913562
-0.0713975	0.380236	0.978611
0.0290594	0.403233	1.0378
0.118374	0.389308	1.00196
0.242537	0.403542	1.03859
0.382745	0.426229	1.09698
0.40657	0.430516	1.10802
0.575575	0.463674	1.19336
0.653297	0.48296	1.24299
0.706013	0.488424	1.25705
0.805115	0.477311	1.22845
0.844371	0.489805	1.26061
0.925757	0.517515	1.33193
0.972853	0.517021	1.33066
1.02321	0.520674	1.34006
1.0701	0.53444	1.37549
1.18536	0.558361	1.43705
1.15516	0.53942	1.3883
1.17523	0.530402	1.36509
1.29186	0.564137	1.45192
1.31257	0.559575	1.44018
1.38506	0.565857	1.45634
1.44661	0.573604	1.47628
1.42221	0.553743	1.42517
1.50308	0.57079	1.46904
-0.856026	0.363182	0.926537
-0.648169	0.298277	0.760954
-0.592373	0.288476	0.735949
-0.496527	0.317081	0.808926
-0.471894	0.31047	0.792059
-0.14028	0.361081	0.921178
-0.110873	0.362673	0.925237
0.245009	0.411255	1.04918
0.335391	0.430136	1.09735
0.353829	0.438271	1.1181
0.362543	0.39905	1.01804
0.576534	0.490552	1.25148
0.536277	0.435831	1.11188
0.554361	0.443892	1.13244
0.673962	0.499213	1.27357
0.712421	0.494038	1.26037
0.868395	0.505469	1.28953
0.94985	0.506756	1.29282
1.09037	0.551928	1.40806
1.1219	0.545046	1.3905
1.16804	0.552648	1.4099
1.21712	0.54956	1.40202
1.26262	0.558505	1.42484
1.43429	0.575862	1.46912
1.52842	0.579414	1.47818
-0.725851	0.300109	0.758982
-0.650662	0.280661	0.709798
-0.574412	0.288643	0.729984
-0.421585	0.334449	0.84583
-0.390714	0.316834	0.801282
-0.343826	0.345176	0.872957
-0.359788	0.367937	0.930521
-0.223639	0.301903	0.763521
-0.067001	0.363125	0.918351
-0.0452808	0.348852	0.882254
0.143932	0.417944	1.05699
0.173954	0.407911	1.03162
0.266762	0.431691	1.09176
0.285268	0.42409	1.07253
0.424061	0.456969	1.15569
0.466774	0.457992	1.15827
0.511734	0.457117	1.15606
0.650008	0.489017	1.23673
0.623541	0.450559	1.13947
0.687696	0.475007	1.2013
0.733057	0.484957	1.22647
0.763653	0.479182	1.21186
0.845464	0.501804	1.26907
0.862957	0.49349	1.24805
1.20393	0.543843	1.37539
1.39191	0.567934	1.43632
1.37981	0.506465	1.28086
-0.717724	0.285338	0.715418
-0.6864	0.309606	0.776263
-0.55592	0.292497	0.733368
-0.530262	0.380297	0.953504
-0.427001	0.332076	0.832603
-0.179534	0.366173	0.918091
-0.135484	0.381976	0.957715
-0.0386278	0.380338	0.953608
-0.0318058	0.427265	1.07127
0.0263584	0.375446	0.941341
0.273992	0.42828	1.07381
0.289495	0.428303	1.07387
0.369127	0.45486	1.14045
0.374069	0.446043	1.11835
0.441755	0.42952	1.07692
0.607548	0.487812	1.22307
0.790619	0.518199	1.29926
0.833961	0.521868	1.30846
0.883233	0.501621	1.2577
1.18603	0.556454	1.39518
1.24768	0.552565	1.38543
1.30306	0.559183	1.40202
1.4082	0.590553	1.48067
1.44185	0.57419	1.43965
1.64007	0.628248	1.57518
-0.687878	0.310411	0.771642
-0.479342	0.308707	0.767406
-0.452672	0.327444	0.813984
-0.508979	0.370577	0.921207
-0.392326	0.318947	0.792862
-0.348676	0.352891	0.877242
-0.304188	0.322492	0.801675
-0.306301	0.35145	0.87366
-0.336568	0.390191	0.969966
-0.276233	0.388953	0.966889
-0.13317	0.388586	0.965976
-0.11856	0.365052	0.907473
0.142963	0.422337	1.04988
0.261358	0.430289	1.06964
0.444811	0.440081	1.09399
0.467946	0.454902	1.13083
0.569914	0.468332	1.16421
0.575904	0.45971	1.14278
0.751958	0.512276	1.27345
0.786454	0.523003	1.30012
0.737205	0.465291	1.15665
0.874803	0.522573	1.29905
0.885436	0.509817	1.26734
0.986667	0.514952	1.2801
1.07829	0.549906	1.367
1.13816	0.557506	1.38589
1.24156	0.556816	1.38417
1.30155	0.559001	1.38961
1.40539	0.566522	1.4083
1.38945	0.554093	1.37741
1.46357	0.561572	1.396
1.67157	0.632677	1.57275
1.79641	0.626769	1.55807
-0.714257	0.295213	0.727654
-0.787606	0.329156	0.811319
-0.676391	0.310342	0.764944
-0.671475	0.315813	0.77843
-0.501184	0.311158	0.766956
-0.493288	0.307954	0.75906
-0.416381	0.296083	0.729799
-0.368788	0.318622	0.785354
-0.257662	0.370576	0.913413
0.0402645	0.385057	0.949106
0.0778971	0.385001	0.948969
0.184902	0.435559	1.07359
0.271755	0.432093	1.06504
0.278865	0.414137	1.02078
0.318989	0.404347	0.996652
0.35475	0.439768	1.08396
0.396055	0.437902	1.07936
0.586608	0.462325	1.13956
0.655999	0.480028	1.1832
0.937504	0.53884	1.32816
1.18459	0.593008	1.46167
1.16189	0.552167	1.36101
1.35959	0.571317	1.40821
1.55499	0.616581	1.51978
1.37641	0.53447	1.31739
1.58187	0.599765	1.47833
-0.777059	0.321524	0.78586
-0.696674	0.306124	0.74822
-0.471926	0.35644	0.871201
-0.420185	0.335211	0.819313
-0.383381	0.336615	0.822746
-0.40782	0.36951	0.903147
-0.440643	0.433897	1.06052
-0.2451	0.379762	0.928203
-0.184288	0.400335	0.978487
0.0816722	0.389945	0.953092
0.215073	0.4539	1.10941
0.229652	0.459055	1.12201
0.392163	0.45986	1.12398
0.380838	0.433152	1.0587
0.497768	0.467697	1.14313
0.493107	0.448463	1.09612
0.517617	0.452616	1.10627
0.611369	0.472672	1.15529
0.642459	0.486759	1.18972
0.725446	0.515232	1.25932
0.842839	0.529066	1.29313
0.858896	0.513575	1.25527
0.941823	0.537662	1.31414
1.05242	0.538485	1.31615
1.12475	0.523558	1.27966
1.20444	0.553837	1.35367
1.24002	0.558873	1.36598
1.34343	0.598349	1.46247
1.42647	0.600009	1.46653
1.47637	0.549679	1.34351
-0.728845	0.297593	0.721319
-0.408486	0.297261	0.720515
-0.4155	0.327349	0.793442
-0.438284	0.347694	0.842754
-0.380794	0.374856	0.908592
-0.342879	0.416333	1.00913
-0.268263	0.360127	0.872891
-0.175903	0.392847	0.952198
-0.163614	0.388128	0.94076
0.0631011	0.33172	0.804037
0.0815881	0.37695	0.913668
0.306973	0.440344	1.06732
0.452623	0.436068	1.05696
0.525636	0.456448	1.10636
0.582702	0.480477	1.1646
0.579574	0.464509	1.1259
0.867021	0.52835	1.28064
1.20891	0.562837	1.36423
1.33971	0.604069	1.46417
1.32617	0.548272	1.32893
1.47372	0.581938	1.41053
1.57822	0.59059	1.4315
-0.663433	0.283245	0.680879
-0.639957	0.299853	0.720801
-0.44689	0.336474	0.808831
-0.387945	0.351781	0.845627
-0.41852	0.38867	0.934303
-0.355125	0.343626	0.826025
-0.327085	0.336234	0.808256
-0.299466	0.355333	0.854166
-0.199453	0.347427	0.835162
0.153827	0.435356	1.04653
0.173084	0.378452	0.909741
0.206992	0.444175	1.06773
0.324041	0.45723	1.09911
0.359478	0.483576	1.16244
0.679635	0.493884	1.18722
0.77721	0.522045	1.25492
0.83564	0.539314	1.29643
0.836447	0.503238	1.20971
1.01743	0.541526	1.30175
1.03022	0.535973	1.2884
1.06963	0.549045	1.31982
1.20532	0.556769	1.33839
1.27687	0.578246	1.39001
1.28296	0.561179	1.34899
1.48612	0.606363	1.4576
-0.662614	0.288431	0.687672
-0.553192	0.340056	0.810755
-0.513994	0.324536	0.773751
-0.522337	0.348732	0.831439
-0.435654	0.328575	0.783382
-0.437574	0.343382	0.818684
-0.370501	0.355499	0.847574
-0.253705	0.35036	0.835322
-0.220494	0.345514	0.823768
-0.243066	0.402578	0.959818
-0.224213	0.387921	0.924874
0.107771	0.407483	0.971512
0.232784	0.460789	1.0986
0.36063	0.462182	1.10193
0.405087	0.454118	1.0827
0.473756	0.452589	1.07905
0.494342	0.468408	1.11677
0.59836	0.467879	1.11551
0.755745	0.486332	1.1595
0.903868	0.52633	1.25487
0.972974	0.539561	1.28641
0.980085	0.530851	1.26565
1.13556	0.557912	1.33016
1.27172	0.562984	1.34225
1.38612	0.595501	1.41978
1.50882	0.625127	1.49042
1.53871	0.6093	1.45268
-0.632044	0.301031	0.711888
-0.590267	0.308717	0.730062
-0.39069	0.374846	0.886448
-0.243952	0.33177	0.78458
-0.215193	0.34461	0.814944
-0.215629	0.370611	0.876432
-0.160036	0.405945	0.959992
-0.104683	0.434824	1.02829
-0.00383944	0.364828	0.862756
-0.000754821	0.377968	0.89383
0.0748532	0.444129	1.05029
0.115888	0.441757	1.04468
0.134504	0.406912	0.962278
0.344735	0.440572	1.04188
0.458648	0.464635	1.09878
0.497545	0.499723	1.18176
0.479736	0.450941	1.0664
0.513318	0.478671	1.13198
0.63995	0.481823	1.13943
0.712497	0.489322	1.15716
0.755366	0.487369	1.15255
0.893489	0.52193	1.23428
1.01197	0.547508	1.29476
1.15218	0.556603	1.31627
1.1747	0.551578	1.30439
1.27433	0.566598	1.33991
1.35521	0.584824	1.38301
1.38751	0.596568	1.41078
1.48484	0.618022	1.46152
1.47617	0.593354	1.40318
1.44046	0.569247	1.34617
1.61124	0.611989	1.44725
-0.63121	0.310643	0.728705
-0.521079	0.318818	0.747881
-0.516163	0.32768	0.76867
-0.41474	0.349659	0.820228
-0.352611	0.330249	0.774697
-0.326185	0.320745	0.752402
-0.333335	0.360782	0.846321
-0.284436	0.381128	0.894048
-0.210818	0.345054	0.809426
-0.206971	0.369446	0.866644
0.11265	0.406476	0.953509
0.171085	0.43252	1.0146
0.355534	0.443561	1.0405
0.399188	0.454828	1.06693
0.411178	0.446952	1.04846
0.522245	0.475814	1.11616
0.641009	0.477343	1.11975
0.768924	0.523169	1.22725
0.847792	0.539569	1.26572
0.938165	0.531304	1.24633
0.970452	0.541803	1.27096
1.00622	0.526936	1.23608
1.14964	0.562197	1.3188
1.19786	0.553717	1.29891
1.54171	0.629042	1.4756
1.72367	0.645374	1.51391
-0.695798	0.306865	0.714095
-0.609848	0.298815	0.695361
-0.55972	0.334821	0.779149
-0.46729	0.317814	0.739572
-0.416149	0.332342	0.773381
-0.399009	0.373753	0.869745
-0.323524	0.356244	0.829002
-0.0991185	0.45029	1.04785
0.198378	0.439736	1.02329
0.252456	0.443998	1.03321
0.36034	0.448443	1.04355
0.417623	0.44935	1.04566
0.461329	0.455274	1.05945
0.521553	0.468185	1.08949
0.61684	0.504338	1.17363
0.640698	0.506473	1.17859
0.662708	0.517013	1.20312
0.655834	0.477283	1.11067
0.798095	0.517601	1.20449
0.821219	0.518491	1.20656
0.845545	0.514761	1.19788
0.886848	0.496767	1.15601
1.12455	0.588433	1.36932
1.20777	0.583316	1.35741
1.20983	0.568193	1.32222
1.19565	0.546461	1.27165
1.34124	0.596976	1.3892
1.4564	0.609535	1.41842
-0.720878	0.307931	0.710897
-0.609255	0.29604	0.683445
-0.395601	0.364915	0.842452
-0.370944	0.344818	0.796056
-0.314297	0.339438	0.783636
-0.13854	0.367932	0.849418
0.0159319	0.4016	0.927144
0.0600698	0.365091	0.842859
0.177196	0.427743	0.987499
0.207727	0.439609	1.01489
0.241493	0.441128	1.0184
0.253017	0.442016	1.02045
0.448008	0.477275	1.10185
0.453073	0.458286	1.05801
0.586703	0.49369	1.13974
0.63785	0.501593	1.15799
0.74488	0.517951	1.19575
0.791757	0.51479	1.18846
0.822119	0.515019	1.18899
0.845532	0.500951	1.15651
0.969041	0.542046	1.25138
0.949776	0.528808	1.22082
1.03374	0.562523	1.29865
1.08327	0.568859	1.31328
1.151	0.564915	1.30418
1.28252	0.581917	1.34343
1.44561	0.611999	1.41288
-0.709684	0.307739	0.704871
-0.592402	0.307547	0.70443
-0.461024	0.31856	0.729655
-0.454906	0.33952	0.777664
-0.418904	0.328867	0.753263
-0.362845	0.348041	0.797181
-0.262362	0.348201	0.797548
-0.269767	0.370202	0.84794
-0.0236808	0.396362	0.907859
0.0668692	0.38991	0.893081
0.0816995	0.41625	0.953411
0.197741	0.429355	0.983429
0.267913	0.445813	1.02113
0.273981	0.432154	0.98984
0.360379	0.437386	1.00182
0.447142	0.475905	1.09005
0.480098	0.47741	1.0935
0.481553	0.456369	1.0453
0.756805	0.556165	1.27389
0.880934	0.520922	1.19316
1.08909	0.564118	1.2921
1.15689	0.569977	1.30552
1.25505	0.580546	1.32973
1.38285	0.604992	1.38572
1.42661	0.617444	1.41424
1.50287	0.621568	1.42369
1.56256	0.635402	1.45538
1.66507	0.638491	1.46245
-0.644449	0.324668	0.737846
-0.629729	0.333788	0.758572
-0.603417	0.3284	0.746327
-0.591805	0.324978	0.738551
-0.58533	0.338161	0.768511
-0.567242	0.335656	0.762817
-0.543335	0.326255	0.741453
-0.537574	0.332616	0.755909
-0.541795	0.338662	0.769649
-0.458185	0.320919	0.729325
-0.47784	0.342549	0.778483
-0.423822	0.326867	0.742842
-0.310047	0.356164	0.809423
-0.271262	0.37948	0.862413
-0.205858	0.37365	0.849164
-0.210769	0.394293	0.896077
-0.162946	0.412265	0.93692
0.0221501	0.399526	0.907969
0.334655	0.45496	1.03395
0.398864	0.473656	1.07644
0.490148	0.483296	1.09835
0.584858	0.510666	1.16055
0.58848	0.492678	1.11967
0.810765	0.532619	1.21044
0.828796	0.516652	1.17415
0.844558	0.521153	1.18438
0.921875	0.538889	1.22469
1.06635	0.547315	1.24384
1.14352	0.57961	1.31723
1.05866	0.519342	1.18026
1.54139	0.605293	1.3756
1.62026	0.634227	1.44135
1.60917	0.614126	1.39567
1.66348	0.632872	1.43827
-0.687744	0.314165	0.708451
-0.62585	0.30516	0.688144
-0.68898	0.348372	0.785589
-0.565575	0.300815	0.678346
-0.6069	0.335867	0.75739
-0.543732	0.359076	0.809727
-0.514024	0.345015	0.778019
-0.43734	0.32951	0.743055
-0.422536	0.326353	0.735937
-0.15858	0.412908	0.93112
-0.0267197	0.39909	0.89996
-0.0172867	0.406183	0.915954
0.282337	0.452336	1.02003
0.332198	0.465514	1.04975
0.487082	0.476322	1.07412
0.599279	0.516257	1.16417
0.620484	0.50954	1.14903
0.678398	0.509474	1.14888
0.697407	0.517431	1.16682
0.7959	0.526931	1.18825
0.84509	0.528219	1.19115
0.847285	0.524263	1.18223
0.967453	0.551453	1.24354
0.951718	0.520762	1.17433
1.19997	0.588522	1.32714
1.2356	0.594152	1.33983
1.28682	0.580217	1.30841
1.38314	0.60804	1.37115
1.43266	0.623128	1.40517
1.71322	0.658934	1.48592
-0.670409	0.326824	0.731339
-0.613461	0.320493	0.717171
-0.632713	0.33622	0.752364
-0.585789	0.340481	0.7619
-0.48299	0.305051	0.682616
-0.536191	0.340386	0.761687
-0.54205	0.358809	0.802911
-0.458654	0.326258	0.730071
-0.464498	0.346316	0.774955
-0.323016	0.380431	0.851296
-0.250951	0.348552	0.779958
0.0861744	0.414518	0.927572
0.137784	0.429435	0.960952
0.192462	0.435556	0.974649
0.199678	0.435967	0.975568
0.239168	0.431062	0.964592
0.324052	0.447417	1.00119
0.390291	0.470706	1.0533
0.590079	0.508702	1.13833
0.678991	0.530049	1.1861
0.681137	0.503199	1.12602
0.754581	0.526098	1.17726
0.887364	0.529343	1.18452
0.888327	0.517464	1.15794
1.03247	0.5474	1.22492
1.25213	0.583928	1.30666
1.37903	0.589843	1.3199
1.46247	0.623381	1.39495
1.46718	0.608643	1.36197
1.5172	0.625208	1.39903
1.54224	0.615074	1.37636
1.71479	0.662568	1.48264
-0.651289	0.288201	0.639996
-0.627464	0.316965	0.703871
-0.597369	0.313163	0.695427
-0.601298	0.345694	0.76767
-0.531306	0.317134	0.704247
-0.471801	0.334349	0.742475
-0.418352	0.354866	0.788037
-0.324804	0.381846	0.847951
-0.277032	0.396619	0.880756
-0.204665	0.374604	0.831869
-0.189795	0.3871	0.859617
-0.167504	0.378746	0.841065
-0.131573	0.453503	1.00708
-0.0852126	0.376929	0.837031
-0.0654388	0.351754	0.781125
-0.0614851	0.399233	0.88656
-0.00757638	0.423517	0.940486
0.0207127	0.382341	0.849049
0.0577078	0.429875	0.954606
0.0925684	0.416374	0.924626
0.214313	0.440475	0.978145
0.229153	0.422325	0.93784
0.311721	0.453924	1.00801
0.520606	0.497217	1.10415
0.640485	0.513532	1.14038
0.822613	0.501729	1.11417
1.08705	0.561546	1.247
1.19934	0.592591	1.31594
1.24878	0.602712	1.33842
1.39012	0.625033	1.38799
1.59229	0.635821	1.41194
-0.692543	0.323702	0.713394
-0.581655	0.338508	0.746026
-0.526883	0.315383	0.695062
-0.536323	0.335392	0.739159
-0.374684	0.370586	0.816721
-0.259532	0.307436	0.677546
-0.197493	0.369649	0.814656
-0.195689	0.383379	0.844916
-0.19484	0.393984	0.868286
-0.16145	0.421221	0.928314
-0.103398	0.323405	0.712741
-0.0253943	0.388099	0.855317
-0.0132564	0.393984	0.868288
0.0205513	0.448548	0.988539
0.201289	0.438509	0.966414
0.213776	0.435552	0.959897
0.219049	0.406779	0.896487
0.333404	0.44746	0.986141
0.394334	0.464793	1.02434
0.408636	0.477181	1.05164
0.603749	0.528481	1.1647
0.623321	0.497195	1.09575
0.661861	0.524612	1.15617
0.721256	0.513475	1.13163
0.804496	0.527936	1.1635
0.874824	0.532439	1.17342
1.12081	0.580994	1.28043
1.18592	0.588098	1.29609
1.197	0.591262	1.30306
1.20903	0.585709	1.29082
1.26547	0.594737	1.31072
1.24065	0.578752	1.27549
1.44845	0.622602	1.37213
1.48124	0.623911	1.37502
-0.700577	0.314736	0.688429
-0.616533	0.31619	0.691609
-0.611049	0.31465	0.688241
-0.588156	0.315682	0.690498
-0.491307	0.29491	0.645062
-0.484902	0.333721	0.729956
-0.507798	0.351386	0.768595
-0.446646	0.32318	0.706899
-0.248524	0.299441	0.654973
-0.204575	0.359095	0.785457
-0.128702	0.42681	0.93357
-0.0686275	0.409791	0.896345
-0.00974474	0.382034	0.835632
0.018644	0.496026	1.08497
0.0364304	0.42906	0.938493
0.0620597	0.44292	0.96881
0.0891276	0.422214	0.923517
0.224106	0.445622	0.974718
0.286917	0.439548	0.961432
0.452264	0.508528	1.11231
0.42737	0.460135	1.00646
0.453422	0.476057	1.04129
0.443889	0.458456	1.00279
0.50305	0.491532	1.07514
0.53003	0.506191	1.1072
0.792026	0.510376	1.11636
0.885399	0.54559	1.19338
1.00527	0.577365	1.26288
1.4937	0.617388	1.35043
1.51185	0.612899	1.34061
-0.650862	0.3043	0.660644
-0.579256	0.318634	0.691764
-0.557526	0.314815	0.683471
-0.559111	0.321392	0.697751
-0.550855	0.392613	0.852373
-0.320116	0.351821	0.763813
-0.333098	0.379136	0.823114
-0.312611	0.359017	0.779434
-0.2309	0.397344	0.862645
-0.171953	0.390623	0.848053
-0.164283	0.386962	0.840104
-0.164015	0.408951	0.887843
-0.104692	0.402418	0.87366
-0.0502626	0.451086	0.979319
-0.0422805	0.441482	0.958469
0.0445429	0.413357	0.897408
0.104792	0.408559	0.886993
0.434364	0.487742	1.0589
0.479838	0.487394	1.05815
0.678127	0.50142	1.0886
0.861592	0.542819	1.17847
0.928536	0.557501	1.21035
0.996158	0.573828	1.2458
1.03512	0.578024	1.2549
1.00276	0.547981	1.18968
1.07198	0.557201	1.2097
1.26562	0.612963	1.33076
1.30028	0.608969	1.32209
1.32616	0.605549	1.31466
1.36317	0.605144	1.31378
1.44173	0.59649	1.295
1.55276	0.622272	1.35097
-0.687471	0.321457	0.692731
-0.702325	0.335722	0.723471
-0.646031	0.32448	0.699245
-0.603455	0.314129	0.676939
-0.569943	0.322797	0.695618
-0.557991	0.32169	0.693233
-0.579902	0.346749	0.747233
-0.463066	0.354242	0.763381
-0.359284	0.366296	0.789357
-0.297457	0.381926	0.82304
-0.239696	0.361925	0.779939
-0.252344	0.394922	0.851046
-0.0587756	0.393273	0.847492
-0.0286484	0.399274	0.860425
-0.00369307	0.385093	0.829865
0.00911808	0.424282	0.914315
0.0286497	0.420632	0.906449
0.0437964	0.409457	0.882369
0.19931	0.408674	0.880681
0.291404	0.453124	0.976468
0.358648	0.46734	1.0071
0.383941	0.485551	1.04635
0.445998	0.509011	1.0969
0.486255	0.505633	1.08962
0.566626	0.471187	1.01539
0.69797	0.511062	1.10132
0.736338	0.510133	1.09932
0.771413	0.515026	1.10986
0.775627	0.507312	1.09324
0.817818	0.532203	1.14688
0.894282	0.564827	1.21718
0.930066	0.565236	1.21807
1.02702	0.575259	1.23967
1.04274	0.569205	1.22662
1.08723	0.571665	1.23192
1.17082	0.608164	1.31058
1.27935	0.60585	1.30559
1.32276	0.617324	1.33032
1.3038	0.601927	1.29714
1.37298	0.616182	1.32786
1.44676	0.629533	1.35663
1.51357	0.622808	1.34213
1.52975	0.615687	1.32679
1.56026	0.62601	1.34903
-0.664552	0.304197	0.650724
-0.581107	0.317578	0.679348
-0.606686	0.335803	0.718334
-0.600353	0.336609	0.720058
-0.560205	0.366387	0.783757
-0.474506	0.332118	0.71045
-0.426946	0.347623	0.743618
-0.353571	0.360283	0.7707
-0.342067	0.365811	0.782526
-0.319659	0.350522	0.749819
0.00557711	0.409489	0.87596
0.0541669	0.418872	0.896031
0.117574	0.426201	0.911707
0.146547	0.415154	0.888076
0.255448	0.455142	0.973617
0.308479	0.46632	0.997528
0.478527	0.493305	1.05525
0.498479	0.501901	1.07364
0.50364	0.491819	1.05208
0.53104	0.507118	1.0848
0.572309	0.502144	1.07416
0.593491	0.507005	1.08456
0.722154	0.523741	1.12036
0.950297	0.555567	1.18844
1.04479	0.586989	1.25566
1.03859	0.561603	1.20135
1.18665	0.585499	1.25247
1.28273	0.609702	1.30425
1.3608	0.613096	1.3115
1.43635	0.617107	1.32009
1.48792	0.628845	1.3452
-0.671756	0.315318	0.669598
-0.617707	0.316076	0.671207
-0.508616	0.34918	0.741506
-0.500796	0.356946	0.757997
-0.429608	0.366155	0.777552
-0.426241	0.370539	0.786864
-0.418693	0.371394	0.788679
-0.239715	0.390196	0.828606
-0.204422	0.364554	0.774153
-0.156806	0.364174	0.773347
-0.0984343	0.386821	0.821438
0.0579882	0.403572	0.85701
0.0987305	0.419113	0.890013
0.162154	0.443362	0.941506
0.440049	0.488012	1.03632
0.583375	0.486009	1.03207
0.614244	0.50528	1.07299
0.686427	0.5312	1.12804
0.730215	0.530508	1.12657
0.758975	0.522345	1.10923
0.843292	0.512815	1.08899
0.96343	0.559807	1.18878
1.2617	0.62236	1.32162
1.25454	0.611897	1.2994
1.392	0.623091	1.32317
1.42122	0.621268	1.3193
1.52179	0.627428	1.33238
-0.639218	0.314672	0.663391
-0.66496	0.34007	0.716935
-0.581814	0.307099	0.647425
-0.602284	0.332582	0.701148
-0.473941	0.336593	0.709605
-0.424136	0.364125	0.767648
-0.425444	0.377568	0.795988
-0.344561	0.373889	0.788232
-0.332363	0.363652	0.76665
-0.243598	0.404448	0.852658
-0.148939	0.423786	0.893425
0.0978997	0.432679	0.912173
0.236405	0.458932	0.96752
0.281865	0.459108	0.96789
0.403159	0.49215	1.03755
0.443654	0.491422	1.03602
0.48431	0.494794	1.04312
0.546791	0.514661	1.08501
0.674324	0.53515	1.1282
0.753761	0.528103	1.11335
0.776791	0.527386	1.11183
0.82728	0.536734	1.13154
0.82919	0.510291	1.07579
0.957266	0.560279	1.18118
1.19707	0.592546	1.2492
1.24835	0.615613	1.29784
1.24609	0.598785	1.26236
1.27314	0.607347	1.28041
1.27452	0.59506	1.2545
1.31443	0.605101	1.27567
1.37951	0.624143	1.31582
1.37257	0.610502	1.28706
1.46841	0.629711	1.32756
-0.673025	0.313753	0.656702
-0.588694	0.311728	0.652463
-0.636545	0.36009	0.753689
-0.560161	0.32521	0.680683
-0.516585	0.35982	0.753124
-0.496434	0.347611	0.72757
-0.435974	0.337367	0.706128
-0.504848	0.397629	0.83226
-0.439933	0.366086	0.766238
-0.412181	0.378662	0.792561
-0.187193	0.29101	0.6091
-0.161646	0.387783	0.811651
-0.145287	0.425591	0.890787
-0.0976015	0.42775	0.895304
-0.0548971	0.422075	0.883427
0.0114995	0.404628	0.84691
0.242182	0.466661	0.976747
0.319323	0.461085	0.965077
0.46856	0.471188	0.986224
0.681102	0.534761	1.11928
0.765518	0.534527	1.1188
0.786368	0.534989	1.11976
0.938058	0.55548	1.16265
1.00768	0.573633	1.20065
1.42062	0.601853	1.25971
-0.64714	0.311524	0.647388
-0.650471	0.320055	0.665115
-0.673621	0.332671	0.691334
-0.571259	0.324095	0.673512
-0.560956	0.325162	0.675729
-0.55352	0.327974	0.681572
-0.460656	0.420406	0.873657
-0.279048	0.383001	0.795926
-0.210356	0.373147	0.775448
-0.157871	0.411227	0.854583
-0.109792	0.415858	0.864208
-0.0720696	0.432584	0.898966
0.0270676	0.412097	0.856391
0.175341	0.452044	0.939406
0.181262	0.449926	0.935004
0.303563	0.477935	0.993212
0.348239	0.480282	0.998088
0.559326	0.508605	1.05695
0.694106	0.527026	1.09523
0.742095	0.547878	1.13856
0.783138	0.528479	1.09825
0.832579	0.545299	1.1332
0.907783	0.558897	1.16146
1.05264	0.581066	1.20753
1.07107	0.58639	1.21859
1.15671	0.610728	1.26917
1.15702	0.587643	1.2212
1.37523	0.612257	1.27235
1.50412	0.648023	1.34668
1.54704	0.647694	1.34599
-0.63899	0.328769	0.678386
-0.587855	0.33166	0.684352
-0.588469	0.333406	0.687954
-0.572352	0.352506	0.727367
-0.434645	0.335295	0.691853
-0.43486	0.345373	0.712648
-0.418805	0.360298	0.743445
-0.405438	0.362729	0.748461
-0.419954	0.383371	0.791054
-0.323595	0.358759	0.740269
-0.161169	0.422813	0.872438
-0.117169	0.434631	0.896823
-0.072563	0.419772	0.866165
0.176706	0.450117	0.928779
0.214657	0.432132	0.891668
0.254532	0.483442	0.997542
0.342987	0.486466	1.00378
0.393099	0.485776	1.00236
0.474383	0.483897	0.998481
0.521124	0.487205	1.00531
0.544136	0.498321	1.02824
0.658256	0.530536	1.09471
0.747422	0.51846	1.0698
0.868365	0.545998	1.12662
0.904129	0.560617	1.15679
1.0574	0.605384	1.24916
1.05182	0.597105	1.23208
1.14189	0.624493	1.28859
1.16652	0.622764	1.28502
1.4284	0.63622	1.31278
-0.650529	0.313105	0.641522
-0.628269	0.317046	0.649598
-0.571231	0.330105	0.676355
-0.553377	0.332566	0.681396
-0.582476	0.358001	0.73351
-0.405015	0.34002	0.69667
-0.337343	0.382967	0.784664
-0.0393419	0.402391	0.824462
0.195464	0.466091	0.954976
0.39223	0.47082	0.964665
0.499183	0.516722	1.05871
0.674902	0.519753	1.06493
0.781113	0.53463	1.09541
0.979639	0.553057	1.13316
1.06659	0.592263	1.21349
1.17374	0.606946	1.24357
1.207	0.619412	1.26912
1.32926	0.627442	1.28557
1.41964	0.634693	1.30043
1.42232	0.61952	1.26934
1.4767	0.63302	1.297
-0.651077	0.320125	0.651326
-0.674984	0.334291	0.680149
-0.673665	0.33608	0.683788
-0.525341	0.354095	0.720443
-0.510288	0.345658	0.703277
-0.480602	0.355589	0.723483
-0.481074	0.365868	0.744396
-0.409737	0.355215	0.722721
-0.389227	0.373021	0.758949
-0.276499	0.376021	0.765052
-0.280374	0.393055	0.79971
-0.272313	0.398132	0.81004
-0.212864	0.357188	0.726735
-0.220068	0.415287	0.844943
-0.148946	0.388693	0.790835
-0.112647	0.39137	0.796281
-0.0847147	0.424012	0.862695
-0.0535902	0.40062	0.815102
-0.0313025	0.416926	0.848277
0.0372677	0.431764	0.878467
0.0800003	0.440325	0.895886
0.0922277	0.452778	0.921222
0.169687	0.422351	0.859315
0.241494	0.452391	0.920435
0.293808	0.478114	0.972771
0.31933	0.495961	1.00908
0.394346	0.464335	0.944736
0.480029	0.471541	0.959397
0.64184	0.521504	1.06105
0.716813	0.549657	1.11833
0.750088	0.519633	1.05725
0.803152	0.537279	1.09315
0.919284	0.555042	1.12929
1.11973	0.596768	1.21419
1.22199	0.612927	1.24706
1.11807	0.558745	1.13682
1.26852	0.615867	1.25304
1.30146	0.616491	1.25431
1.3259	0.621586	1.26468
1.32866	0.612352	1.24589
1.43593	0.623825	1.26923
1.49139	0.635758	1.29351
-0.671442	0.327715	0.662146
-0.575504	0.330203	0.667173
-0.579618	0.338218	0.683367
-0.557619	0.332448	0.671709
-0.484253	0.342217	0.691448
-0.508753	0.365171	0.737826
-0.432022	0.356731	0.720773
-0.443749	0.368632	0.744818
-0.39065	0.379667	0.767115
-0.301976	0.350578	0.70834
-0.293961	0.387111	0.782155
-0.259357	0.369934	0.747449
-0.146904	0.409566	0.827525
-0.0957713	0.407825	0.824008
-0.0847709	0.398026	0.804209
-0.0293654	0.393856	0.795785
-0.0281354	0.418224	0.845018
0.03937	0.423324	0.855324
0.0677494	0.447829	0.904837
0.174423	0.429329	0.867457
0.392714	0.478029	0.965855
0.543114	0.511436	1.03335
0.54753	0.501824	1.01393
0.616932	0.523487	1.0577
0.743324	0.546307	1.10381
1.03831	0.601954	1.21624
1.31708	0.621763	1.25627
1.32056	0.608748	1.22997
1.3502	0.612137	1.23682
1.5339	0.656394	1.32624
-0.610228	0.341146	0.684537
-0.589725	0.335105	0.672415
-0.587558	0.377308	0.757099
-0.508255	0.330996	0.66417
-0.467878	0.352925	0.708173
-0.43442	0.354795	0.711925
-0.321061	0.395383	0.793368
-0.305701	0.379853	0.762206
-0.227945	0.402707	0.808065
-0.210709	0.408838	0.820366
-0.160804	0.395233	0.793066
-0.160137	0.415774	0.834284
-0.138057	0.395602	0.793807
0.063851	0.446488	0.895915
0.0822243	0.441076	0.885055
0.14699	0.434427	0.871713
0.309393	0.471135	0.945371
0.405759	0.488666	0.980549
0.516417	0.510689	1.02474
0.6009	0.519846	1.04311
0.655045	0.536468	1.07647
0.670243	0.542485	1.08854
0.77039	0.54115	1.08586
0.828604	0.548585	1.10078
1.08058	0.572746	1.14926
1.31379	0.64218	1.28859
1.43087	0.642592	1.28941
1.41593	0.623723	1.25155
-0.66366	0.330761	0.659159
-0.619843	0.320397	0.638506
-0.587392	0.322807	0.643308
-0.606108	0.334413	0.666437
-0.524955	0.331722	0.661075
-0.52426	0.347041	0.691603
-0.48815	0.340978	0.679521
-0.457251	0.338059	0.673704
-0.461352	0.348497	0.694505
-0.447735	0.361774	0.720965
-0.355982	0.345874	0.689279
-0.296996	0.389065	0.775352
-0.264335	0.416922	0.830866
-0.256481	0.413916	0.824875
-0.173693	0.415088	0.827212
-0.115125	0.408359	0.813802
0.0153729	0.448907	0.894609
0.0883613	0.442883	0.882602
0.10024	0.453429	0.90362
0.116153	0.451958	0.900689
0.150439	0.43831	0.873489
0.178933	0.423742	0.844459
0.275301	0.474369	0.94535
0.282093	0.457736	0.912203
0.290873	0.461227	0.91916
0.315217	0.472888	0.942399
0.393818	0.465386	0.927448
0.486196	0.513506	1.02335
0.515238	0.488562	0.973635
0.555693	0.506228	1.00884
0.661842	0.530062	1.05634
0.726241	0.559115	1.11424
0.72503	0.552075	1.10021
0.826652	0.575888	1.14766
0.817532	0.566698	1.12935
0.838128	0.556048	1.10813
0.853216	0.545263	1.08663
0.891029	0.56169	1.11937
0.980165	0.591105	1.17799
1.05514	0.612434	1.22049
1.03425	0.583279	1.16239
1.07547	0.599244	1.19421
1.0811	0.585955	1.16772
1.10922	0.5765	1.14888
1.30542	0.635734	1.26693
1.30346	0.626018	1.24757
1.31536	0.61892	1.23342
1.33182	0.6183	1.23218
1.42468	0.640058	1.27555
1.3935	0.616106	1.22781
-0.682945	0.341477	0.675893
-0.615655	0.311163	0.615891
-0.598092	0.329633	0.65245
-0.595114	0.333234	0.659578
-0.53803	0.339229	0.671443
-0.508513	0.347175	0.687171
-0.505911	0.34709	0.687003
-0.4503	0.344344	0.681567
-0.425356	0.367372	0.727148
-0.434172	0.391896	0.775688
-0.362579	0.357187	0.706987
-0.314558	0.396241	0.784287
-0.261635	0.389031	0.770018
-0.224709	0.429935	0.85098
-0.16098	0.401115	0.793935
-0.0766091	0.42539	0.841984
-0.0215946	0.418265	0.827881
0.00562625	0.446456	0.883679
0.055491	0.463763	0.917935
0.108376	0.424583	0.840387
0.230502	0.443857	0.878537
0.244042	0.457361	0.905265
0.265463	0.466321	0.922999
0.275377	0.455201	0.90099
0.294602	0.465036	0.920456
0.323419	0.468318	0.926952
0.336573	0.468018	0.926359
0.41194	0.490131	0.970126
0.53258	0.526393	1.0419
0.530488	0.506463	1.00245
0.607008	0.51936	1.02798
0.674928	0.538046	1.06497
0.714298	0.544642	1.07802
0.768034	0.549718	1.08807
0.802913	0.557593	1.10366
0.831163	0.557858	1.10418
0.979342	0.572327	1.13282
1.06097	0.561483	1.11136
1.07313	0.563661	1.11567
1.29091	0.617836	1.2229
1.27854	0.60164	1.19084
1.42565	0.642802	1.27231
1.43108	0.643181	1.27306
-0.570906	0.367361	0.72222
-0.515072	0.348942	0.686008
-0.47325	0.34911	0.686339
-0.426922	0.414683	0.815254
-0.316626	0.391009	0.768712
-0.241239	0.404013	0.794276
-0.202458	0.400944	0.788243
-0.175155	0.40352	0.793307
-0.183433	0.429607	0.844594
-0.132575	0.404516	0.795265
0.0144053	0.426407	0.838302
0.0159406	0.390014	0.766755
0.0421139	0.43158	0.848472
0.0601606	0.47771	0.939162
0.100923	0.462764	0.90978
0.155291	0.440201	0.865421
0.305708	0.469962	0.92393
0.420052	0.486647	0.956733
0.656693	0.552199	1.08561
0.676643	0.533964	1.04976
0.800929	0.554498	1.09012
1.08906	0.615113	1.20929
1.17922	0.609878	1.199
1.27885	0.614121	1.20734
-0.630322	0.328834	0.642144
-0.52509	0.348098	0.679763
-0.468925	0.341118	0.666132
-0.499546	0.374915	0.732132
-0.474415	0.365717	0.71417
-0.478918	0.381617	0.745218
-0.482531	0.386664	0.755076
-0.478946	0.3904	0.762371
-0.503359	0.427474	0.834767
-0.261552	0.43076	0.841184
-0.190859	0.421992	0.824063
-0.121474	0.381392	0.74478
-0.115448	0.397637	0.776503
0.11211	0.457984	0.894349
0.202098	0.464698	0.907459
0.246651	0.433723	0.846971
0.301548	0.461663	0.901533
0.43456	0.502723	0.981714
0.478462	0.507994	0.992008
0.616055	0.551086	1.07616
0.607611	0.52058	1.01659
0.724864	0.515338	1.00635
0.850989	0.560142	1.09384
1.01876	0.574688	1.12225
1.094	0.598123	1.16801
1.14861	0.620812	1.21232
1.20128	0.612016	1.19514
1.26233	0.627366	1.22512
1.4421	0.642509	1.25469
-0.623749	0.322842	0.626247
-0.464521	0.376853	0.731018
-0.390628	0.39266	0.76168
-0.194091	0.395107	0.766427
-0.11304	0.36537	0.708742
-0.0599989	0.369209	0.71619
0.107938	0.457039	0.886561
0.385709	0.511725	0.992641
0.506813	0.497107	0.964284
0.56763	0.511171	0.991566
0.606742	0.520181	1.00904
0.659661	0.56218	1.09051
0.679518	0.546525	1.06015
0.753556	0.539327	1.04618
0.878035	0.613072	1.18923
0.857836	0.563213	1.09252
1.00989	0.592321	1.14898
1.13645	0.616012	1.19494
1.12884	0.600503	1.16485
1.22931	0.612904	1.18891
1.31272	0.645487	1.25211
1.43078	0.664676	1.28933
-0.643739	0.344127	0.663121
-0.614443	0.343789	0.66247
-0.514654	0.333306	0.642269
-0.511175	0.340239	0.65563
-0.511033	0.367324	0.707821
-0.460575	0.36177	0.697118
-0.4571	0.367054	0.7073
-0.479536	0.407823	0.785862
-0.310859	0.384918	0.741725
-0.157603	0.36448	0.70234
-0.154596	0.375635	0.723836
-0.122687	0.418093	0.805652
-0.114476	0.41994	0.809209
-0.00931568	0.414557	0.798838
0.215791	0.415403	0.800468
0.259028	0.479398	0.923784
0.323127	0.485626	0.935785
0.418611	0.494794	0.953452
0.436815	0.512105	0.986809
0.569792	0.519808	1.00165
0.645308	0.540716	1.04194
0.689489	0.534196	1.02938
1.04575	0.590783	1.13842
1.16425	0.61432	1.18377
1.18819	0.61567	1.18638
1.28377	0.622606	1.19974
1.37008	0.647023	1.24679
1.41519	0.659665	1.27115
1.36521	0.626229	1.20672
1.42035	0.641303	1.23577
-0.592238	0.337492	0.646064
-0.621071	0.361023	0.69111
-0.538203	0.346189	0.662712
-0.49353	0.36812	0.704695
-0.378193	0.364709	0.698164
-0.315415	0.403558	0.772534
-0.249767	0.410109	0.785076
-0.187257	0.409597	0.784095
-0.0611674	0.417336	0.798909
-0.0261857	0.460726	0.881972
0.0487179	0.420984	0.805894
0.0601695	0.441025	0.844258
0.118326	0.453923	0.868949
0.12551	0.457267	0.875349
0.272877	0.477659	0.914387
0.281676	0.475814	0.910855
0.316708	0.464573	0.889335
0.405052	0.520397	0.9962
0.474491	0.525696	1.00634
0.509219	0.531647	1.01774
0.726235	0.537454	1.02885
0.805993	0.55667	1.06564
0.829637	0.562278	1.07637
0.830292	0.54488	1.04307
0.909514	0.56854	1.08836
1.01686	0.609349	1.16648
1.06508	0.594022	1.13714
1.06883	0.571896	1.09478
1.27842	0.652701	1.24947
1.35751	0.65609	1.25596
-0.61613	0.360504	0.685611
-0.477654	0.368094	0.700046
-0.4618	0.363562	0.691427
-0.374288	0.365749	0.695586
-0.107805	0.41118	0.781988
-0.0609114	0.438993	0.834884
-0.0455243	0.408938	0.777724
-0.00350526	0.414164	0.787663
0.0534772	0.438964	0.834828
0.121291	0.456274	0.867748
0.231579	0.470574	0.894944
0.225846	0.434695	0.826709
0.249117	0.438933	0.834769
0.313291	0.467311	0.888739
0.316729	0.462968	0.880479
0.42981	0.502372	0.955418
0.497979	0.519583	0.98815
0.534548	0.538475	1.02408
0.592894	0.537809	1.02281
0.641288	0.544455	1.03545
0.816648	0.554517	1.05459
0.897132	0.582065	1.10698
0.932163	0.584007	1.11067
1.10553	0.593227	1.12821
1.22946	0.652523	1.24098
1.24972	0.628942	1.19613
1.33773	0.633858	1.20548
1.43497	0.664814	1.26435
1.48763	0.678433	1.29025
-0.602942	0.353671	0.668255
-0.53735	0.353319	0.66759
-0.53965	0.373222	0.705197
-0.452176	0.347066	0.655776
-0.406322	0.358774	0.677896
-0.320153	0.387617	0.732395
-0.293295	0.367216	0.693848
-0.255455	0.410986	0.776551
-0.0687979	0.416693	0.787335
0.0729596	0.470403	0.888818
0.118524	0.460658	0.870406
0.139329	0.456842	0.863194
0.231442	0.480054	0.907053
0.281824	0.47676	0.90083
0.34991	0.504689	0.953602
0.395495	0.484706	0.915843
0.448155	0.518915	0.98048
0.598919	0.540101	1.02051
0.68815	0.549653	1.03856
0.746996	0.538093	1.01672
0.811887	0.552311	1.04358
0.990828	0.601553	1.13662
1.00576	0.600677	1.13497
1.37819	0.650948	1.22995
-0.613585	0.348327	0.653918
-0.596294	0.347869	0.653057
-0.544177	0.386069	0.724771
-0.472176	0.353671	0.663949
-0.415759	0.371722	0.697838
-0.394217	0.36346	0.682328
-0.392754	0.369021	0.692767
-0.356251	0.359902	0.675648
-0.306702	0.380009	0.713394
-0.319851	0.421017	0.79038
-0.271146	0.395688	0.742828
-0.274817	0.413294	0.77588
-0.254234	0.394383	0.740379
-0.249734	0.408869	0.767574
-0.192412	0.404725	0.759795
-0.0893277	0.422506	0.793174
-0.0848226	0.414467	0.778083
-0.0455159	0.441388	0.828622
-0.0328206	0.473772	0.889417
-0.0255063	0.408061	0.766056
0.00798977	0.426767	0.801175
0.072707	0.451961	0.848471
0.124117	0.439022	0.82418
0.248932	0.466896	0.876509
0.534916	0.520701	0.977518
0.867778	0.560395	1.05204
0.924307	0.584134	1.0966
1.09469	0.634786	1.19169
1.30655	0.654829	1.22932
1.38207	0.678856	1.27442
1.39084	0.638578	1.19881
-0.607711	0.344567	0.642718
-0.60564	0.344707	0.64298
-0.519506	0.341427	0.636862
-0.466837	0.351924	0.656442
-0.465914	0.354826	0.661855
-0.476743	0.421344	0.785929
-0.418158	0.376276	0.701865
-0.388054	0.360084	0.671662
-0.387666	0.361982	0.675202
-0.374036	0.365314	0.681418
-0.352034	0.355501	0.663114
-0.324088	0.394218	0.735331
-0.299381	0.386286	0.720537
-0.198928	0.327786	0.611417
-0.110435	0.440992	0.82258
-0.0878687	0.405306	0.756015
-0.0682187	0.418543	0.780706
0.00848591	0.456188	0.850925
0.112294	0.466825	0.870766
0.254125	0.485876	0.9063
0.261222	0.452857	0.844712
0.291129	0.487647	0.909604
0.289478	0.479481	0.894372
0.320539	0.477712	0.891072
0.392626	0.504272	0.940616
0.538431	0.524047	0.9775
0.59597	0.537803	1.00316
0.611528	0.532453	0.993182
0.79973	0.572315	1.06754
0.968788	0.588497	1.09772
0.983881	0.5857	1.0925
1.08232	0.629188	1.17362
1.47328	0.769245	1.43487
1.28879	0.637118	1.18841
1.3585	0.645814	1.20463
-0.595623	0.336031	0.622809
-0.593386	0.34518	0.639767
-0.475573	0.336892	0.624405
-0.39305	0.381333	0.706774
-0.371551	0.390887	0.724481
-0.32426	0.390562	0.723879
-0.296641	0.413937	0.767203
-0.274588	0.398011	0.737685
-0.251918	0.395825	0.733633
-0.20233	0.413411	0.766229
-0.165972	0.412316	0.764198
-0.104128	0.455138	0.843567
-0.0571025	0.422286	0.782676
-0.0462889	0.426661	0.790786
-0.0328797	0.480741	0.891018
-0.0233401	0.378216	0.700997
-0.0035559	0.431115	0.799042
-0.000698036	0.445978	0.826588
0.0744415	0.44978	0.833636
0.099131	0.452716	0.839077
0.324561	0.477234	0.88452
0.65185	0.525072	0.973184
0.717423	0.540096	1.00103
0.874696	0.569651	1.05581
0.924324	0.589151	1.09195
0.96378	0.586805	1.0876
0.994431	0.591038	1.09545
1.15489	0.624404	1.15729
1.28487	0.618675	1.14667
-0.621318	0.33507	0.617104
-0.604785	0.335774	0.6184
-0.587635	0.348068	0.641042
-0.599114	0.357681	0.658747
-0.518257	0.351176	0.646766
-0.477897	0.374364	0.689472
-0.313062	0.395386	0.728188
-0.31452	0.414613	0.763599
-0.283245	0.390476	0.719146
-0.260427	0.395198	0.727842
-0.241013	0.397808	0.73265
-0.0809292	0.431639	0.794955
-0.0367397	0.41805	0.76993
0.0499022	0.448215	0.825485
0.0542803	0.460096	0.847365
0.0645638	0.446689	0.822675
0.0970949	0.460285	0.847715
0.128913	0.488176	0.899082
0.186868	0.478851	0.881908
0.19242	0.476849	0.87822
0.216637	0.481408	0.886617
0.396441	0.494339	0.910431
0.459966	0.521711	0.960844
0.44653	0.49528	0.912164
0.501265	0.51432	0.94723
0.549636	0.518062	0.954123
0.598222	0.550085	1.0131
0.661765	0.548255	1.00973
0.769339	0.549678	1.01235
1.12236	0.628851	1.15816
1.10156	0.603723	1.11189
1.32681	0.673266	1.23996
1.36222	0.64964	1.19645
-0.619206	0.33247	0.608469
-0.52298	0.34126	0.624556
-0.533241	0.35251	0.645145
-0.466953	0.356962	0.653293
-0.264353	0.391846	0.717136
-0.25484	0.423288	0.77468
-0.212515	0.422441	0.77313
-0.0801482	0.41546	0.760354
-0.0308868	0.416636	0.762507
0.068167	0.453752	0.830433
0.101791	0.501379	0.917598
0.108733	0.436306	0.798505
0.179362	0.462522	0.846484
0.224463	0.461122	0.843922
0.266543	0.45504	0.83279
0.304351	0.49718	0.909912
0.338282	0.524347	0.959633
0.353563	0.501835	0.918432
0.392812	0.497025	0.90963
0.496934	0.516619	0.945489
0.575012	0.538663	0.985833
0.587257	0.521139	0.953762
0.76021	0.551824	1.00992
0.81191	0.578273	1.05833
0.831223	0.583797	1.06843
0.911313	0.590763	1.08118
0.997812	0.598215	1.09482
1.08737	0.617693	1.13047
1.16475	0.637746	1.16717
1.16369	0.632592	1.15774
1.22265	0.646106	1.18247
-0.613036	0.342134	0.622248
-0.605935	0.357814	0.650766
-0.682907	0.41616	0.756881
-0.47452	0.347495	0.631998
-0.418024	0.359666	0.654133
-0.33162	0.358053	0.6512
-0.332485	0.395379	0.719086
-0.303345	0.412153	0.749592
-0.11251	0.406232	0.738825
0.0107979	0.43725	0.795237
0.0267141	0.464726	0.845209
0.0993584	0.462413	0.841002
0.123483	0.450851	0.819975
0.156216	0.427172	0.776909
0.191496	0.480558	0.874003
0.207096	0.48761	0.886829
0.212858	0.493556	0.897643
0.384851	0.544574	0.990431
0.463321	0.524261	0.953488
0.455623	0.504325	0.917229
0.490857	0.524296	0.95355
0.485868	0.504824	0.918136
0.548042	0.529721	0.963417
0.968168	0.618336	1.12458
1.22462	0.648946	1.18026
1.21632	0.627111	1.14054
1.20675	0.613878	1.11648
1.36294	0.658201	1.19709
-0.546194	0.350325	0.633194
-0.476654	0.358115	0.647273
-0.472994	0.360663	0.651879
-0.247483	0.435319	0.786815
-0.224432	0.418775	0.756913
-0.154389	0.406804	0.735276
-0.142218	0.434412	0.785175
-0.123497	0.418927	0.757187
-0.0228226	0.425296	0.7687
0.0166313	0.442603	0.79998
0.0358961	0.468139	0.846135
0.143901	0.472152	0.85339
0.15435	0.457522	0.826945
0.234983	0.475895	0.860155
0.247788	0.476663	0.861541
0.249577	0.47416	0.857017
0.357029	0.485818	0.87809
0.582789	0.536232	0.96921
0.5971	0.546124	0.98709
0.586261	0.517696	0.935707
0.644317	0.538001	0.972407
0.740352	0.577346	1.04352
0.716106	0.550052	0.99419
0.718961	0.541405	0.97856
0.935502	0.598695	1.08211
1.05403	0.625018	1.12969
1.28019	0.659701	1.19237
1.23851	0.627685	1.13451
1.28294	0.631431	1.14128
-0.57161	0.333998	0.599962
-0.542291	0.347078	0.623457
-0.533366	0.342786	0.615748
-0.490041	0.343543	0.617107
-0.501131	0.35292	0.633951
-0.453513	0.35322	0.63449
-0.406297	0.372875	0.669797
-0.189822	0.456261	0.819582
-0.173841	0.424456	0.762452
-0.158098	0.419161	0.752941
-0.138901	0.426914	0.766867
0.0198434	0.452825	0.813412
0.132026	0.465755	0.836638
0.219031	0.484727	0.870716
0.24143	0.485576	0.872241
0.251675	0.481111	0.864222
0.290916	0.484187	0.869746
0.348536	0.490246	0.880631
0.46922	0.525858	0.9446
0.559671	0.554746	0.996492
0.534351	0.513176	0.92182
0.591091	0.519222	0.93268
0.665956	0.544698	0.978442
0.705386	0.531867	0.955394
0.823968	0.59235	1.06404
0.832296	0.584724	1.05034
0.888895	0.597308	1.07295
0.973309	0.606517	1.08949
1.00611	0.604984	1.08673
1.1241	0.636283	1.14296
1.14157	0.621119	1.11572
1.29051	0.643221	1.15542
-0.614116	0.346617	0.618815
-0.615752	0.350085	0.625006
-0.602144	0.347434	0.620274
-0.592342	0.359118	0.641133
-0.559017	0.347041	0.619571
-0.55349	0.344989	0.615907
-0.552846	0.348785	0.622686
-0.505593	0.364915	0.651482
-0.49175	0.361645	0.645644
-0.464182	0.361932	0.646156
-0.429073	0.389263	0.69495
-0.277451	0.384028	0.685605
-0.298845	0.428928	0.765764
-0.233683	0.402308	0.71824
-0.181006	0.359416	0.641665
-0.15038	0.430744	0.769007
-0.128178	0.440199	0.785886
-0.1136	0.51549	0.920304
-0.026322	0.442813	0.790553
0.137684	0.467353	0.834364
0.145711	0.47389	0.846035
0.356006	0.499291	0.891383
0.632758	0.635134	1.1339
0.581784	0.541947	0.967537
0.629925	0.544358	0.971841
0.663604	0.557943	0.996094
0.808064	0.566048	1.01056
0.935147	0.613569	1.0954
1.16802	0.634957	1.13359
1.22154	0.62884	1.12267
1.23134	0.629712	1.12422
1.30323	0.649376	1.15933
1.38177	0.671281	1.19844
-0.549178	0.368024	0.653032
-0.572449	0.392023	0.695616
-0.497937	0.373747	0.663186
-0.426589	0.367895	0.652803
-0.425102	0.409549	0.726714
-0.300837	0.335299	0.594964
-0.315361	0.361807	0.642001
-0.269273	0.385291	0.683671
-0.221602	0.411188	0.729623
-0.209231	0.440531	0.781691
-0.155526	0.440098	0.780921
-0.137284	0.444857	0.789365
-0.122431	0.464075	0.823467
-0.0998859	0.469758	0.833551
-0.0314773	0.437935	0.777083
0.0145999	0.478819	0.849629
0.0793805	0.446847	0.792898
0.0886418	0.450324	0.799068
0.100014	0.477083	0.846549
0.241754	0.473709	0.840562
0.438769	0.545291	0.967579
0.461927	0.527899	0.936718
0.584503	0.534984	0.94929
0.616676	0.539172	0.956721
0.676908	0.54044	0.958971
0.709766	0.536527	0.952028
0.790404	0.586144	1.04007
0.881813	0.592124	1.05068
0.893788	0.597597	1.06039
0.926795	0.591818	1.05014
0.987888	0.618201	1.09695
1.06852	0.64045	1.13643
1.19501	0.642368	1.13984
1.25664	0.642359	1.13982
1.33529	0.660947	1.1728
-0.549578	0.358246	0.631835
-0.549901	0.3676	0.648331
-0.550701	0.369707	0.652047
-0.554993	0.377422	0.665654
-0.54624	0.378009	0.666689
-0.482902	0.377354	0.665534
-0.450543	0.384554	0.678234
-0.436345	0.380702	0.671439
-0.425266	0.392831	0.69283
-0.401565	0.391643	0.690735
-0.23526	0.491727	0.867252
-0.163447	0.419735	0.740281
-0.161998	0.437444	0.771515
-0.137141	0.42092	0.742371
-0.00354108	0.451164	0.795712
0.010729	0.44802	0.790168
0.140864	0.473655	0.83538
0.20816	0.513335	0.905362
0.244471	0.475983	0.839484
0.269427	0.499819	0.881523
0.256212	0.459056	0.809631
0.349167	0.486909	0.858755
0.420823	0.513915	0.906385
0.600223	0.525046	0.926016
0.669909	0.552213	0.973931
0.719267	0.566188	0.998578
0.725416	0.546411	0.963697
0.789001	0.562001	0.991194
0.839611	0.584806	1.03141
0.847187	0.57981	1.0226
0.858422	0.584953	1.03167
0.884244	0.592282	1.0446
0.914879	0.595059	1.0495
0.912611	0.583923	1.02986
1.07498	0.638453	1.12603
1.07898	0.624322	1.10111
1.1799	0.640309	1.1293
1.24691	0.637099	1.12364
-0.57299	0.356554	0.625067
-0.559283	0.350784	0.614951
-0.528151	0.375975	0.659113
-0.502425	0.371018	0.650423
-0.504478	0.374281	0.656143
-0.440897	0.355447	0.623125
-0.496397	0.40224	0.705157
-0.452303	0.374176	0.65596
-0.422246	0.368585	0.646157
-0.276102	0.389186	0.682272
-0.281396	0.415141	0.727775
-0.243829	0.493061	0.864375
-0.1473	0.429676	0.753255
-0.0928257	0.416789	0.730663
0.00528235	0.473262	0.829665
0.0282724	0.458002	0.802912
0.0901444	0.448943	0.787032
0.207767	0.48504	0.850312
0.297764	0.481834	0.844693
0.376964	0.506399	0.887756
0.436421	0.52398	0.918578
0.433947	0.509412	0.893038
0.470736	0.521634	0.914464
0.472652	0.516521	0.905501
0.515736	0.520461	0.912408
0.973712	0.609431	1.06838
1.07433	0.618565	1.08439
1.06867	0.602159	1.05563
1.14322	0.615659	1.0793
1.20789	0.62907	1.10281
1.28505	0.656296	1.15054
1.3121	0.649153	1.13802
-0.591271	0.358851	0.625332
-0.605211	0.368718	0.642525
-0.570182	0.354155	0.617149
-0.414523	0.396867	0.691579
-0.352882	0.400491	0.697892
-0.339434	0.408534	0.711909
-0.264589	0.378573	0.6597
-0.265152	0.478271	0.833433
-0.205674	0.413128	0.719914
-0.0869364	0.457636	0.797473
-0.0266841	0.459906	0.801429
0.0170893	0.471718	0.822012
0.0404795	0.468005	0.815542
0.0434682	0.468524	0.816447
0.143629	0.468753	0.816846
0.147614	0.462779	0.806436
0.173115	0.460998	0.803332
0.207892	0.481152	0.838453
0.298746	0.481407	0.838897
0.362841	0.498831	0.869259
0.409121	0.5261	0.916777
0.458828	0.530061	0.923681
0.488937	0.530207	0.923935
0.538438	0.539754	0.940572
0.596106	0.552337	0.962498
0.622668	0.542224	0.944876
0.674505	0.554019	0.96543
0.778294	0.582183	1.01451
0.816786	0.60248	1.04988
0.868522	0.578929	1.00884
0.970362	0.618326	1.07749
1.06063	0.612123	1.06668
1.28314	0.648789	1.13057
1.31217	0.651059	1.13453
-0.582653	0.355736	0.616218
-0.576096	0.35718	0.61872
-0.562227	0.356873	0.618188
-0.556887	0.394108	0.682688
-0.467808	0.375933	0.651204
-0.44128	0.379368	0.657155
-0.442165	0.386353	0.669254
-0.44113	0.417335	0.722923
-0.402798	0.390296	0.676084
-0.264721	0.48035	0.832078
-0.153116	0.406991	0.705004
-0.0838622	0.392204	0.679389
-0.0199693	0.441955	0.76557
0.00222567	0.465317	0.806039
0.0139005	0.466985	0.808927
0.0200287	0.47396	0.821011
0.185972	0.445964	0.772514
0.238837	0.462015	0.800319
0.253962	0.479684	0.830925
0.296543	0.475897	0.824365
0.378423	0.497576	0.861918
0.419152	0.517151	0.895827
0.430884	0.523558	0.906924
0.469048	0.518749	0.898595
0.493195	0.534381	0.925674
0.550966	0.559137	0.968556
0.606636	0.562182	0.973831
0.603007	0.552424	0.956927
0.766672	0.57422	0.994683
0.871156	0.609693	1.05613
0.965716	0.609288	1.05543
1.00314	0.604323	1.04683
1.16739	0.634081	1.09838
1.20457	0.634892	1.09978
1.33447	0.680943	1.17955
1.26278	0.634255	1.09868
1.30737	0.650526	1.12686
-0.67199	0.4005	0.689661
-0.407161	0.394481	0.679296
-0.350969	0.350584	0.603706
-0.339654	0.416841	0.7178
-0.317024	0.421161	0.725238
-0.161169	0.453529	0.780977
-0.0865483	0.461042	0.793913
-0.00673869	0.485773	0.836501
0.0444577	0.454162	0.782067
0.16454	0.475209	0.818309
0.268441	0.487062	0.838719
0.33216	0.515553	0.887781
0.358102	0.493937	0.850558
0.539729	0.544092	0.936926
0.664334	0.569837	0.981258
0.670423	0.548757	0.944958
0.757827	0.587458	1.0116
0.788324	0.575113	0.990344
0.884129	0.596381	1.02697
0.996417	0.613068	1.0557
1.00156	0.604681	1.04126
1.0478	0.61418	1.05762
1.03914	0.598221	1.03013
1.20234	0.643843	1.1087
1.26072	0.65549	1.12875
-0.523999	0.367128	0.62848
-0.463598	0.382742	0.655209
-0.364761	0.412573	0.706276
-0.366524	0.420438	0.71974
-0.347035	0.412692	0.706481
-0.346	0.417592	0.714869
-0.319874	0.404123	0.691812
-0.327276	0.420026	0.719035
-0.294761	0.403893	0.691417
-0.286645	0.437139	0.74833
-0.127578	0.411448	0.704351
-0.0873809	0.439176	0.751818
0.0313854	0.472302	0.808526
0.0868054	0.457107	0.782513
0.121058	0.481102	0.82359
0.121024	0.46945	0.803644
0.141756	0.461475	0.789992
0.201703	0.475202	0.81349
0.21454	0.484318	0.829096
0.331782	0.464314	0.794851
0.423794	0.545923	0.934556
0.461524	0.546708	0.9359
0.482087	0.521497	0.892741
0.558685	0.549337	0.9404
0.615546	0.560985	0.96034
0.609042	0.548883	0.939622
0.659736	0.566221	0.969303
0.789463	0.576735	0.987303
0.890861	0.620055	1.06146
0.890335	0.599098	1.02559
1.05689	0.616442	1.05528
1.17651	0.657794	1.12607
1.21828	0.660628	1.13092
-0.575035	0.358713	0.610488
-0.526176	0.396542	0.674869
-0.444658	0.369262	0.628441
-0.459427	0.395639	0.673332
-0.378294	0.41034	0.698352
-0.361455	0.402799	0.685517
-0.353448	0.399338	0.679627
-0.34662	0.423957	0.721525
-0.290439	0.403724	0.687091
-0.28972	0.413299	0.703388
-0.310877	0.463781	0.789301
-0.280022	0.429547	0.73104
-0.155164	0.426877	0.726495
-0.0905857	0.457958	0.779391
0.0918448	0.47117	0.801877
0.115049	0.483635	0.823091
0.130087	0.453303	0.771469
0.138708	0.473226	0.805376
0.217005	0.485989	0.827097
0.343744	0.483881	0.823509
0.392234	0.524931	0.893373
0.46064	0.544883	0.927328
0.479482	0.525233	0.893886
0.491199	0.517209	0.880229
0.531881	0.53581	0.911887
0.543454	0.531054	0.903793
0.590037	0.547051	0.931018
0.619247	0.558253	0.950081
0.651209	0.56518	0.961871
0.716498	0.58449	0.994734
0.687223	0.555052	0.944634
0.867505	0.604748	1.02921
0.918503	0.596892	1.01584
1.08579	0.637017	1.08413
1.16398	0.65236	1.11024
1.20062	0.65052	1.10711
1.26513	0.659172	1.12183
-0.589669	0.36579	0.618917
-0.525858	0.377659	0.638999
-0.444787	0.364104	0.616065
-0.36188	0.352583	0.596572
-0.389941	0.389177	0.658488
-0.380955	0.384896	0.651245
-0.311035	0.417089	0.705715
-0.232813	0.418275	0.707722
-0.201885	0.39285	0.664703
-0.0805503	0.451635	0.764168
-0.0188355	0.374946	0.634409
0.0449177	0.439143	0.743031
0.0949987	0.475236	0.804101
0.14664	0.455524	0.770748
0.196822	0.462427	0.782427
0.241691	0.484507	0.819788
0.332425	0.505621	0.855512
0.451079	0.540614	0.91472
0.620205	0.571872	0.967609
0.650022	0.564439	0.955032
0.734557	0.565895	0.957496
0.808726	0.589771	0.997893
0.939876	0.599992	1.01519
0.99385	0.615278	1.04105
1.20946	0.65478	1.10789
1.27427	0.663569	1.12276
-0.580221	0.360654	0.606704
-0.534867	0.379705	0.638753
-0.439652	0.38102	0.640964
-0.39403	0.415795	0.699465
-0.356042	0.424632	0.71433
-0.313326	0.409209	0.688386
-0.263014	0.412049	0.693164
-0.253191	0.429294	0.722174
-0.252705	0.432923	0.728279
-0.226426	0.423074	0.711709
-0.211075	0.439189	0.738819
-0.148096	0.434179	0.73039
-0.14079	0.436022	0.733492
0.0404984	0.485024	0.815924
0.0503753	0.467477	0.786406
0.0795287	0.472216	0.794378
0.228424	0.497043	0.836144
0.237997	0.498151	0.838006
0.255153	0.473894	0.797201
0.548642	0.539154	0.906983
0.59954	0.537873	0.904829
0.660262	0.558895	0.940192
0.873344	0.603031	1.01444
0.94946	0.604918	1.01761
0.99674	0.606896	1.02094
1.0441	0.598176	1.00627
1.21755	0.650105	1.09363
-0.575075	0.359519	0.601323
-0.585731	0.37037	0.619473
-0.578229	0.367026	0.61388
-0.439543	0.362182	0.605778
-0.389975	0.393731	0.658546
-0.373667	0.407004	0.680747
-0.365466	0.408813	0.683772
-0.35986	0.405277	0.677857
-0.337839	0.38839	0.649613
-0.316999	0.406731	0.68029
-0.292277	0.439648	0.735346
-0.253609	0.419541	0.701716
-0.252529	0.426261	0.712955
-0.234993	0.468145	0.783009
-0.150668	0.436508	0.730093
-0.0836287	0.430194	0.719534
0.12071	0.479234	0.801557
0.208042	0.487477	0.815344
0.258046	0.493145	0.824824
0.31969	0.5012	0.838296
0.355494	0.527412	0.882138
0.377207	0.501315	0.838489
0.399071	0.526155	0.880037
0.44516	0.528131	0.883341
0.549262	0.539662	0.902627
0.650185	0.550715	0.921114
0.740282	0.566282	0.947152
0.740107	0.560973	0.938271
0.781333	0.576411	0.964093
0.857754	0.598191	1.00052
0.949477	0.625338	1.04593
0.95333	0.606205	1.01393
1.01262	0.604496	1.01107
1.03898	0.613605	1.0263
1.12078	0.641358	1.07272
1.13788	0.642278	1.07426
-0.545282	0.396692	0.659712
-0.44404	0.37545	0.624385
-0.346339	0.433508	0.720939
-0.28262	0.402032	0.668593
-0.226343	0.427801	0.711448
-0.2218	0.42402	0.70516
-0.139479	0.445314	0.740571
0.155176	0.447987	0.745018
0.252691	0.464279	0.772111
0.43187	0.707723	1.17697
0.541567	0.57612	0.958107
0.617028	0.531055	0.883163
0.641404	0.538149	0.894959
0.792796	0.575425	0.95695
0.86696	0.600505	0.99866
0.854382	0.575073	0.956366
1.04065	0.613747	1.02068
1.09457	0.627784	1.04403
1.14643	0.639925	1.06422
1.15517	0.642651	1.06875
1.27968	0.673713	1.12041
1.32153	0.684934	1.13907
-0.359414	0.356198	0.589007
-0.256171	0.446462	0.738268
-0.210536	0.445654	0.736932
-0.203971	0.437276	0.723078
-0.159791	0.444932	0.735738
-0.0716648	0.458165	0.75762
-0.0640085	0.442988	0.732524
-0.034084	0.46726	0.772659
-0.00899298	0.466357	0.771167
0.0452479	0.452646	0.748494
0.0563219	0.477911	0.790272
0.0610997	0.450132	0.744336
0.0873217	0.492027	0.813614
0.106173	0.484345	0.800911
0.22157	0.49704	0.821903
0.250404	0.519993	0.859858
0.283727	0.512975	0.848253
0.302433	0.503385	0.832396
0.357558	0.527131	0.871661
0.402133	0.523784	0.866128
0.488528	0.529417	0.875443
0.595575	0.549551	0.908735
0.632617	0.574252	0.949581
0.611073	0.55171	0.912306
0.682892	0.559343	0.924928
0.751845	0.568614	0.940258
0.942752	0.599464	0.991271
1.06285	0.663254	1.09675
0.998948	0.621068	1.027
1.02792	0.632054	1.04516
1.10228	0.649213	1.07354
1.17904	0.644624	1.06595
1.2981	0.680862	1.12587
-0.527973	0.378576	0.622479
-0.50992	0.367192	0.603761
-0.502581	0.371421	0.610715
-0.450168	0.375458	0.617352
-0.343023	0.461999	0.75965
-0.179564	0.437461	0.719302
-0.164396	0.431685	0.709805
-0.154348	0.425157	0.699071
-0.155623	0.44314	0.72864
-0.137319	0.42707	0.702216
-0.00605238	0.456925	0.751306
0.0550308	0.469605	0.772155
0.0959443	0.440166	0.723749
0.155675	0.47086	0.774219
0.223313	0.497144	0.817436
0.246022	0.513792	0.844811
0.264628	0.48116	0.791155
0.473066	0.799799	1.31508
0.398124	0.521506	0.857495
0.422286	0.498911	0.820343
0.486646	0.526966	0.866472
0.640366	0.548934	0.902593
0.756319	0.555215	0.91292
0.817889	0.575371	0.946064
0.851478	0.591599	0.972745
0.913085	0.609304	1.00186
0.978786	0.611987	1.00627
1.05548	0.647932	1.06537
1.09399	0.650269	1.06922
-0.586426	0.375032	0.613192
-0.564889	0.362626	0.592908
-0.469135	0.401425	0.656345
-0.400695	0.418944	0.684991
-0.307184	0.477007	0.779926
-0.268189	0.444969	0.727543
-0.239536	0.417865	0.683226
-0.18869	0.431152	0.70495
-0.125285	0.423042	0.691691
-0.010911	0.437096	0.714669
0.0457669	0.463034	0.757079
0.0725427	0.496851	0.812371
0.164504	0.491558	0.803717
0.284016	0.503057	0.822518
0.287317	0.478899	0.783019
0.313028	0.492705	0.805593
0.334873	0.508225	0.830969
0.620454	0.563504	0.921352
0.75357	0.553907	0.90566
0.836381	0.577254	0.943834
1.0769	0.641461	1.04882
1.22991	0.684528	1.11923
-0.612472	0.378201	0.614924
-0.582471	0.369028	0.600008
-0.530987	0.395111	0.642418
-0.462911	0.396322	0.644387
-0.368928	0.369666	0.601046
-0.323163	0.401675	0.65309
-0.300274	0.381565	0.620393
-0.274737	0.453951	0.738086
-0.237233	0.42491	0.690868
-0.223832	0.432712	0.703554
-0.0994341	0.443607	0.721268
-0.0913785	0.455301	0.740281
-0.0658246	0.483254	0.78573
-0.051393	0.455768	0.741042
-0.0463597	0.487106	0.791995
0.0600092	0.492929	0.801461
0.111579	0.455696	0.740924
0.241808	0.517094	0.840751
0.319428	0.515161	0.837608
0.379612	0.569172	0.925426
0.352291	0.470329	0.764715
0.453646	0.527238	0.857246
0.496947	0.524008	0.851994
0.564937	0.55139	0.896514
0.586527	0.541478	0.880399
0.623827	0.56371	0.916545
0.711643	0.60163	0.9782
0.700474	0.5669	0.921732
0.852244	0.621868	1.01111
1.07721	0.619157	1.0067
1.23133	0.700659	1.13921
1.21647	0.672029	1.09266
-0.51878	0.388181	0.627649
-0.415772	0.434232	0.702108
-0.298527	0.387232	0.626114
-0.248647	0.425498	0.687986
-0.199082	0.430973	0.696838
-0.161579	0.400309	0.647258
-0.129257	0.441352	0.71362
-0.127387	0.453003	0.732459
-0.100926	0.441235	0.713431
-0.0445455	0.501551	0.810956
0.266919	0.483125	0.781163
0.315852	0.543041	0.87804
0.304406	0.493673	0.798218
0.345866	0.516924	0.835813
0.358625	0.477717	0.772419
0.509304	0.540034	0.873179
0.57322	0.565833	0.914893
0.581184	0.536636	0.867684
0.593127	0.509281	0.823454
0.688606	0.582515	0.941866
0.744014	0.575463	0.930464
0.849159	0.620419	1.00315
0.919711	0.63929	1.03366
0.867673	0.586481	0.948279
0.970076	0.645523	1.04374
1.05768	0.650799	1.05227
1.11896	0.681174	1.10139
1.15579	0.684166	1.10623
1.10002	0.63366	1.02456
1.10069	0.629816	1.01835
1.32087	0.706323	1.14205
-0.592752	0.382574	0.615169
-0.378021	0.389875	0.626908
-0.35396	0.432264	0.695068
-0.298692	0.380953	0.612562
-0.232079	0.366447	0.589237
-0.133491	0.44079	0.708779
-0.0931357	0.483354	0.77722
0.110314	0.444908	0.7154
0.159209	0.46728	0.751374
0.268619	0.483794	0.777928
0.29906	0.501931	0.807091
0.438369	0.544869	0.876134
0.435463	0.526091	0.84594
0.424107	0.501827	0.806924
0.452408	0.524519	0.843412
0.51637	0.583001	0.93745
0.711346	0.573954	0.922903
0.715343	0.561421	0.90275
0.838113	0.602906	0.969457
1.20817	0.67271	1.0817
1.15038	0.636427	1.02336
-0.570502	0.360794	0.576964
-0.585813	0.378764	0.6057
-0.520134	0.381853	0.61064
-0.247672	0.408172	0.652728
-0.117813	0.472597	0.755753
-0.116376	0.477885	0.764209
-0.07496	0.477352	0.763357
0.451733	0.52311	0.836531
0.553174	0.555301	0.888009
0.596128	0.578335	0.924843
0.623022	0.563451	0.901043
0.728318	0.585413	0.936163
0.787245	0.589094	0.942049
1.04465	0.636222	1.01741
1.0671	0.629982	1.00743
1.25944	0.683077	1.09234
-0.556067	0.347264	0.552296
-0.557842	0.352156	0.560076
-0.592476	0.385175	0.61259
-0.507782	0.379652	0.603806
-0.453325	0.387064	0.615594
-0.311514	0.401691	0.638859
-0.231164	0.383057	0.609223
-0.15104	0.468375	0.744913
-0.114848	0.442747	0.704154
-0.111475	0.471433	0.749777
-0.114141	0.534563	0.85018
-0.0986625	0.488302	0.776606
0.00212544	0.483985	0.76974
0.0396001	0.467671	0.743794
0.220796	0.482699	0.767695
0.28067	0.500621	0.796199
0.322756	0.486178	0.773227
0.366292	0.547032	0.870012
0.38575	0.502878	0.799787
0.396095	0.508756	0.809137
0.431976	0.535136	0.851091
0.447548	0.524611	0.834352
0.515787	0.549223	0.873495
0.596505	0.572272	0.910154
0.650922	0.576873	0.917472
0.654	0.57667	0.917148
0.659147	0.558612	0.888428
1.0519	0.641895	1.02088
1.27336	0.692253	1.10097
-0.520689	0.357688	0.565786
-0.487709	0.379657	0.600537
-0.41054	0.422837	0.668839
-0.375649	0.398609	0.630515
-0.346119	0.44221	0.699482
-0.31675	0.508421	0.804214
-0.120446	0.456766	0.722507
-0.0729679	0.453128	0.716753
-0.0030191	0.428894	0.678419
0.0295441	0.440266	0.696407
0.0493185	0.486732	0.769907
0.110734	0.476268	0.753356
0.16367	0.464606	0.734908
0.241542	0.51169	0.809384
0.641895	0.583847	0.923522
0.722254	0.581521	0.919842
0.795778	0.607256	0.960549
0.862894	0.625788	0.989864
0.910339	0.626509	0.991004
0.989972	0.643429	1.01777
1.02894	0.614121	0.971409
-0.502018	0.373042	0.586888
-0.483927	0.372148	0.585482
-0.476935	0.371635	0.584674
-0.459446	0.366099	0.575964
-0.472801	0.38192	0.600854
-0.465529	0.381286	0.599858
-0.46441	0.383938	0.60403
-0.345146	0.366015	0.575832
-0.332585	0.421088	0.662476
-0.342968	0.460704	0.724801
-0.218466	0.474089	0.74586
-0.188956	0.442752	0.696559
-0.130386	0.423812	0.666762
-0.0593916	0.432028	0.679688
0.00723686	0.46126	0.725676
0.0202787	0.460332	0.724216
0.0257317	0.464491	0.730759
0.184402	0.486885	0.765991
0.246809	0.519411	0.817162
0.29052	0.503257	0.791748
0.307977	0.51822	0.815289
0.500358	0.566272	0.890886
0.548273	0.572702	0.901002
0.489709	0.493967	0.777132
0.571077	0.563153	0.885979
0.704505	0.597759	0.940423
0.69096	0.580676	0.913548
0.743436	0.585688	0.921432
0.917911	0.637652	1.00318
0.989197	0.656145	1.03228
0.988198	0.627164	0.986685
1.18512	0.661625	1.0409
-0.525694	0.363622	0.568996
-0.521072	0.364695	0.570675
-0.461475	0.371379	0.581134
-0.462808	0.388321	0.607644
-0.450379	0.383336	0.599845
-0.441365	0.377478	0.590677
-0.399073	0.413063	0.64636
-0.372519	0.474195	0.74202
-0.238914	0.398595	0.623722
-0.237337	0.511525	0.800435
-0.187903	0.442662	0.692678
-0.140596	0.477059	0.746502
0.00723688	0.463751	0.725678
0.129917	0.538423	0.842524
0.177834	0.49429	0.773464
0.298231	0.514349	0.804854
0.387514	0.564048	0.882623
0.574397	0.606825	0.94956
0.529083	0.545936	0.854281
0.573109	0.55883	0.874457
0.623467	0.561589	0.878774
0.65318	0.579517	0.906828
0.741962	0.595668	0.932101
0.92449	0.64064	1.00247
1.001	0.638718	0.999466
1.0644	0.662478	1.03664
1.11958	0.644749	1.0089
1.17825	0.659255	1.0316
-0.543892	0.365396	0.568717
-0.533127	0.362261	0.563838
-0.53437	0.364496	0.567316
-0.516064	0.367483	0.571966
-0.518842	0.370943	0.577352
-0.515195	0.374344	0.582645
-0.504268	0.369417	0.574977
-0.509978	0.378266	0.588749
-0.411408	0.409009	0.636598
-0.408424	0.422545	0.657666
-0.252377	0.407956	0.63496
-0.134732	0.468589	0.729332
-0.0685669	0.448621	0.698253
0.00445918	0.449985	0.700375
0.0226852	0.461139	0.717736
0.0371542	0.480935	0.748547
0.0604775	0.47336	0.736757
0.0953113	0.488509	0.760336
0.106837	0.466988	0.726839
0.195799	0.514848	0.801332
0.211357	0.490602	0.763593
0.237787	0.544854	0.848034
0.278473	0.507548	0.789969
0.463225	0.540314	0.840967
0.514628	0.58871	0.916294
0.700363	0.586545	0.912924
0.694451	0.570862	0.888514
0.787639	0.595287	0.92653
0.95327	0.634368	0.987357
1.2346	0.687977	1.0708
-0.484153	0.380011	0.588322
-0.429686	0.390268	0.604202
-0.423626	0.390706	0.604881
-0.380705	0.412745	0.639001
-0.34658	0.452413	0.700413
-0.32787	0.437554	0.677409
-0.164109	0.457677	0.708563
-0.147356	0.453297	0.701782
-0.148656	0.465288	0.720346
0.0194981	0.449781	0.696338
0.0701662	0.487841	0.755262
0.0843905	0.475913	0.736795
0.196463	0.511803	0.792359
0.206672	0.5088	0.78771
0.248335	0.512724	0.793785
0.290876	0.549857	0.851273
0.378158	0.551809	0.854297
0.406493	0.521009	0.806613
0.425735	0.541796	0.838794
0.581097	0.566471	0.876995
0.717802	0.577232	0.893654
0.750352	0.590161	0.913671
0.766538	0.579974	0.8979
0.90174	0.624263	0.966468
0.915094	0.607676	0.940788
1.04378	0.632201	0.978757
-0.532665	0.372924	0.5743
-0.526958	0.379249	0.584039
-0.52596	0.380049	0.585272
-0.501429	0.375898	0.578879
-0.482564	0.400057	0.616084
-0.43756	0.378426	0.582772
-0.405983	0.401211	0.617861
-0.335422	0.446684	0.68789
-0.248678	0.421569	0.649212
-0.263848	0.455867	0.702031
-0.150478	0.473492	0.729174
-0.131766	0.454299	0.699617
-0.0679427	0.466412	0.71827
-0.054323	0.440004	0.677602
0.0185373	0.579006	0.891663
0.0472713	0.507772	0.781964
0.0600995	0.497269	0.76579
0.0686907	0.480119	0.73938
0.0730267	0.491356	0.756684
0.0883065	0.485364	0.747456
0.121314	0.499197	0.768758
0.125416	0.493524	0.760023
0.164048	0.529784	0.815862
0.173916	0.491187	0.756424
0.204265	0.512591	0.789386
0.28972	0.562452	0.866171
0.292314	0.50733	0.781283
0.4591	0.534228	0.822707
0.535244	0.564476	0.869288
0.581433	0.566726	0.872753
0.573354	0.552867	0.85141
0.662934	0.600653	0.925001
0.679803	0.578125	0.890308
0.741442	0.591445	0.91082
0.774796	0.5969	0.91922
0.896572	0.621582	0.957231
-0.569832	0.378955	0.58052
-0.543824	0.376888	0.577353
-0.495546	0.40189	0.615654
-0.415615	0.36485	0.558912
-0.435927	0.394148	0.603793
-0.419165	0.3907	0.598512
-0.40421	0.38068	0.583162
-0.415439	0.397458	0.608864
-0.401577	0.390385	0.59803
-0.397838	0.408696	0.626079
-0.405016	0.420845	0.644691
-0.403563	0.426682	0.653633
-0.279801	0.432094	0.661923
-0.263334	0.417344	0.639328
-0.199942	0.405655	0.621422
-0.206055	0.483012	0.739924
-0.200911	0.483472	0.740629
0.0145496	0.552714	0.846699
0.0263156	0.54351	0.832601
0.183617	0.490553	0.751476
0.196997	0.511213	0.783125
0.268321	0.486919	0.745909
0.30889	0.514157	0.787635
0.340399	0.506112	0.775311
0.39459	0.511128	0.782994
0.421319	0.534283	0.818465
0.475993	0.54971	0.842098
0.470902	0.536979	0.822595
0.772554	0.600889	0.920499
0.777596	0.584713	0.89572
0.905009	0.625927	0.958855
1.00907	0.64379	0.986219
1.03797	0.650764	0.996902
1.03602	0.634171	0.971483
1.07698	0.627419	0.961141
1.15236	0.660703	1.01213
-0.545201	0.357908	0.54541
-0.57652	0.379838	0.578829
-0.484594	0.378135	0.576234
-0.500502	0.402633	0.613565
-0.430391	0.383527	0.58445
-0.392587	0.396424	0.604104
-0.337876	0.441644	0.673014
-0.287583	0.428185	0.652505
-0.177776	0.454198	0.692146
-0.112763	0.43448	0.662098
0.0808596	0.478327	0.728915
0.249578	0.523504	0.797759
0.298734	0.514044	0.783343
0.347575	0.515267	0.785208
0.40549	0.555847	0.847046
0.41745	0.528457	0.805308
0.522762	0.544388	0.829585
0.588628	0.567516	0.864829
0.692743	0.587041	0.894583
0.682935	0.563001	0.857948
0.747612	0.572253	0.872047
0.816358	0.590127	0.899285
0.944884	0.647054	0.986036
0.889695	0.593625	0.904616
0.951207	0.627763	0.956638
1.00412	0.637262	0.971113
1.02736	0.630045	0.960115
1.11499	0.650882	0.991868
1.15226	0.659939	1.00567
-0.547718	0.379223	0.574886
-0.508581	0.382527	0.579894
-0.501282	0.405369	0.614522
-0.472989	0.387629	0.587629
-0.454848	0.41558	0.630001
-0.436139	0.406609	0.616401
-0.440869	0.413124	0.626278
-0.412093	0.400519	0.607169
-0.393894	0.389031	0.589755
-0.401359	0.416648	0.631621
-0.340091	0.443677	0.672595
-0.293458	0.421957	0.639669
-0.255707	0.424377	0.643337
-0.249244	0.45492	0.689638
-0.174188	0.407332	0.617498
-0.13851	0.366004	0.554846
0.0264241	0.551489	0.836033
0.0646055	0.519174	0.787046
0.0727091	0.479077	0.726259
0.086216	0.49654	0.752733
0.109951	0.439525	0.666301
0.153922	0.523747	0.793978
0.200192	0.548554	0.831584
0.30944	0.520487	0.789036
0.415647	0.540199	0.818918
0.477558	0.553783	0.83951
0.591075	0.575907	0.87305
0.593736	0.575436	0.872336
0.687316	0.569575	0.863451
0.733997	0.584434	0.885976
0.759677	0.582081	0.882409
0.773859	0.588021	0.891415
0.801386	0.601444	0.911764
0.943312	0.628086	0.952151
1.01608	0.648226	0.982683
0.996357	0.629063	0.953633
1.14985	0.653774	0.991093
-0.570361	0.37971	0.572645
-0.508517	0.382894	0.577447
-0.507146	0.38822	0.585478
-0.411597	0.415358	0.626406
-0.238461	0.412794	0.622539
-0.250653	0.438022	0.660586
-0.217082	0.447375	0.674691
-0.181516	0.41604	0.627434
-0.14148	0.370447	0.558676
0.0665621	0.494259	0.745398
0.153776	0.489549	0.738294
0.160607	0.494189	0.745291
0.208868	0.527866	0.796081
0.255975	0.524406	0.790862
0.365763	0.526459	0.793958
0.529308	0.560175	0.844806
0.525824	0.547044	0.825003
0.928294	0.642342	0.968723
0.919029	0.631181	0.951891
0.926875	0.618102	0.932167
1.09379	0.689411	1.03971
1.08759	0.662786	0.999556
1.14212	0.678046	1.02257
-0.576965	0.381947	0.573052
-0.572178	0.387095	0.580777
-0.48714	0.386085	0.579262
-0.384875	0.410684	0.616168
-0.345986	0.414666	0.622143
-0.34819	0.420032	0.630194
-0.337078	0.423197	0.634942
-0.318477	0.435325	0.653139
-0.318182	0.444789	0.667337
-0.286048	0.422219	0.633475
-0.281798	0.429669	0.644652
-0.233889	0.435681	0.653673
-0.205904	0.441374	0.662215
-0.203038	0.450917	0.676532
0.156817	0.549365	0.824238
0.285316	0.568539	0.853006
0.311888	0.520493	0.780919
0.330338	0.509856	0.764961
0.364827	0.504154	0.756406
0.425621	0.543474	0.815399
0.431056	0.542913	0.814558
0.601776	0.574089	0.861332
0.642622	0.577303	0.866154
0.63556	0.568198	0.852493
0.701779	0.584961	0.877644
0.847978	0.608108	0.912373
0.963744	0.677976	1.0172
0.962261	0.633534	0.950521
1.0071	0.633713	0.95079
1.06503	0.648102	0.972378
1.13713	0.667795	1.00192
-0.540412	0.362185	0.540619
-0.590118	0.399824	0.596802
-0.512399	0.393029	0.586659
-0.387526	0.413256	0.616852
-0.352932	0.409249	0.61087
-0.348268	0.41418	0.618231
-0.334009	0.421503	0.629162
-0.323382	0.422439	0.630558
-0.294564	0.423501	0.632143
-0.284294	0.439331	0.655772
-0.313336	0.53297	0.795544
-0.238237	0.446067	0.665827
-0.136679	0.49567	0.739867
-0.103154	0.405771	0.605678
0.0175918	0.483109	0.721118
0.0646448	0.484991	0.723927
0.133043	0.506907	0.75664
0.145388	0.532119	0.794273
0.145571	0.485021	0.723972
0.189652	0.505089	0.753927
0.32915	0.514938	0.768627
0.376033	0.522315	0.779639
0.424516	0.541116	0.807702
0.576308	0.561314	0.837852
0.6047	0.576871	0.861073
0.628904	0.567889	0.847665
0.750076	0.598739	0.893715
0.849712	0.614875	0.9178
0.879598	0.62915	0.939108
0.906592	0.604261	0.901956
0.993768	0.652995	0.9747
1.13778	0.669494	0.999327
-0.487991	0.38742	0.57534
-0.377511	0.402329	0.59748
-0.364178	0.409133	0.607585
-0.29544	0.407994	0.605894
-0.24272	0.42669	0.633657
-0.212611	0.450007	0.668284
-0.189452	0.483122	0.717463
-0.130258	0.456967	0.67862
-0.0739152	0.506862	0.752717
-0.0546319	0.480486	0.713548
0.0123864	0.48538	0.720815
0.300611	0.511457	0.759541
0.364062	0.558368	0.829206
0.335124	0.501627	0.744944
0.378248	0.552883	0.821061
0.465836	0.541141	0.803623
0.445905	0.514785	0.764484
0.511037	0.539915	0.801803
0.525603	0.546036	0.810894
0.585134	0.569842	0.846247
0.646062	0.577944	0.858279
0.703034	0.594724	0.883197
1.03174	0.649273	0.964205
-0.506606	0.387764	0.572931
-0.567807	0.447379	0.661013
-0.33919	0.415496	0.613905
-0.319272	0.424326	0.626951
-0.29659	0.408648	0.603787
-0.25158	0.448743	0.663028
-0.140555	0.460966	0.681089
-0.0889632	0.460861	0.680934
-0.076534	0.459941	0.679575
0.0719738	0.486567	0.718915
0.0764232	0.481933	0.712067
0.196495	0.493319	0.728891
0.264559	0.541153	0.799566
0.267188	0.52923	0.78195
0.376003	0.548113	0.80985
0.411521	0.526316	0.777644
0.449427	0.56328	0.832261
0.442625	0.540325	0.798343
0.489066	0.553797	0.818249
0.498058	0.544279	0.804185
0.494245	0.533895	0.788843
0.593605	0.56341	0.832452
0.598845	0.557116	0.823152
0.650563	0.582148	0.860137
0.724017	0.601962	0.889413
0.723187	0.578221	0.854336
0.730966	0.579504	0.856232
0.800302	0.606305	0.89583
1.03377	0.656075	0.969366
-0.507168	0.390163	0.573567
-0.356118	0.421922	0.620255
-0.343365	0.420001	0.617431
-0.361558	0.463281	0.681056
-0.316894	0.429381	0.63122
-0.183118	0.484974	0.712946
-0.117023	0.477512	0.701977
-0.0955944	0.459666	0.675742
-0.0847055	0.480841	0.70687
-0.00304001	0.464683	0.683116
0.136269	0.478152	0.702917
0.202952	0.512114	0.752843
0.249268	0.51246	0.753353
0.269358	0.530634	0.78007
0.334381	0.531161	0.780843
0.341244	0.537535	0.790214
0.377966	0.537083	0.789549
0.418719	0.534594	0.785891
0.429563	0.533983	0.784993
0.485985	0.549782	0.808219
0.496577	0.533001	0.783548
0.550522	0.580985	0.854089
0.541378	0.568157	0.835231
0.703193	0.699088	1.02771
0.586855	0.571385	0.839976
0.632614	0.580017	0.852666
0.717111	0.596601	0.877045
0.847691	0.608616	0.894709
0.90189	0.642638	0.944724
0.963772	0.640751	0.941949
1.02367	0.67818	0.996973
1.08183	0.667492	0.98126
1.18309	0.702405	1.03258
-0.701441	0.478014	0.699187
-0.357676	0.391487	0.572624
-0.375253	0.420432	0.614963
-0.369329	0.423813	0.619907
-0.353763	0.418618	0.612309
-0.360784	0.461487	0.675013
-0.317442	0.423175	0.618975
-0.239263	0.415315	0.607477
-0.239919	0.467849	0.684319
-0.224398	0.456356	0.667507
-0.215133	0.452061	0.661225
-0.197903	0.450828	0.659422
-0.144183	0.477661	0.698671
-0.100638	0.451812	0.660861
-0.0255186	0.472785	0.691538
-0.0227982	0.468123	0.684719
-0.0109223	0.489105	0.71541
-0.000602606	0.487857	0.713584
0.00985309	0.49611	0.725656
0.0186917	0.456376	0.667538
0.0651729	0.479605	0.701515
0.366977	0.532114	0.778319
0.461344	0.557999	0.816181
0.560537	0.566041	0.827944
0.72923	0.604413	0.88407
0.823204	0.624936	0.914088
1.01313	0.645137	0.943636
-0.477277	0.38177	0.555622
-0.45987	0.416837	0.606659
-0.443345	0.409653	0.596203
-0.314157	0.436233	0.634888
-0.240394	0.43949	0.639627
-0.231552	0.440218	0.640687
-0.223442	0.488105	0.710381
-0.190968	0.453561	0.660107
-0.180024	0.450003	0.654927
-0.163121	0.491579	0.715437
-0.13825	0.494891	0.720257
-0.0562869	0.482414	0.702099
-0.0408455	0.479456	0.697793
0.0683419	0.486566	0.708142
0.130595	0.480748	0.699674
0.193873	0.507721	0.73893
0.259229	0.526834	0.766747
0.368762	0.521437	0.758892
0.428962	0.531611	0.773699
0.635473	0.580059	0.84421
0.800896	0.603799	0.878761
0.934202	0.667338	0.971234
0.983883	0.644815	0.938455
1.07992	0.681957	0.992511
1.07075	0.660837	0.961773
-0.51207	0.408219	0.591163
-0.451944	0.40975	0.593381
-0.433672	0.395054	0.572099
-0.259594	0.410079	0.593857
-0.22664	0.424559	0.614827
-0.205858	0.418367	0.605859
-0.222096	0.46621	0.675143
-0.20688	0.439082	0.635858
-0.176778	0.449998	0.651666
-0.167356	0.456342	0.660853
-0.16229	0.448921	0.650106
-0.0979771	0.455056	0.658991
-0.087732	0.451247	0.653475
-0.0893379	0.472189	0.683802
-0.0794862	0.487371	0.705788
-0.0600944	0.474901	0.68773
-0.0396587	0.467849	0.677517
0.0746759	0.480465	0.695787
0.267882	0.541365	0.78398
0.482239	0.553801	0.801989
0.556382	0.627656	0.908942
0.556943	0.580423	0.840542
0.599468	0.583465	0.844946
0.677929	0.5881	0.851659
0.788343	0.62448	0.904343
1.06971	0.661347	0.957732
-0.512659	0.403993	0.582151
-0.507053	0.404544	0.582945
-0.265373	0.443227	0.638687
-0.238008	0.461617	0.665187
-0.181693	0.452774	0.652443
-0.102435	0.456009	0.657106
-0.0702323	0.496333	0.715213
-0.0108235	0.49198	0.708939
-0.00572503	0.493182	0.710671
-0.000597913	0.491347	0.708026
0.00749325	0.521436	0.751385
0.43008	0.545414	0.785938
0.718347	0.612389	0.882448
0.706889	0.58702	0.845892
0.766626	0.607781	0.875808
0.799629	0.604086	0.870483
0.903946	0.652175	0.939779
1.10945	0.684908	0.986947
-0.50865	0.396325	0.568291
-0.397837	0.434161	0.622545
-0.378011	0.419628	0.601705
-0.302877	0.414783	0.594758
-0.117315	0.490778	0.703727
-0.0213654	0.501861	0.719619
0.0174327	0.498357	0.714595
0.0663169	0.461964	0.662411
0.11487	0.496312	0.711662
0.134642	0.49354	0.707687
0.14281	0.513743	0.736656
0.24892	0.50274	0.720879
0.313661	0.533264	0.764649
0.33709	0.558372	0.80065
0.377053	0.537162	0.770238
0.523847	0.589877	0.845825
0.601696	0.582572	0.835351
0.658133	0.592711	0.849889
0.74051	0.62336	0.893837
1.00299	0.640743	0.918762
1.03453	0.654409	0.938359
1.0854	0.66484	0.953316
-0.362824	0.411842	0.587649
-0.0564049	0.516305	0.736706
-0.0355283	0.485139	0.692235
0.0197196	0.493558	0.704248
0.076266	0.481824	0.687506
0.319176	0.540559	0.771313
0.324668	0.540442	0.771146
0.478246	0.547554	0.781294
0.519459	0.584412	0.833885
0.555941	0.578571	0.825552
0.650121	0.585648	0.83565
0.70644	0.597607	0.852713
0.731985	0.616533	0.879719
0.721516	0.599916	0.856009
0.766258	0.606009	0.864702
0.798282	0.609033	0.869017
0.815544	0.614961	0.877476
0.853473	0.617222	0.880702
1.00771	0.644796	0.920047
1.01941	0.643806	0.918634
-0.508617	0.398593	0.565973
-0.482367	0.382627	0.543303
-0.323871	0.423888	0.60189
-0.279586	0.386654	0.549021
-0.250466	0.464877	0.660092
-0.171866	0.452202	0.642093
-0.102203	0.422624	0.600095
0.00996	0.516597	0.73353
0.0243307	0.486625	0.690973
0.361171	0.523456	0.743269
0.402313	0.570387	0.809909
0.513599	0.577307	0.819734
0.856509	0.620143	0.880558
1.03672	0.682328	0.968856
1.04814	0.64629	0.917685
-0.526445	0.428323	0.605239
-0.345345	0.389026	0.54971
-0.291793	0.402652	0.568964
-0.25127	0.464231	0.655978
-0.199296	0.499988	0.706504
-0.138904	0.542715	0.76688
-0.0581194	0.470706	0.665128
0.0705479	0.481355	0.680175
0.14633	0.505948	0.714926
0.180367	0.546599	0.772367
0.173189	0.516866	0.730353
0.194246	0.503196	0.711037
0.220478	0.529239	0.747837
0.271756	0.534633	0.755459
0.428982	0.544029	0.768736
0.623967	0.592299	0.836943
0.682956	0.604444	0.854105
0.838383	0.63103	0.891672
0.882337	0.630275	0.890605
0.985605	0.67458	0.95321
1.02588	0.645845	0.912606
1.08763	0.66968	0.946287
-0.501337	0.395132	0.555644
-0.407161	0.468958	0.65946
-0.111948	0.439517	0.618059
-0.101108	0.413416	0.581356
0.0264409	0.484383	0.681151
0.0291016	0.487814	0.685975
0.0496806	0.495715	0.697086
0.08615	0.518553	0.729202
0.146427	0.527316	0.741524
0.169598	0.532912	0.749393
0.17613	0.520282	0.731633
0.188508	0.532901	0.749377
0.195868	0.516679	0.726565
0.21496	0.512231	0.720312
0.265824	0.530819	0.74645
0.425691	0.542473	0.762839
0.47216	0.539002	0.757957
0.601665	0.582347	0.81891
0.664979	0.599498	0.843028
0.724172	0.610969	0.859159
0.848839	0.616012	0.86625
0.871236	0.625363	0.879399
0.966233	0.662219	0.931227
0.994096	0.651866	0.916669
-0.491971	0.402489	0.563271
-0.434759	0.409822	0.573533
-0.307647	0.425653	0.595689
-0.316058	0.446644	0.625065
-0.226515	0.418613	0.585836
-0.227532	0.463739	0.648989
-0.180476	0.451395	0.631714
-0.139822	0.492746	0.689583
-0.112561	0.528171	0.739159
-0.0602891	0.473477	0.662617
0.0513306	0.46736	0.654057
0.0945956	0.496389	0.694681
0.148651	0.518956	0.726263
0.213296	0.536655	0.751032
0.297859	0.528142	0.739119
0.308249	0.527681	0.738473
0.329332	0.544943	0.762631
0.447582	0.562224	0.786815
0.506148	0.577248	0.807842
0.553243	0.57776	0.808558
0.824154	0.609962	0.853624
0.868585	0.602354	0.842976
-0.445966	0.414518	0.577333
-0.437793	0.4127	0.574801
-0.386902	0.429844	0.598678
-0.437326	0.502692	0.70014
-0.311452	0.448648	0.624868
-0.172223	0.455833	0.634875
-0.0621438	0.510621	0.711184
-0.0404566	0.467443	0.651045
0.0368765	0.497306	0.692638
0.0613972	0.493659	0.687559
0.0676244	0.503099	0.700707
0.104299	0.509463	0.709571
0.110295	0.51356	0.715277
0.118784	0.51683	0.719831
0.133461	0.534017	0.743769
0.13268	0.520433	0.724849
0.160321	0.516861	0.719874
0.266104	0.547595	0.76268
0.274126	0.536387	0.74707
0.306049	0.581704	0.810186
0.304969	0.553247	0.770551
0.306266	0.522292	0.727438
0.380096	0.570082	0.793999
0.3752	0.546281	0.760849
0.387762	0.540843	0.753276
0.387143	0.521708	0.726625
0.443106	0.555752	0.774041
0.507806	0.568827	0.792252
0.542579	0.563407	0.784702
0.562379	0.574972	0.80081
0.663172	0.590151	0.821951
0.789842	0.617347	0.85983
0.85123	0.657585	0.915872
0.913813	0.648102	0.902664
0.951217	0.672236	0.936277
0.988783	0.650316	0.905747
1.03394	0.660382	0.919767
-0.452759	0.422844	0.586127
-0.39876	0.442665	0.613603
-0.190084	0.486127	0.673848
-0.110196	0.522037	0.723625
